old_spec	old_req_name	req_hash	scen_n	disposition	target_path	new_req_name	merge_group	rewrite_flags	confidence	origin_change	rationale	resolved_to
admin-area-normalization	Admin Area Normalization Function	745ee09a	4	KEEP	components/entity/venue	Admin Area Normalization Function			high	2026-02-28-normalize-admin-area	Normalizes free-text area names into venue.admin_area before persistence — an invariant of Venue.admin_area	
admin-area-normalization	Country Code Extraction	8075e718	2	KEEP	components/entity/user	Country Code Extraction			high	2026-02-28-normalize-admin-area	user.proto's Home message documents country_code as always derivable from the level_1 prefix — an invariant of User.home	
admin-area-normalization	Normalization in Concert Discovery Pipeline	9aaeab40	3	KEEP	components/usecase/concert/create-from-discovered	Normalization in Concert Discovery Pipeline		CLASSNAME	medium	2026-02-28-normalize-admin-area	Gemini concert-searcher output is normalized before persisting venue data inside ConcertCreationUseCase.CreateFromDiscovered	
admin-area-normalization	Existing Data Migration	4ceec4f1	2	DROP:historic				HISTORIC	medium	2026-02-28-normalize-admin-area	One-time backfill of legacy venues.admin_area free text to ISO codes; already executed, no ongoing product behavior beyond the normalization function itself	
admin-concert-management	Admin concert operations are served by a single ConcertService	2f0bf05a	2	OUT:design-doc					medium	2026-06-22-admin-console-concert-management	admin ConcertService naming/package convention is API-surface design, not an observed behavior	openspec/changes/archive/2026-06-22-admin-console-concert-management/design.md (Decisions §D1)
admin-concert-management	Admin lists every published concert	ff97963a	2	KEEP	components/usecase/concert/list	Admin lists every published concert			high	2026-06-22-admin-console-concert-management	AdminConcertUseCase.List response behavior for one operation	
admin-concert-management	Admin hard-deletes a published concert	1696ac6d	5	KEEP	components/usecase/concert/delete	Admin hard-deletes a published concert			high	2026-06-22-admin-console-concert-management	AdminConcertUseCase.Delete response behavior for one operation	
admin-concert-management	Admin console presents approved concerts grouped by artist and series	d669c04f	3	KEEP	components/infrastructure/ui/admin/route/approved-concerts	Admin console presents approved concerts grouped by artist and series			high	2026-06-22-admin-console-concert-management	[Pass 2 vocab-extension] admin console UI grouping/delete-confirmation screen has no route/global surface yet in vocabulary (admin frontend not catalogued)	
admin-concert-management	Approve resolves duplicate-event conflicts via a resolution selector	f6d1c9b8	4	KEEP	components/usecase/concert/approve	Approve resolves duplicate-event conflicts via a resolution selector			high	2026-07-27-fix-concert-approval-dedup	AdminConcertUseCase.Approve response behavior for one operation	
admin-console	Bundle isolation from the consumer SPA	f023d8fb	2	OUT:design-doc					high	2026-06-06-add-admin-console	[re-audit] Vite/Rollup chunk-graph separation is a bundler technology decision; the requirement is entirely about build output shape, not observable product behavior	openspec/changes/archive/2026-06-06-add-admin-console/design.md (already-covered)
admin-console	Authentication via the admin org with Google Workspace IDP	60bc3dd8	3	KEEP	stories/sign-in-to-admin-console	Sign in to the admin console	ADMIN-CONSOLE-AUTH		medium	2026-06-06-add-admin-console	Internal developer actor completes Google Workspace sign-in via Zitadel OIDC, spanning external IDP redirect + callback; story proposal since no admin route exists in vocabulary	
admin-console	Authenticated route guard	94b1ecad	2	KEEP	stories/sign-in-to-admin-console	Sign in to the admin console	ADMIN-CONSOLE-AUTH		medium	2026-06-06-add-admin-console	Unauthenticated visitor is redirected into the sign-in flow before any admin content renders — same multi-screen journey as the auth requirement	
admin-console	Post-login welcome placeholder	68a19ed1	1	KEEP	stories/sign-in-to-admin-console	Sign in to the admin console	ADMIN-CONSOLE-AUTH		medium	2026-06-06-add-admin-console	Authenticated developer lands on the welcome page, completing the sign-in journey	
admin-console	Dedicated source directory with an enforced import boundary	b5f8099e	2	OUT:lint					high	2026-06-06-add-admin-console	[re-audit] Automated lint/CI import-boundary check between src/ and admin/; a code organization rule, not product behavior	openspec/changes/archive/2026-06-06-add-admin-console/design.md (already-covered)
admin-console-hosting	Dedicated container image and Kubernetes workload	0dda3f5e	2	OUT:runbook					high	2026-06-06-add-admin-console	Separate Deployment/Service for the admin console; hosting/deploy infra, ops-only	openspec/changes/archive/2026-06-06-add-admin-console/design.md (already-covered)
admin-console-hosting	Dedicated hostname on the shared external gateway	f962861e	2	OUT:runbook					high	2026-06-06-add-admin-console	HTTPRoute for admin.{env-base-domain}; hosting/deploy infra, ops-only	openspec/changes/archive/2026-06-06-add-admin-console/design.md (already-covered)
admin-console-hosting	Per-host runtime config delivery	3b00a6af	2	OUT:runbook					high	2026-06-06-add-admin-console	Admin-pod /config.json ConfigMap delivery; hosting/deploy infra, ops-only	openspec/changes/archive/2026-06-06-add-admin-console/design.md (already-covered)
admin-console-hosting	Admin-org OIDC application provisioning	feb5e79f	2	OUT:runbook					high	2026-06-06-add-admin-console	Zitadel ApplicationOidc for the admin console; ops-only IaC	openspec/changes/archive/2026-06-06-add-admin-console/design.md (already-covered)
admin-console-hosting	TLS certificate and DNS for the admin hostname	8cd5c8c9	1	OUT:runbook					high	2026-06-06-add-admin-console	Gateway certmap + Cloud DNS for the admin hostname; ops-only	openspec/changes/archive/2026-06-06-add-admin-console/design.md (already-covered)
admin-console-hosting	GitOps delivery for the admin image	96c359ed	1	OUT:runbook					high	2026-06-06-add-admin-console	ArgoCD image-updater tracking for the admin image; ops-only	openspec/changes/archive/2026-06-06-add-admin-console/design.md (already-covered)
admin-rpc-server	Dedicated admin Connect server	80883ae5	3	OUT:design-doc					high	2026-06-19-split-admin-rpc-server	[re-audit] server/port topology (admin vs consumer Connect server) is deployment architecture, not an API contract or UI/entity behavior	openspec/changes/archive/2026-06-19-split-admin-rpc-server/design.md (Decisions Decision 1)
admin-rpc-server	Boundary-level admin authorization	6ed0b179	4	OUT:design-doc					medium	2026-06-19-split-admin-rpc-server	boundary-vs-per-method authorization architecture; PERMISSION_DENIED outcome is a standard RPC pattern, not a distinctive product contract	openspec/changes/archive/2026-06-19-split-admin-rpc-server/design.md (already-covered (Decision 2))
admin-rpc-server	Admin-only CORS allowlist	8b4a9ff3	2	OUT:design-doc					high	2026-06-19-split-admin-rpc-server	CORS is a cross-cutting concern per tie-break rule (telemetry/cors -> OUT)	openspec/changes/archive/2026-06-19-split-admin-rpc-server/design.md (already-covered (Decision 3))
admin-rpc-server	Shared server construction to prevent interceptor drift	6ef2c816	1	OUT:design-doc					high	2026-06-19-split-admin-rpc-server	[re-audit] internal factory pattern ensuring identical interceptor chains; implementation architecture, not product behavior	openspec/changes/archive/2026-06-19-split-admin-rpc-server/design.md (already-covered (Decisions 2/3))
admin-rpc-server	Dedicated admin API ingress host	67f580ba	3	OUT:design-doc					high	2026-06-19-split-admin-rpc-server	[re-audit] hostname/DNS/certificate/Kubernetes Service ingress topology is infra provisioning	openspec/changes/archive/2026-06-19-split-admin-rpc-server/design.md (already-covered (Decision 4))
admin-rpc-server	Admin console resolves the admin API host from runtime config	7e9236b3	2	OUT:design-doc					medium	2026-06-19-split-admin-rpc-server	admin console runtime-config wiring; admin console has no vocabulary entry yet, implementation-level host resolution	openspec/changes/archive/2026-06-19-split-admin-rpc-server/design.md (already-covered (Decision 5))
analytics-consent	Analytics operates under an EU-adequacy opt-out model, not a consent gate	a5e344dc	2	OUT:design-doc					medium	2026-06-26-introduce-analytics-tool	Telemetry/legal policy statement (PostHog identify() call, privacy-policy content) with no single UI surface; tie-break routes telemetry to OUT	openspec/changes/archive/2026-06-26-introduce-analytics-tool/design.md (already-covered)
analytics-consent	Settings exposes Analytics and Session-replay opt-out toggles	761038a1	2	KEEP	components/infrastructure/ui/fan/route/settings	Settings exposes Analytics and Session-replay opt-out toggles			high	2026-06-26-introduce-analytics-tool	Settings route renders the Analytics/Session-replay toggles the user controls	
analytics-consent	Full non-PII catalogue is captured anonymously before identification	36d1c3a2	2	OUT:design-doc					medium	2026-06-26-introduce-analytics-tool	Anonymous PostHog capture policy; no user-observed UI surface - telemetry tie-break routes to OUT	openspec/changes/archive/2026-06-26-introduce-analytics-tool/design.md (already-covered)
analytics-consent	Anonymous behaviour is merged into the identified profile on login	e594ef14	1	OUT:design-doc					high	2026-06-26-introduce-analytics-tool	[re-audit] posthog.identify()/reset() call semantics govern internal analytics-platform profile linkage; affects only internal funnels/dashboards, not anything a user sees or an API contract	openspec/changes/archive/2026-06-26-introduce-analytics-tool/design.md (already-covered)
analytics-consent	Sensitive personal information is structurally excluded; minor-user legality is deferred to legal review	2b9ede9e	2	OUT:design-doc					medium	2026-06-26-introduce-analytics-tool	Event-property allowlist/redaction is an engineering safeguard with no user-facing surface; also flags an open legal question, not a testable product behavior	openspec/changes/archive/2026-06-26-introduce-analytics-tool/design.md (Decisions §7)
analytics-consent	Analytics opt-out state is persisted and user-controllable from settings	665f7b22	2	KEEP	components/infrastructure/ui/fan/route/settings	Analytics opt-out state is persisted and user-controllable from settings			high	2026-06-26-introduce-analytics-tool	Settings route is where the user toggles and observes opt-out state	
apex-frontend-serving	Apex hostname SHALL be served end-to-end via the GKE Gateway with a Google-managed TLS certificate	9f433aff	4	OUT:runbook					high	2026-05-15-consolidate-public-dns-on-cloudflare	[re-audit] GKE Gateway/Certificate Manager provisioning for the apex domain; deployment infrastructure, not product behavior	openspec/changes/archive/2026-05-15-consolidate-public-dns-on-cloudflare/design.md (Decisions §D8)
apex-frontend-serving	Apex serving SHALL route to the `fan-web-app` frontend Service via HTTPRoute hostname matching	0d819884	2	OUT:runbook					high		[re-audit] Kubernetes HTTPRoute wiring between Gateway and Service; deployment mechanics, not product behavior	git-history (untraced)
apex-frontend-serving	Apex serving SHALL NOT use Cloudflare Proxy on initial deploy	b0b9e01f	2	OUT:runbook					high	2026-05-15-consolidate-public-dns-on-cloudflare	[re-audit] Cloudflare DNS-proxy on/off decision for TLS/streaming compatibility; deployment configuration choice	openspec/changes/archive/2026-05-15-consolidate-public-dns-on-cloudflare/design.md (already-covered)
apex-frontend-serving	Apex serving prod-stack resources SHALL be `protect: true`	53db766c	3	OUT:runbook					high	2026-05-15-consolidate-public-dns-on-cloudflare	[re-audit] Pulumi resource-protection flag to prevent accidental destroy; operational safeguard, not product behavior	openspec/changes/archive/2026-05-15-consolidate-public-dns-on-cloudflare/design.md (already-covered)
api-rate-limiting	Per-user rate limiting for authenticated endpoints	76b81e6a	3	KEEP	components/infrastructure/server/rate-limiting	Per-user rate limiting for authenticated endpoints			high	2026-03-29-refine-backend	[Pass 2: bound to code layer] API rate limit is part of the API contract; implemented as a Connect interceptor in infrastructure/server	
api-rate-limiting	Per-IP rate limiting for unauthenticated endpoints	ca47e3fa	3	KEEP	components/infrastructure/server/rate-limiting	Per-IP rate limiting for unauthenticated endpoints			high	2026-03-29-refine-backend	[Pass 2: bound to code layer] API rate limit is part of the API contract; implemented as a Connect interceptor in infrastructure/server	
api-rate-limiting	Rate limiter interceptor placement	4c374345	2	KEEP	components/infrastructure/server/rate-limiting	Rate limiter interceptor placement			high	2026-03-29-refine-backend	[Pass 2: bound to code layer] API rate limit is part of the API contract; implemented as a Connect interceptor in infrastructure/server	
api-rate-limiting	Rate limiter memory management	40b39f09	2	KEEP	components/infrastructure/server/rate-limiting	Rate limiter memory management			high	2026-03-29-refine-backend	[Pass 2: bound to code layer] API rate limit is part of the API contract; implemented as a Connect interceptor in infrastructure/server	
api-rate-limiting	Rate limit configuration via environment variables	b5587895	2	KEEP	components/infrastructure/server/rate-limiting	Rate limit configuration via environment variables			high	2026-03-29-refine-backend	[Pass 2: bound to code layer] API rate limit is part of the API contract; implemented as a Connect interceptor in infrastructure/server	
app-error-log-alerting	Error log detection per workload	44ed9f65	5	OUT:runbook					high	2026-03-03-monitoring-app-error-log	Cloud Monitoring Log-Based Alert Policy per workload; on-call engineer is the actor, not a product user	openspec/changes/archive/2026-03-03-monitoring-app-error-log/design.md (Decision 2)
app-error-log-alerting	Discovery CronJob failure observability	3a9ab993	3	OUT:runbook					high	2026-07-28-add-discovery-job-error-alerting	CronJob handled-failure alerting coverage; ops-only, no product user	openspec/changes/archive/2026-07-28-add-discovery-job-error-alerting/design.md (already-covered)
app-error-log-alerting	Atlas Operator migration failure detection	a8b1c33d	3	OUT:runbook					high	2026-03-05-add-atlas-migration-alert	Atlas Operator migration-failure Alert Policy; ops-only	openspec/changes/archive/2026-03-05-add-atlas-migration-alert/design.md (already-covered)
app-error-log-alerting	Atlas migration alert uses same notification and rate limiting as backend alerts	52ea89d3	1	OUT:runbook					high	2026-03-05-add-atlas-migration-alert	Shared alert-policy configuration reuse; ops-only	openspec/changes/archive/2026-03-05-add-atlas-migration-alert/design.md (Risks / Trade-offs)
app-error-log-alerting	Notification via Slack	7de83f42	2	OUT:runbook					high		Slack notification channel for on-call incidents; ops-only	git-history (untraced)
app-error-log-alerting	Notification via Google Chat	d483f768	4	OUT:runbook					high	2026-03-16-google-chat-alert	Google Chat notification channel for on-call incidents; ops-only	openspec/changes/archive/2026-03-16-google-chat-alert/design.md (already-covered)
app-error-log-alerting	Notification rate limiting	4df5fc3d	1	OUT:runbook					high	2026-03-03-monitoring-app-error-log	notificationRateLimit on Alert Policies; ops-only	openspec/changes/archive/2026-03-03-monitoring-app-error-log/design.md (already-covered)
app-error-log-alerting	Incident auto-close	c258832f	2	OUT:runbook					high	2026-03-03-monitoring-app-error-log	Cloud Monitoring Incident autoClose lifecycle; ops-only	openspec/changes/archive/2026-03-03-monitoring-app-error-log/design.md (already-covered)
app-error-log-alerting	Error context in alert labels	53e773a5	1	OUT:runbook					high	2026-03-03-monitoring-app-error-log	labelExtractors on alert notifications; ops-only	openspec/changes/archive/2026-03-03-monitoring-app-error-log/design.md (already-covered)
app-error-log-alerting	Error Reporting API enabled	40ef64b9	1	OUT:runbook					high	2026-03-03-monitoring-app-error-log	clouderrorreporting.googleapis.com API enablement; ops-only	openspec/changes/archive/2026-03-03-monitoring-app-error-log/design.md (already-covered)
app-error-log-alerting	Infrastructure as Code	42542b7b	1	OUT:runbook					high	2026-03-03-monitoring-app-error-log	Pulumi monitoring.ts resource management statement; ops-only	openspec/changes/archive/2026-03-03-monitoring-app-error-log/design.md (already-covered)
app-error-log-alerting	Gemini client-cancelled errors classified as client error	a27e5d84	2	OUT:lint					high	2026-03-26-fix-error-log-noise	[re-audit-2] Still OUT:lint under corrected criterion: Error-classification convention in the Gemini infra layer's error handling interceptor (infra/ops/lint mechanics, not what the product does)	openspec/changes/archive/2026-03-26-fix-error-log-noise/design.md (already-covered)
app-error-log-alerting	Infrastructure layer preserves original error types	f4d19ca0	3	OUT:lint					high	2026-03-26-fix-error-log-noise	[re-audit-2] Still OUT:lint under corrected criterion: rdb.toAppErr error-wrapping/errors.Is convention in the database infra layer (infra/ops/lint mechanics, not what the product does)	openspec/changes/archive/2026-03-26-fix-error-log-noise/design.md (already-covered)
app-error-log-alerting	Standard slog output uses structured JSON format	7e7898fd	2	OUT:runbook					high	2026-03-26-fix-error-log-noise	slog.SetDefault JSON formatting to avoid GKE log-severity misclassification; ops-only	openspec/changes/archive/2026-03-26-fix-error-log-noise/design.md (already-covered)
app-shell-layout	Brand Identity Elements	a990a4c4	4	KEEP	components/infrastructure/ui/fan/global/app-shell	Brand Identity Elements			high	2026-02-17-refine-ui-design	[Pass 2 vocab-extension] No vocabulary target for app-level branding/favicon/manifest chrome; does not fit an existing route, global surface, or infra kind cleanly.	
app-shell-layout	Conditional Navigation Display	5cf530ee	7	KEEP	components/infrastructure/ui/fan/global/bottom-nav-bar	Conditional Navigation Display			medium	2026-02-17-refine-ui-design	Also touches page-header/au-viewport grid, but bottom-nav-bar visibility is the dominant fan-observable surface; tie-break applied.	
app-shell-layout	Route components own page structure	c6d4da5e	4	OUT:design-doc					high	2026-03-15-flatten-app-shell	CSS/template architecture convention (:scope grid, no page-shell wrapper); no fan or organizer observes markup structure choice.	openspec/changes/archive/2026-03-15-flatten-app-shell/design.md (already-covered)
app-shell-layout	Stale-data warning uses overlay pattern	45aa4368	2	KEEP	components/infrastructure/ui/fan/route/dashboard	Stale-data warning uses overlay pattern			medium	2026-03-16-fix-header-footer-scroll	Dashboard-specific stale-data banner positioning is observed by the fan on the dashboard route.	
app-shell-layout	Semantic HTML structure	f875d0c9	5	OUT:lint					medium	2026-03-15-flatten-app-shell	Cross-route markup convention (list/header/search/aside elements) overlapping the semantic-dom capability; no distinct fan-observable behavior.	openspec/changes/archive/2026-03-15-flatten-app-shell/design.md (already-covered)
app-shell-layout	Page Transition Animations	b395f155	3	KEEP	components/infrastructure/ui/fan/global/app-shell	Page Transition Animations			high	2026-02-17-refine-ui-design	[Pass 2 vocab-extension] Shell-wide route-transition animation applies to every route; no matching route or global-surface vocabulary target exists.	
app-shell-layout	Auth Status UI Redesign	e87d06c4	2	KEEP	components/infrastructure/ui/fan/global/page-header	Auth Status UI Redesign			medium	2026-02-17-refine-ui-design	Auth status chrome is shell-level with no dedicated vocabulary entry; tie-broken to page-header as the closest existing global surface.	
app-shell-layout	Notification Prompt Placement	87d117bd	3	KEEP	components/infrastructure/ui/fan/global/notification-prompt	Notification Prompt Placement			high		Directly names the notification-prompt component and its shell-level placement rules.	
app-shell-layout	PWA Install Prompt i18n	0c97c491	1	KEEP	components/infrastructure/ui/fan/global/pwa-install-banner	PWA Install Prompt i18n			high	2026-03-06-polish-onboarding-prompts	PWA install prompt i18n keys map directly to the pwa-install-banner global component.	
app-shell-layout	Prompt Entrance and Exit Animations	b7e77f21	3	KEEP	components/infrastructure/ui/fan/global/pwa-install-banner	Prompt Entrance and Exit Animations			medium	2026-03-06-polish-onboarding-prompts	Also governs notification-prompt's animation; pwa-install-banner chosen as dominant target, SPLIT-CANDIDATE noted.	
app-shell-layout	App shell hosts the global FAB action launcher	7a949016	3	KEEP	components/infrastructure/ui/fan/global/fab-menu	App shell hosts the global FAB action launcher			high	2026-09-03-fab-menu-action-launcher	Directly describes the shell hosting the FAB launcher, i.e. the fab-menu global component.	
app-shell-layout	Instant page-identity switch on navigation intent	7911cbdf	6	KEEP	components/infrastructure/ui/fan/global/page-header	Instant page-identity switch on navigation intent			medium	2026-09-12-instant-page-switch	Covers both the page-header title and the bottom-nav active tab; page-header chosen as the dominant identity surface, SPLIT-CANDIDATE noted.	
argocd-deployment-alerts	ArgoCD Notifications controller is enabled	d3788415	2	OUT:runbook					high	2026-03-17-argocd-google-chat-alerts	ArgoCD/Google Chat deployment alerting; ops-only, no fan/organizer actor	openspec/changes/archive/2026-03-17-argocd-google-chat-alerts/design.md (Decisions D3)
argocd-deployment-alerts	Google Chat webhook service is configured	da17243a	2	OUT:runbook					high	2026-03-17-argocd-google-chat-alerts	ArgoCD/Google Chat deployment alerting; ops-only, no fan/organizer actor	openspec/changes/archive/2026-03-17-argocd-google-chat-alerts/design.md (already-covered)
argocd-deployment-alerts	Default triggers notify on error conditions	6a8ce97a	4	OUT:runbook					high	2026-03-17-argocd-google-chat-alerts	ArgoCD/Google Chat deployment alerting; ops-only, no fan/organizer actor	openspec/changes/archive/2026-03-17-argocd-google-chat-alerts/design.md (already-covered)
argocd-deployment-alerts	ArgoCD secrets are isolated from backend secrets	9d44f908	2	OUT:runbook					high	2026-03-17-argocd-google-chat-alerts	ArgoCD/Google Chat deployment alerting; ops-only, no fan/organizer actor	openspec/changes/archive/2026-03-17-argocd-google-chat-alerts/design.md (already-covered)
argocd-deployment-alerts	Webhook URL is stored in Pulumi ESC and GCP Secret Manager	81366bd1	2	OUT:runbook					high	2026-03-17-argocd-google-chat-alerts	ArgoCD/Google Chat deployment alerting; ops-only, no fan/organizer actor	openspec/changes/archive/2026-03-17-argocd-google-chat-alerts/design.md (Decisions D2)
argocd-gateway-deployment	Cluster-Level Application	bc8533a9	2	OUT:delete					high	2026-02-14-expose-api-via-gateway	[re-audit-2] cluster-app Application syncs Namespaces from k8s/cluster/; pure ArgoCD deploy mechanics, not product behavior	openspec/changes/archive/2026-02-14-expose-api-via-gateway/design.md (Decisions §8)
argocd-gateway-deployment	Gateway-Level Application	2121ef6a	2	OUT:delete					high	2026-02-14-expose-api-via-gateway	[re-audit-2] gateway-app Application syncs Gateway/HTTPRoute/Policy from k8s/namespaces/gateway; deploy mechanics only	openspec/changes/archive/2026-02-14-expose-api-via-gateway/design.md (Decisions §8)
argocd-gateway-deployment	Backend Application	21e7db73	2	OUT:delete					high	2026-02-14-expose-api-via-gateway	[re-audit-2] backend-app Application syncs Deployment/Service/Policies; deploy mechanics, no product behavior	openspec/changes/archive/2026-02-14-expose-api-via-gateway/design.md (Decisions §8)
argocd-gateway-deployment	GitOps Synchronization	df524005	2	OUT:delete					high	2026-02-14-expose-api-via-gateway	[re-audit-2] argocd app sync mechanics for cloud-provisioning commits; no product behavior	openspec/changes/archive/2026-02-14-expose-api-via-gateway/design.md (Decisions §8)
argocd-gateway-deployment	Application Dependency Ordering	f7e457cb	2	OUT:delete					high	2026-02-14-expose-api-via-gateway	[re-audit-2] cluster-app to gateway-app/backend-app sync-wave ordering; ArgoCD scheduling mechanics only	openspec/changes/archive/2026-02-14-expose-api-via-gateway/design.md (Decisions §8)
argocd-gateway-deployment	Application Status Visibility	222c00db	1	OUT:runbook					high	2026-02-14-expose-api-via-gateway	[re-audit-2] operator-facing `argocd app get <app-name>` status procedure; not product behavior	openspec/changes/archive/2026-02-14-expose-api-via-gateway/design.md (Decisions §8)
argocd-gateway-deployment	Rollback Capability	3317b777	1	OUT:runbook					high	2026-02-14-expose-api-via-gateway	[re-audit-2] operator-facing `argocd app rollback <app-name> <revision>` procedure; not product behavior	openspec/changes/archive/2026-02-14-expose-api-via-gateway/design.md (Migration Plan)
argocd-gateway-deployment	Prod overlay minimizes Argo CD Pod count	3158a305	3	OUT:design-doc					high	2026-06-17-prod-cost-optimization	[re-audit-2] argocd-server replica count / image-updater-controller replicas=0 is a GKE Autopilot cost decision, not product behavior	openspec/changes/archive/2026-06-17-prod-cost-optimization/design.md (Decisions §2)
argocd-gateway-deployment	dev overlay is unaffected	fd6d1a76	1	OUT:design-doc					high	2026-06-17-prod-cost-optimization	[re-audit-2] companion overlay replica-count decision preserving dev iteration speed; deployment topology, not product behavior	openspec/changes/archive/2026-06-17-prod-cost-optimization/design.md (already-covered)
argocd-image-automation	Image Updater monitors container registry	b15fc43d	2	OUT:delete					high	2026-03-10-automate-dev-deployment	ArgoCD Image Updater GAR polling mechanics; CI/deploy plumbing with no lasting product value	openspec/changes/archive/2026-03-10-automate-dev-deployment/design.md (already-covered)
argocd-image-automation	In-cluster parameter override for dev	408bb11b	2	OUT:delete					high	2026-03-10-automate-dev-deployment	ArgoCD Application parameter-override mechanics for dev; CI/deploy plumbing	openspec/changes/archive/2026-03-10-automate-dev-deployment/design.md (already-covered)
argocd-image-automation	Parameter override recovery after Application recreation	76bff2b7	1	OUT:delete					high	2026-03-10-automate-dev-deployment	ArgoCD Image Updater self-healing after root-app sync recreation; CI/deploy plumbing	openspec/changes/archive/2026-03-10-automate-dev-deployment/design.md (already-covered)
argocd-image-automation	Production deployments remain manual	09d238ed	4	OUT:delete					high	2026-03-10-automate-dev-deployment	Prod image-updater-controller disablement + manual semver overlay PRs; CI/deploy plumbing	openspec/changes/archive/2026-03-10-automate-dev-deployment/design.md (already-covered)
argocd-image-automation	Image pull policy enforcement	d10775c0	1	OUT:delete					high	2026-03-10-automate-dev-deployment	imagePullPolicy: Always for dev latest-tag deployments; CI/deploy plumbing	openspec/changes/archive/2026-03-10-automate-dev-deployment/design.md (already-covered)
argocd-image-automation	Multiple image support	3fb79a40	2	OUT:delete					high	2026-03-10-automate-dev-deployment	Image Updater coverage across backend/frontend Applications; CI/deploy plumbing	openspec/changes/archive/2026-03-10-automate-dev-deployment/design.md (already-covered)
argocd-image-automation	Rollback capability	fa348971	2	OUT:delete					high	2026-03-10-automate-dev-deployment	ArgoCD app rollback/history mechanics; CI/deploy plumbing	openspec/changes/archive/2026-03-10-automate-dev-deployment/design.md (already-covered)
argocd-image-automation	Failure handling	afe4a30f	2	OUT:delete					high	2026-03-10-automate-dev-deployment	Image Updater retry/log-on-failure mechanics; CI/deploy plumbing	openspec/changes/archive/2026-03-10-automate-dev-deployment/design.md (Risks / Trade-offs)
artist-auto-persist	Auto-persist external artists during ListTop	8ef430f8	3	KEEP	components/usecase/artist/list-top	Auto-persist external artists during ListTop			high	2026-02-21-artist-creation	Directly matches the ListTop usecase's persistence contract, affecting IDs returned to the fan.	
artist-auto-persist	Auto-persist external artists during ListSimilar	9a46091b	1	KEEP	components/usecase/artist/list-similar	Auto-persist external artists during ListSimilar			high	2026-02-21-artist-creation	Directly matches the ListSimilar usecase's persistence contract.	
artist-auto-persist	Handle artists without MBID	823cb91f	1	KEEP	components/usecase/artist/list-top	Handle artists without MBID			medium	2026-02-21-artist-creation	Applies to both ListTop and ListSimilar persistence; ListTop chosen as primary, SPLIT-CANDIDATE noted for ListSimilar.	
artist-discovery-dna-orb-ui	DNA Extraction UI Concept	7a7e35fa	4	KEEP	components/infrastructure/ui/fan/route/discovery	DNA Extraction UI Concept			medium	2026-02-15-frontend-artist-discovery-ui	Describes the overall Discovery screen concept (bubbles + orb + onboarding overlay), scoped to the discovery route.	
artist-discovery-dna-orb-ui	Bubble Absorption Animation	85356f0e	5	KEEP	components/infrastructure/ui/fan/global/dna-orb	Bubble Absorption Animation			high	2026-02-15-frontend-artist-discovery-ui	OrbRenderer.injectColor and orb color-injection behavior map directly to the dna-orb global component.	
artist-discovery-dna-orb-ui	Bubble Burst On Tap	9a429107	4	KEEP	components/infrastructure/ui/fan/route/discovery	Bubble Burst On Tap			medium	2026-05-31-improve-bubble-tap-feel	Bubble tap-burst effect is part of the Discovery canvas; no dedicated bubble-field global component exists in vocabulary.	
artist-discovery-dna-orb-ui	Orb respects prefers-reduced-motion	09b3bae6	1	KEEP	components/infrastructure/ui/fan/global/dna-orb	Orb respects prefers-reduced-motion			high	2026-03-14-improve-discover-onboarding	Orb animation's reduced-motion handling is dna-orb component behavior.	
artist-discovery-dna-orb-ui	Dynamic Toast Notifications for Live Events	236246cd	2	KEEP	components/infrastructure/ui/fan/global/toast	Dynamic Toast Notifications for Live Events			high	2026-02-15-frontend-artist-discovery-ui	Directly describes a toast notification, matching the toast global component.	
artist-discovery-dna-orb-ui	Similar Artist Chain Reaction	f3818b90	3	KEEP	components/infrastructure/ui/fan/route/discovery	Similar Artist Chain Reaction			medium	2026-02-15-frontend-artist-discovery-ui	Fan-visible bubble spawning on the Discovery route; also triggers Follow/ListSimilar RPCs, SPLIT-CANDIDATE noted for the usecase result.	
artist-discovery-dna-orb-ui	Search result item is fully tappable	c9ea2486	3	KEEP	components/infrastructure/ui/fan/route/discovery	Search result item is fully tappable			medium	2026-03-17-improve-search-bar	Search result row tap-to-follow behavior is part of the Discovery screen's search UI.	
artist-discovery-dna-orb-ui	Spawn and absorb API on canvas	2c43caef	1	KEEP	components/infrastructure/ui/fan/global/dna-orb	Combined spawn-and-absorb bubble action		CLASSNAME	medium	2026-03-17-improve-search-bar	DnaOrbCanvas.spawnAndAbsorb is an implementation method of the dna-orb component; title renamed away from the implementation-typed 'API on canvas' phrasing.	
artist-discovery-dna-orb-ui	Completion Action via DNA Orb	61e2970d	1	KEEP	components/infrastructure/ui/fan/route/discovery	Completion Action via DNA Orb			medium	2026-02-15-frontend-artist-discovery-ui	Dashboard-navigation button rendered on/near the orb during Discovery; scoped to the route flow's completion step.	
artist-discovery-dna-orb-ui	Physics-Based Bubble Animation	2ed75303	1	KEEP	components/infrastructure/ui/fan/route/discovery	Physics-Based Bubble Animation			medium	2026-02-15-frontend-artist-discovery-ui	Bubble physics movement is a Discovery-route rendering concern; named libraries (Matter.js/D3.js) are illustrative examples only.	
artist-discovery-dna-orb-ui	List followed artists from backend	8cbae072	2	DROP:duplicate				CLASSNAME	medium		Implementation bug-fix for ArtistDiscoveryService.listFollowedFromBackend's artistClient scoping; ListFollowed behavior is already covered by artist-following's ListFollowed Response requirement.	
artist-discovery-dna-orb-ui	Small-screen bubble and orb density adaptation	31011f29	8	KEEP	components/infrastructure/ui/fan/route/discovery	Small-screen bubble and orb density adaptation			high	2026-08-21-tune-small-screen-responsive-layout	Directly observable responsive behavior of the Discovery bubble field and orb on narrow screens.	
artist-discovery-dna-orb-ui	Orb Activation Separates Gesture Celebration From Follow-Count State	ace911e4	6	KEEP	components/infrastructure/ui/fan/global/dna-orb	Orb Activation Separates Gesture Celebration From Follow-Count State			medium	2026-08-23-refactor-dna-orb-activation-model	Governs the orb's stage-level/celebration state machine; tied to the dna-orb component over the route, tie-break applied.	
artist-following	Follow Relationship Data Model	6df369c4	3	KEEP	components/usecase/follow/follow	Follow Relationship Data Model			medium	2026-02-22-passion-level	Two of three scenarios describe the Follow operation (identity resolution, record creation, NOT_FOUND); entity-vs-usecase tie-break applied toward usecase, SPLIT-CANDIDATE noted for the passion_level default.	
artist-following	ListFollowed Response	90cb780f	4	KEEP	components/usecase/follow/list-followed	ListFollowed Response			high	2026-02-22-passion-level	Directly matches the ListFollowed usecase and its response/observable update contract.	
artist-following	ArtistFilterBar sheet initializes pendingIds from followedArtists	fbb8eb50	3	KEEP	components/infrastructure/ui/fan/global/artist-filter-bar	Filter sheet initializes selection from followed artists		CLASSNAME	medium	2026-04-01-fix-artist-filter-bar-empty-sheet	Describes pendingIds initialization inside the artist-filter-bar component; title renamed away from the implementation-typed ArtistFilterBar/pendingIds phrasing.	
artist-following	Idempotent Unfollow Logic	bcc85f46	1	KEEP	components/usecase/follow/unfollow	Idempotent Unfollow Logic			high	2026-02-15-interactive-artist-onboarding	Directly matches the Unfollow usecase's idempotency contract.	
artist-following	Follow CTA in Event Detail Sheet	dcadf69d	6	KEEP	components/infrastructure/ui/fan/global/bottom-sheet	Follow CTA in Event Detail Sheet			medium	2026-08-09-passive-concert-discovery	EventDetailSheet is a bottom-sheet instance per the semantic-dom capability's dialog-consolidation requirement; tie-break applied.	
artist-image	Fanart Entity	c4b2af6f	3	KEEP	components/entity/artist	Artist fanart image collection			medium	2026-03-16-artist-image	Fanart is a field on the Artist entity (artist.proto); fan/organizer sees these images	
artist-image	Best Image Selection	86729c46	2	KEEP	components/entity/artist	Fanart best-image selection by highest likes count	ARTIST-IMAGE-SELECT	CLASSNAME	medium	2026-03-16-artist-image	[re-audit] Which image is chosen as an artist's displayed logo/photo when multiple candidates exist is a data-semantics rule of the Artist entity's Fanart field, directly affecting what image a fan sees	
artist-image	Fanart Proto Message	f31df147	3	KEEP	components/entity/artist	Artist fanart proto shape			medium	2026-03-16-artist-image	defines the Artist.fanart field shape exposed to clients	
artist-image	Fanart Proto Mapper	7e050070	2	KEEP	components/entity/artist	Fanart proto exposes the selected best image and logo color analysis	ARTIST-IMAGE-SELECT	CLASSNAME	medium	2026-03-16-artist-image	[re-audit] Describes what the API response contains (single best-liked URL per fanart field, plus logo_color_profile when present) — an output contract of the Artist entity's Fanart data, not merely an internal conversion step	
artist-image	Fanart Database Storage	d15e0dc9	3	OUT:design-doc					high	2026-03-16-artist-image	[re-audit] fanart/fanart_synced_at JSONB column layout on the artists table is a persistence-schema detail; clients receive the same proto Fanart fields regardless of storage shape	openspec/changes/archive/2026-03-16-artist-image/design.md (already-covered)
artist-image	ArtistImageResolver Interface	805e9870	3	KEEP	components/usecase/artist/sync-artist-image	Artist image sync resolves found/absent/unavailable outcomes		CLASSNAME	medium	2026-03-16-artist-image	[re-audit] Defines the background artist-image-sync pipeline's outcome contract (populated Fanart on success, nil without error when no images exist, Unavailable error when the external service fails) — this is background pipeline behavior the corrected criterion explicitly includes	
artist-image	fanart.tv API Client	69d55140	3	OUT:design-doc					high	2026-03-16-artist-image	[re-audit] Concrete fanart.tv v3 HTTP client implementation (endpoint path, FANARTTV_API_KEY env var, retry/backoff specifics) is vendor-integration plumbing; the outcome contract it fulfills is already captured by the kept ArtistImageResolver Interface requirement	openspec/changes/archive/2026-03-16-artist-image/design.md (Decision 5)
artist-image	Immediate Image Fetch on Artist Creation	3c8eab6f	3	KEEP	components/usecase/artist/sync-artist-image	Immediate image fetch on artist creation			high	2026-03-16-artist-image	matches ArtistImageSyncUseCase.SyncArtistImage triggered by ARTIST.created	
artist-image	Periodic Image Sync CronJob	4dd84491	4	KEEP	components/usecase/artist/sync-artist-image	Periodic sync refreshes stale artist images		CLASSNAME	medium	2026-03-16-artist-image	scheduled invocation of ArtistImageSyncUseCase.SyncArtistImage; cron/circuit-breaker mechanics are ops detail folded into same target	
artist-image-ui	Event Card Logo Display	34d2ad12	4	KEEP	components/infrastructure/ui/fan/global/live-highway	Event Card Logo Display			high	2026-03-17-artist-image-ui	[Pass 2 vocab-extension] EventCard is rendered across dashboard/welcome/discovery but vocabulary has no ui/global event-card surface entry	
artist-image-ui	Event Detail Sheet Hero Image	38e44a60	3	NEEDS_HUMAN					low	2026-03-17-artist-image-ui	EventDetailSheet has no vocabulary entry (only the generic bottom-sheet exists, which this specializes)	
artist-image-ui	Fanart Data Propagation	e75f0594	3	KEEP	components/infrastructure/ui/fan/global/live-highway	Fanart Data Propagation			medium	2026-03-17-artist-image-ui	[Pass 2 vocab-extension] Frontend service-layer mapping that feeds the (currently unmapped) event-card/detail-sheet surfaces above	
artist-service-infrastructure	Standalone Artist Service	d253c9d0	3	KEEP	components/entity/artist	Standalone Artist Service			medium	2026-02-15-interactive-artist-onboarding	dominant scenarios describe the Artist entity always/optionally carrying fanart data; the service-registration scenario is SPLIT-CANDIDATE (infra)	
artist-service-infrastructure	Unified Music Discovery Interface	3d1c20bd	3	KEEP	components/usecase/artist/search	Unified Music Discovery Interface			medium	2026-02-15-interactive-artist-onboarding	general multi-provider search statement maps to ArtistUseCase.Search; ListTop/ListSimilar persistence scenarios are SPLIT-CANDIDATE	
atlas-operator	Atlas Operator SHALL be installed in the GKE cluster	3b1b511b	1	OUT:runbook					high	2026-02-22-atlas-operator-migration	[re-audit-2] Helm-chart install of AtlasMigration CRD controller; cluster operator installation, not product behavior	openspec/changes/archive/2026-02-22-atlas-operator-migration/design.md (already-covered)
atlas-operator	Migrations SHALL be stored as ConfigMap	dbee8f38	1	OUT:runbook					high	2026-02-22-atlas-operator-migration	[re-audit-2] Kustomize configMapGenerator packaging of migration SQL files; deployment mechanics only	openspec/changes/archive/2026-02-22-atlas-operator-migration/design.md (already-covered)
atlas-operator	AtlasMigration CRD SHALL connect as postgres user	7164a062	1	OUT:runbook					high	2026-02-22-atlas-operator-migration	[re-audit-2] AtlasMigration CRD DB connection/auth (urlFrom.secretKeyRef, PSC routing); infra plumbing, not product behavior	openspec/changes/archive/2026-02-22-atlas-operator-migration/design.md (already-covered)
atlas-operator	Migrations SHALL create the app schema and grant permissions	bfddea6a	1	OUT:runbook					high	2026-02-22-atlas-operator-migration	[re-audit-2] first migration's `app` schema bootstrap + IAM SA grants; DB provisioning, not an entity invariant of the product domain	openspec/changes/archive/2026-02-22-atlas-operator-migration/design.md (Decisions §1)
atlas-operator	Backend repository SHALL host an Atlas migration prod overlay	b7bb9e33	3	OUT:runbook					high	2026-05-16-prepare-prod-service-in	[re-audit-2] k8s/atlas/overlays/prod/ directory precondition for the backend-migrations ArgoCD Application; deployment structure only	openspec/changes/archive/2026-05-16-prepare-prod-service-in/design.md (Decisions D6)
aurelia-reactivity	Watch-based reactive observation	7dbb112f	2	OUT:lint					high	2026-02-25-aurelia-best-practice	[re-audit] Aurelia @watch decorator usage convention; framework-usage coding style, no distinct product behavior	openspec/changes/archive/2026-02-25-aurelia-best-practice/design.md (already-covered)
aurelia-reactivity	Computed property caching	2a551ac9	2	OUT:lint					high	2026-02-25-aurelia-best-practice	[re-audit] Aurelia @computed decorator usage convention; coding style for getter memoization	openspec/changes/archive/2026-02-25-aurelia-best-practice/design.md (already-covered)
aurelia-reactivity	Batched multi-property updates	d564c598	2	OUT:lint					high	2026-02-25-aurelia-best-practice	[re-audit] batch() usage convention to coalesce DOM updates; coding style, same rendered output	openspec/changes/archive/2026-02-25-aurelia-best-practice/design.md (Decisions §9)
aurelia-reactivity	Observable for side-effect properties	c56ca0d1	1	OUT:lint					high	2026-02-25-aurelia-best-practice	[re-audit] Aurelia @observable decorator usage convention; coding style for change handlers	openspec/changes/archive/2026-02-25-aurelia-best-practice/design.md (Decisions §10)
aurelia-reactivity	Collection observation via native Set binding	4298ea9b	3	OUT:lint					high	2026-03-17-improve-search-bar	[re-audit] template-binding convention (Set.has() vs wrapper method) for Aurelia observation; coding style	openspec/changes/archive/2026-03-17-improve-search-bar/design.md (already-covered)
aurelia-template-optimization	Keyed list rendering	30d2f5cd	3	OUT:lint					high	2026-02-25-aurelia-best-practice	[re-audit] Aurelia repeat.for key.bind usage is a template-authoring convention; no distinct product behavior beyond normal correct list rendering	openspec/changes/archive/2026-02-25-aurelia-best-practice/design.md (Decisions §11)
aurelia-template-optimization	Switch-based multi-branch conditionals	edbdbe28	1	OUT:lint					high	2026-02-25-aurelia-best-practice	[re-audit] switch.bind vs if.bind is a template-authoring convention for readability, not product behavior	openspec/changes/archive/2026-02-25-aurelia-best-practice/design.md (Decisions §12)
aurelia-template-optimization	Show binding for frequently toggled elements	bf400881	2	OUT:lint					high	2026-02-25-aurelia-best-practice	[re-audit] show.bind vs if.bind is a template performance/authoring convention (avoid destroy/recreate); a performance-only implementation choice	openspec/changes/archive/2026-02-25-aurelia-best-practice/design.md (Decisions §13)
aurelia-template-optimization	Class binding syntax for conditional CSS classes	d5737fe5	3	OUT:lint					high	2026-02-25-aurelia-best-practice	[re-audit] .class binding vs string interpolation is a template-authoring style convention with no behavioral difference	openspec/changes/archive/2026-02-25-aurelia-best-practice/design.md (already-covered)
aurelia-template-optimization	Debounce on search inputs	1ddabedd	2	OUT:lint					medium	2026-02-25-aurelia-best-practice	Aurelia 2 template/binding coding convention; framed as an implementation-pattern mandate rather than route-specific behavior	openspec/changes/archive/2026-02-25-aurelia-best-practice/design.md (Decisions §14)
aurelia-template-optimization	Throttle binding behavior on continuous event handlers	6106c80d	1	OUT:lint					high	2026-02-25-aurelia-best-practice	[re-audit] & throttle binding behavior for touchmove/scroll handlers is a performance-only implementation choice	openspec/changes/archive/2026-02-25-aurelia-best-practice/design.md (Decisions §15)
aurelia-template-optimization	Date value converter	16f8f329	3	OUT:lint					medium	2026-02-25-aurelia-best-practice	reusable template code-utility convention; not scoped to a specific route or entity	openspec/changes/archive/2026-02-25-aurelia-best-practice/design.md (already-covered)
aurelia-template-optimization	Route title configuration	e2835205	2	OUT:lint					medium	2026-02-25-aurelia-best-practice	cross-cutting implementation-pattern requirement spanning all routes, not one route's behavior	openspec/changes/archive/2026-02-25-aurelia-best-practice/design.md (Decisions §16)
authentication	Silent token refresh strategy	7ef8b047	8	KEEP	stories/maintain-authenticated-session	Silent token refresh strategy			medium	2026-07-28-fix-pwa-auth-token-refresh-race	multi-step flow across app boot, foreground resume, and RPC-retry layers (frontend AuthService); story proposal per decision tree #1	
authentication	JWT Token Validation	8fdf9baf	2	OUT:design-doc					medium	2026-03-17-email-verification	cross-cutting backend token-validation architecture (JWKS verification mechanism), analogous to CORS; no entity/usecase/route fits	openspec/changes/archive/2026-03-17-email-verification/design.md (already-covered)
authentication	User ID Propagation	f48f91ff	1	KEEP	components/entity/user	User ID Propagation			medium	2026-02-15-user-account-sync	[re-audit] authenticated requests carry the caller identity (JWT sub -> external_id) used to resolve the User entity; this is the authorization/identification mechanism every authenticated RPC relies on, not internal plumbing	
authentication	Authenticated Endpoint Protection	8f2b5ef2	4	OUT:design-doc					medium	2026-02-22-auth-control	authn-go middleware architecture decision (default-deny); cross-cutting like CORS	openspec/changes/archive/2026-02-22-auth-control/design.md (already-covered (Decisions 1/3))
authentication	Public Endpoint Access	c3e41acd	2	OUT:runbook					high	2026-02-22-auth-control	Kubernetes liveness/readiness probe access; no fan/organizer actor	openspec/changes/archive/2026-02-22-auth-control/design.md (already-covered (Decision 2))
authentication	Email Verified Claim Injection	93c3a6a6	3	OUT:design-doc					high	2026-03-17-email-verification	[re-audit] Zitadel Action vendor-config wiring; rationale states no current feature consumes the claim (dormant capability), not yet product behavior	openspec/changes/archive/2026-03-17-email-verification/design.md (already-covered)
authentication	Validate Zitadel Actions v2 Webhook JWTs by Signature	c079e733	3	OUT:design-doc					high	2026-05-11-self-hosted-zitadel	system-to-system (Zitadel -> backend) webhook trust; no fan/organizer actor	openspec/changes/archive/2026-05-11-self-hosted-zitadel/design.md (Decisions D5)
authentication	JWKS Caching	6ac51ef6	1	OUT:design-doc					high		[re-audit] JWKS refresh-interval caching is a performance/implementation choice (explicitly excluded per pass1-prompt example), not an API contract	git-history (untraced)
authentication	Token Validation Performance	4ce72d5b	1	OUT:design-doc					high		[re-audit] P95<100ms latency SLA is a performance-only implementation target, explicitly excluded from openspec scope	git-history (untraced)
authentication	Authentication Error Handling	19f04213	3	OUT:design-doc					medium		"backend RPC error-code contract; the user-visible consequence is covered separately by the frontend \""Graceful session re-authentication\"" requirement"	git-history (untraced)
authentication	Graceful session re-authentication	8c4219be	5	KEEP	stories/maintain-authenticated-session	Graceful session re-authentication			medium	2026-09-02-graceful-session-reauth	multi-step recovery flow (silent refresh, forced-logout cleanup, return-to preservation, re-auth redirect) across app layers; story proposal	
auto-concert-discovery	Scheduled Concert Discovery Job	1b868baa	3	KEEP	components/usecase/concert/search-new-concerts	Scheduled Concert Discovery Job			medium	2026-02-19-auto-concert-discovery	business rule: organizer-associated artists excluded before ConcertUseCase.SearchNewConcerts is called; CronJob scheduling/DI mechanics are SPLIT-CANDIDATE (infra)	
auto-concert-discovery	Circuit Breaker on Consecutive Failures	4882d07c	3	KEEP	components/usecase/concert/search-new-concerts	Circuit Breaker on Consecutive Failures			high	2026-02-19-auto-concert-discovery	[re-audit] background discovery pipeline behavior (stop processing further artists after 3 consecutive SearchNewConcerts failures) is explicitly in-scope background behavior of the discovery usecase	
auto-concert-discovery	Job Always Exits Successfully	94b49472	2	OUT:runbook					high	2026-02-19-auto-concert-discovery	[re-audit] CronJob exit-code semantics for Kubernetes job-completion reporting; operational procedure with no product-observable difference	openspec/changes/archive/2026-02-19-auto-concert-discovery/design.md (Decisions §3)
auto-concert-discovery	Job-Specific Dependency Injection	807837de	2	OUT:design-doc					high	2026-02-19-auto-concert-discovery	[re-audit] lightweight DI initializer for the batch job (no HTTP server/interceptors); DI wiring, explicitly excluded implementation choice	openspec/changes/archive/2026-02-19-auto-concert-discovery/design.md (already-covered)
auto-concert-discovery	Gemini Response Resilience	1870aa66	4	KEEP	components/usecase/concert/search-new-concerts	Gemini Response Resilience		CLASSNAME	medium	2026-03-20-gemini-response-resilience	retry/error-classification behavior changes what ConcertUseCase.SearchNewConcerts returns (empty vs error); internal EventsResponse type referenced	
auto-concert-discovery	Consumer JetStream Delivery Policy	e2db604d	2	OUT:design-doc					high	2026-04-08-fix-nats-ack-redelivery-loop	[re-audit] NATS JetStream DeliverNew consumer configuration; messaging-infra implementation detail, no product-observable behavior difference	openspec/changes/archive/2026-04-08-fix-nats-ack-redelivery-loop/design.md (Decisions D2)
auto-concert-discovery	Consumer JetStream Acknowledgement Policy	5fc88b2e	2	OUT:design-doc					high	2026-04-08-fix-nats-ack-redelivery-loop	[re-audit] NATS JetStream AckSync configuration for pod-shutdown safety; messaging-infra implementation detail	openspec/changes/archive/2026-04-08-fix-nats-ack-redelivery-loop/design.md (already-covered)
auto-discovery-series-grouping	Tour Events Group Into a Single Series	96ed48bf	2	KEEP	components/usecase/concert/create-from-discovered	Tour Events Group Into a Single Series			high	2026-06-07-auto-discovery-series-grouping	ConcertCreationUseCase.CreateFromDiscovered persists Series for discovered tours	
auto-discovery-series-grouping	Series Identity Is Adopted From Member Events	20d36098	3	KEEP	components/usecase/concert/create-from-discovered	Series Identity Is Adopted From Member Events			high	2026-06-07-auto-discovery-series-grouping	series_id resolution during CreateFromDiscovered	
auto-discovery-series-grouping	Events Deduplicate On Physical Natural Key	487880f5	3	KEEP	components/usecase/concert/create-from-discovered	Events Deduplicate On Physical Natural Key			high	2026-06-07-auto-discovery-series-grouping	event dedup during CreateFromDiscovered	
auto-discovery-series-grouping	Event Identity Is Resolved In The Application	6f0576dc	2	KEEP	components/usecase/concert/create-from-discovered	Event Identity Is Resolved In The Application			high	2026-06-07-auto-discovery-series-grouping	event resolution during CreateFromDiscovered	
auto-discovery-series-grouping	SeriesType Assigned From Source Classification	996718f9	2	KEEP	components/usecase/concert/create-from-discovered	SeriesType Assigned From Source Classification			high	2026-06-07-auto-discovery-series-grouping	SeriesType set during CreateFromDiscovered	
auto-discovery-series-grouping	Multi-Hall Venues Are Disambiguated By venue_id	c6df2d92	1	KEEP	components/usecase/concert/create-from-discovered	Multi-Hall Venues Are Disambiguated By venue_id			high	2026-06-07-auto-discovery-series-grouping	venue_id resolution during CreateFromDiscovered	
auto-discovery-series-grouping	Residual Grouping Ambiguities Are Logged, Not Fatal	5728cb1c	3	KEEP	components/usecase/concert/create-from-discovered	Residual Grouping Ambiguities Are Logged, Not Fatal			medium	2026-06-07-auto-discovery-series-grouping	CreateFromDiscovered resilience; organizer/fan still see resulting concerts despite logged ambiguity	
auto-discovery-series-grouping	Approval Preserves Series Grouping And Type	fd2a5bbc	4	KEEP	components/usecase/concert/approve	Approval Preserves Series Grouping And Type			high	2026-08-25-fix-series-fragmentation	AdminConcertUseCase.Approve preserves existing series_id/type	
backend-otel-instrumentation	External HTTP client tracing via otelhttp transport	492a850e	5	OUT:design-doc					high	2026-03-27-enhance-backend-observability	[re-audit-2] Still OUT:design-doc under corrected criterion: telemetry cross-cutting concern (infra/ops/lint mechanics, not what the product does)	openspec/changes/archive/2026-03-27-enhance-backend-observability/design.md (already-covered)
backend-otel-instrumentation	Zitadel gRPC client tracing via otelgrpc	39c83a39	1	OUT:design-doc					high	2026-03-27-enhance-backend-observability	[re-audit-2] Still OUT:design-doc under corrected criterion: telemetry cross-cutting concern (infra/ops/lint mechanics, not what the product does)	openspec/changes/archive/2026-03-27-enhance-backend-observability/design.md (already-covered)
backend-otel-instrumentation	UseCase spans for CPU-intensive business logic	f0ed1312	3	OUT:design-doc					high	2026-03-27-enhance-backend-observability	[re-audit-2] Still OUT:design-doc under corrected criterion: telemetry cross-cutting concern naming BuildMerkleTree/FilterNewConcerts/PersistArtists (infra/ops/lint mechanics, not what the product does)	openspec/changes/archive/2026-03-27-enhance-backend-observability/design.md (Decisions D4)
backend-otel-instrumentation	Application metrics	416a6f58	3	OUT:design-doc					high	2026-03-27-enhance-backend-observability	[re-audit-2] Still OUT:design-doc under corrected criterion: telemetry cross-cutting concern (infra/ops/lint mechanics, not what the product does)	openspec/changes/archive/2026-03-27-enhance-backend-observability/design.md (Decisions D6)
backend-otel-instrumentation	Trace context preservation in deferred operations	ff118968	1	OUT:design-doc					high	2026-03-27-enhance-backend-observability	[re-audit-2] Still OUT:design-doc under corrected criterion: telemetry cross-cutting concern (infra/ops/lint mechanics, not what the product does)	openspec/changes/archive/2026-03-27-enhance-backend-observability/design.md (already-covered)
backend-service-exposure	Backend Service Discoverability	288ebd02	2	OUT:runbook					high	2026-02-14-expose-api-via-gateway	Cross-namespace Gateway backendRef to the backend Service; ops-only	openspec/changes/archive/2026-02-14-expose-api-via-gateway/design.md (Decisions §3)
backend-service-exposure	Service Backend Protocol Support	f22f988f	1	OUT:runbook					high	2026-02-14-expose-api-via-gateway	appProtocol: kubernetes.io/h2c advertisement; ops-only	openspec/changes/archive/2026-02-14-expose-api-via-gateway/design.md (Decisions §3)
backend-service-exposure	Health Check Integration	5ffc7857	2	OUT:runbook					high	2026-02-14-expose-api-via-gateway	gRPC HealthCheckPolicy for the backend Service; ops-only	openspec/changes/archive/2026-02-14-expose-api-via-gateway/design.md (Decisions §5)
beam-effect-toggle	User can toggle the laser beam spotlight effect on the dashboard	e4fe188a	5	KEEP	components/infrastructure/ui/fan/global/fab-menu	User can toggle the laser beam spotlight effect on the dashboard			medium	2026-07-29-dashboard-ui-polish	toggle item contributed to the FAB action launcher panel (vocabulary: fab-menu); SPLIT-CANDIDATE also affects live-highway rendering	
billing-export-infrastructure	BigQuery dataset for GCP Billing Export	0b561cd3	2	OUT:design-doc					high	2026-06-17-prod-cost-optimization	[re-audit-2] operator-facing billing/cost-analysis tooling (BigQuery dataset, IAM, runbook, sample SQL); not the product's fan/organizer/admin API or UI	openspec/changes/archive/2026-06-17-prod-cost-optimization/design.md (already-covered)
billing-export-infrastructure	IAM binding for billing export service account	d64c0ddc	2	OUT:design-doc					high	2026-06-17-prod-cost-optimization	[re-audit-2] operator-facing billing/cost-analysis tooling (BigQuery dataset, IAM, runbook, sample SQL); not the product's fan/organizer/admin API or UI	openspec/changes/archive/2026-06-17-prod-cost-optimization/design.md (already-covered)
billing-export-infrastructure	Runbook documents the Console step to enable billing export	6cd398f2	2	OUT:runbook					high	2026-06-17-prod-cost-optimization	[re-audit-2] operator-facing billing/cost-analysis tooling (BigQuery dataset, IAM, runbook, sample SQL); not the product's fan/organizer/admin API or UI	openspec/changes/archive/2026-06-17-prod-cost-optimization/design.md (already-covered)
billing-export-infrastructure	Detailed usage cost export is preferred over Standard-only	e9c0e0a8	1	OUT:design-doc					high	2026-06-17-prod-cost-optimization	[re-audit-2] operator-facing billing/cost-analysis tooling (BigQuery dataset, IAM, runbook, sample SQL); not the product's fan/organizer/admin API or UI	openspec/changes/archive/2026-06-17-prod-cost-optimization/design.md (Decisions §4)
billing-export-infrastructure	Sample analysis SQL is provided	85441441	1	OUT:runbook					high	2026-06-17-prod-cost-optimization	[re-audit-2] operator-facing billing/cost-analysis tooling (BigQuery dataset, IAM, runbook, sample SQL); not the product's fan/organizer/admin API or UI	openspec/changes/archive/2026-06-17-prod-cost-optimization/design.md (Decisions §4)
bottom-sheet-ce	Bottom Sheet Custom Element	9c530a97	28	KEEP	components/infrastructure/ui/fan/global/bottom-sheet	Bottom Sheet Custom Element			high	2026-03-18-extract-shared-custom-elements	Matches the vocabulary global CE bottom-sheet, the single dialog primitive used across routes	
brand-vocabulary	Two-Layer Vocabulary Model	486a4cc6	3	KEEP	components/infrastructure/locale/brand-vocabulary	Two-Layer Vocabulary Model			medium	2026-05-01-establish-brand-vocabulary	governs which user-facing terms use entity-grounded vs brand-expression labels; non-UI locale infrastructure	
brand-vocabulary	Entity Namespace Mirrors Protobuf Names	3dfd65ad	3	OUT:lint					high	2026-05-01-establish-brand-vocabulary	[re-audit] mechanical i18n key-path derivation rule from protobuf names; dev-facing naming convention, the displayed text itself is specified elsewhere	openspec/changes/archive/2026-05-01-establish-brand-vocabulary/design.md (already-covered)
brand-vocabulary	Asymmetric Locale Labels	414bf71c	1	KEEP	components/infrastructure/locale/brand-vocabulary	Asymmetric Locale Labels			medium	2026-05-01-establish-brand-vocabulary	fan observes different JA/EN wording for the same entity; locale infrastructure	
brand-vocabulary	Entity Namespace Locale Parity	bbfdcc6f	2	OUT:lint					high	2026-05-01-establish-brand-vocabulary	CI lint-script rule (missing-key error, exit non-zero); dev-facing enforcement	openspec/changes/archive/2026-05-01-establish-brand-vocabulary/design.md (already-covered)
brand-vocabulary	Entity Name Validation	766fc709	2	OUT:lint					high	2026-05-01-establish-brand-vocabulary	CI lint-script rule (curated entity list check); dev-facing enforcement	openspec/changes/archive/2026-05-01-establish-brand-vocabulary/design.md (Risks / Trade-offs)
brand-vocabulary	Deprecated Colloquial Terms	2db32bc5	3	KEEP	components/infrastructure/locale/brand-vocabulary	Deprecated Colloquial Terms			medium	2026-05-30-refine-onboarding-copy	fan-observed JA copy word choice (推し banned, アーティスト/フォローする mandated); locale infrastructure	
brand-vocabulary	Brand Expression Registry	f375928c	6	KEEP	components/infrastructure/locale/brand-vocabulary	Brand Expression Registry			medium	2026-05-01-establish-brand-vocabulary	canonical user-facing copy registry (nav labels, hype tier labels, product name); locale infrastructure	
brand-vocabulary	Hype Tier Surface Labels Are Layer B	1656f878	3	KEEP	components/infrastructure/locale/brand-vocabulary	Hype Tier Surface Labels Are Layer B			medium	2026-05-21-refine-hype-and-help-sheets	fan-observed invariant English hype tier labels across locales; locale infrastructure	
brand-vocabulary	Lint Script Integration	2605a05e	2	OUT:lint					high	2026-05-01-establish-brand-vocabulary	CI make-lint integration rule; dev-facing enforcement	openspec/changes/archive/2026-05-01-establish-brand-vocabulary/design.md (already-covered)
browser-locale-detection	Timezone-based country detection	e77ada14	3	KEEP	components/infrastructure/locale/country-from-timezone	Timezone-based country detection			medium	2026-03-22-locale-aware-discovery	non-UI locale-detection infra, kind=locale, name proposed	
browser-locale-detection	Mapping table coverage	5b027272	1	KEEP	components/infrastructure/locale/country-from-timezone	Mapping table coverage			medium	2026-03-22-locale-aware-discovery	supporting data table for the same timezone-to-country utility	
bubble-pool-lifecycle	Bubble pool initialization based on followed-artist count	4d1f8c1d	4	KEEP	components/infrastructure/ui/fan/route/discovery	Bubble pool initialization based on followed-artist count		CLASSNAME	high	2026-02-27-fix-bubble-pool-eviction	Discovery route bubble pool init via FollowOrchestrator/BubbleManager	
bubble-pool-lifecycle	Bubble pool deduplication	a2072496	3	KEEP	components/infrastructure/ui/fan/route/discovery	Bubble pool deduplication		CLASSNAME	high	2026-02-27-fix-bubble-pool-eviction	Discovery route bubble pool dedup via FollowOrchestrator	
bubble-pool-lifecycle	Bubble pool cap and eviction on tap	f19a48f2	2	KEEP	components/infrastructure/ui/fan/route/discovery	Bubble pool cap and eviction on tap		CLASSNAME	high	2026-02-27-fix-bubble-pool-eviction	Discovery route BubblePool/BubblePhysics cap enforcement	
bubble-pool-lifecycle	Tap-to-refill flow	a0543a14	3	KEEP	components/infrastructure/ui/fan/route/discovery	Tap-to-refill flow		CLASSNAME	high	2026-02-27-fix-bubble-pool-eviction	Discovery route tap-to-follow-to-refill cycle via BubbleManager/FollowOrchestrator	
bubble-pool-lifecycle	ListSimilar and ListTop limit parameter	af5b9d7e	2	KEEP	components/usecase/artist/list-similar	ListSimilar and ListTop limit parameter			medium	2026-02-27-fix-bubble-pool-eviction	ArtistUseCase.ListSimilar limit param; SPLIT-CANDIDATE also governs ArtistUseCase.ListTop	
bubble-replenishment	Canvas replenishes bubbles when similar artists are exhausted	eff94ea8	3	KEEP	components/infrastructure/ui/fan/route/discovery	Canvas replenishes bubbles when similar artists are exhausted		CLASSNAME	high	2026-03-04-fix-onboarding-ux-regressions	Discovery-canvas bubble replenishment behavior on the discovery route; BubbleManager is an implementation class name	
bubble-state-management	BubbleManager provides single source of truth for bubble lifecycle	2dc53917	4	KEEP	components/infrastructure/ui/fan/route/discovery	Bubble field provides single source of truth for bubble lifecycle	BUBBLE-CAP	CLASSNAME	high	2026-03-17-refactor-discovery-state-management	BubbleManager is consumed only by the discovery route's canvas/physics UI	
bubble-state-management	BubbleManager enforces capacity through coordinated eviction	a7ae2dc4	2	KEEP	components/infrastructure/ui/fan/route/discovery	Bubble field enforces capacity through coordinated eviction	BUBBLE-CAP	CLASSNAME	high	2026-03-17-refactor-discovery-state-management	Elaborates the same eviction/capacity sync already scoped to the discovery route's BubbleManager	
bubble-state-management	BubbleManager defers canvas reads until element is visible	049c705d	2	KEEP	components/infrastructure/ui/fan/route/discovery	Bubble canvas reads deferred until element is visible		CLASSNAME	high	2026-03-17-refactor-discovery-state-management	Prevents bubbles spawning at (0,0) on the discovery route's canvas, a user-visible glitch prevention scoped to that route	
bubble-state-management	BubbleManager supports reset to global top artists	c90699e2	3	KEEP	components/infrastructure/ui/fan/route/discovery	Bubble field reset restores global top artists		CLASSNAME	medium	2026-06-01-reset-discovery-bubbles	Reset UI behavior on the discovery route is dominant; references ArtistUseCase.ListTop only as the data source (SPLIT-CANDIDATE)	
bubble-state-management	Initial load tops up a sparse discovery field	06c1e0ef	3	KEEP	components/infrastructure/ui/fan/route/discovery	Initial load tops up a sparse discovery field		CLASSNAME	high	2026-06-01-reset-discovery-bubbles	BubbleManager initial-load top-up behavior scoped to the discovery route	
bubble-state-management	Physics layer is a pure projection of the field	3ced30f7	3	KEEP	components/infrastructure/ui/fan/route/discovery	Physics layer is a pure projection of the field			high	2026-08-13-refactor-discovery-bubble-field-state	Canvas/physics rendering layer within the discovery route reconciles to the bubble field	
bubble-state-management	Bubble invariants are applied once at the field boundary	876258e9	2	KEEP	components/infrastructure/ui/fan/route/discovery	Bubble invariants are applied once at the field boundary		CLASSNAME	high	2026-08-13-refactor-discovery-bubble-field-state	Field-boundary invariants owned by BubbleManager on the discovery route; the field is transient client state, not a persisted entity	
bulk-insert-unnest	Bulk artist creation via unnest	1e34d024	3	OUT:design-doc					high	2026-02-21-artist-creation	[re-audit] repository-layer SQL insert technique (unnest arrays) with identical observable result (artists created, IDs returned); performance-only implementation choice	openspec/changes/archive/2026-02-21-artist-creation/design.md (Decisions Decision 3)
bulk-insert-unnest	Concert bulk insert via unnest	e017feec	2	OUT:design-doc					high	2026-02-21-artist-creation	[re-audit] repository-layer SQL insert technique; performance-only implementation choice, no behavior change	openspec/changes/archive/2026-02-21-artist-creation/design.md (already-covered)
card-logo-presentation	Logo and text visibility on unmatched cards	a64c1143	2	KEEP	components/infrastructure/ui/fan/global/live-highway	Logo and text visibility on unmatched cards			high	2026-03-18-improve-card-logo-visibility	event-card rendering inside the shared live-highway timetable component	
card-logo-presentation	Center-aligned card content	fd1b20a1	2	KEEP	components/infrastructure/ui/fan/global/live-highway	Center-aligned card content			high	2026-03-18-improve-card-logo-visibility	event-card layout inside the shared live-highway component	
card-logo-presentation	Text fallback font size prominence	9ade909d	1	KEEP	components/infrastructure/ui/fan/global/live-highway	Text fallback font size prominence			high	2026-03-18-improve-card-logo-visibility	event-card text-fallback styling inside the shared live-highway component	
card-logo-presentation	Logo scales to fill card space	4e61d412	1	KEEP	components/infrastructure/ui/fan/global/live-highway	Logo scales to fill card space			high	2026-03-18-improve-card-logo-visibility	ClearLOGO scaling inside the shared live-highway event card	
certificate-manager-integration	Google-Managed Certificate Provisioning	95bc49f8	2	OUT:runbook					high	2026-02-14-expose-api-via-gateway	Google Certificate Manager TLS provisioning for api.liverty-music.app; ops-only	openspec/changes/archive/2026-02-14-expose-api-via-gateway/design.md (already-covered)
certificate-manager-integration	DNS Validation for Certificate Issuance	ee921aa0	2	OUT:runbook					high	2026-02-14-expose-api-via-gateway	CNAME-based DNS authorization for certificate issuance; ops-only	openspec/changes/archive/2026-02-14-expose-api-via-gateway/design.md (already-covered)
certificate-manager-integration	Certificate Map for Gateway Binding	726cc4e7	2	OUT:runbook					high	2026-02-14-expose-api-via-gateway	Certificate Map resource binding hostnames to certs on the Gateway; ops-only	openspec/changes/archive/2026-02-14-expose-api-via-gateway/design.md (already-covered)
certificate-manager-integration	Automatic Certificate Renewal	aca093ca	1	OUT:runbook					high	2026-02-14-expose-api-via-gateway	Google-managed certificate auto-renewal; ops-only	openspec/changes/archive/2026-02-14-expose-api-via-gateway/design.md (already-covered)
certificate-manager-integration	Certificate Status Monitoring	f14f2f06	1	OUT:runbook					high	2026-02-14-expose-api-via-gateway	GCP Console/API certificate status visibility; ops-only	openspec/changes/archive/2026-02-14-expose-api-via-gateway/design.md (already-covered)
certificate-manager-integration	Zero-Downtime Certificate Update	c017ab49	1	OUT:runbook					high	2026-02-14-expose-api-via-gateway	Live certificate rotation without dropping TLS connections; ops-only	openspec/changes/archive/2026-02-14-expose-api-via-gateway/design.md (Decisions §2)
ci-optimization	Workflows cancel superseded runs	ac6f315a	2	OUT:runbook					high	2026-02-26-optimize-ci-jobs	CI workflow concurrency config; no fan or organizer actor.	openspec/changes/archive/2026-02-26-optimize-ci-jobs/design.md (already-covered (Decision 1 + Risks))
ci-optimization	Workflows declare minimum required permissions	40d19387	2	OUT:runbook					high	2026-02-26-optimize-ci-jobs	[re-audit-2] Still OUT:runbook under corrected criterion: CI token permission policy (infra/ops/lint mechanics, not what the product does)	openspec/changes/archive/2026-02-26-optimize-ci-jobs/design.md (already-covered (Decision 4))
ci-optimization	Frontend CI enforces code quality gates	7fa6434a	3	OUT:runbook					high	2026-02-26-optimize-ci-jobs	[re-audit-2] Still OUT:runbook under corrected criterion: CI quality-gate jobs (infra/ops/lint mechanics, not what the product does)	openspec/changes/archive/2026-02-26-optimize-ci-jobs/design.md (already-covered (Goals))
ci-optimization	Frontend CI reports coverage on PRs	a456d383	1	OUT:runbook					high	2026-02-26-optimize-ci-jobs	[re-audit-2] Still OUT:runbook under corrected criterion: CI coverage-reporting mechanics (infra/ops/lint mechanics, not what the product does)	openspec/changes/archive/2026-02-26-optimize-ci-jobs/design.md (Decisions Decision 3)
ci-optimization	Backend CI enforces format correctness	b7d312b7	1	OUT:lint					high	2026-02-26-optimize-ci-jobs	[re-audit-2] Still OUT:lint under corrected criterion: gofmt formatting check is a lint rule (infra/ops/lint mechanics, not what the product does)	openspec/changes/archive/2026-02-26-optimize-ci-jobs/design.md (Decisions Decision 6 (new))
ci-optimization	Atlas migration lint runs without Atlas Cloud	74a3f62f	2	OUT:runbook					high	2026-02-26-optimize-ci-jobs	[re-audit-2] Still OUT:runbook under corrected criterion: CI migration-lint operational constraint (infra/ops/lint mechanics, not what the product does)	openspec/changes/archive/2026-02-26-optimize-ci-jobs/design.md (already-covered (Decision 2))
ci-optimization	Benchmark workflow uses consistent Postgres version	03c73eaa	1	OUT:runbook					high	2026-02-26-optimize-ci-jobs	[re-audit-2] Still OUT:runbook under corrected criterion: CI benchmark infra config (infra/ops/lint mechanics, not what the product does)	openspec/changes/archive/2026-02-26-optimize-ci-jobs/design.md (Decisions Decision 7 (new))
ci-optimization	Both repos have a CI success gate job	542b09d5	2	OUT:runbook					high	2026-02-26-optimize-ci-jobs	[re-audit-2] Still OUT:runbook under corrected criterion: CI branch-protection gate job (infra/ops/lint mechanics, not what the product does)	openspec/changes/archive/2026-02-26-optimize-ci-jobs/design.md (already-covered (Decision 5))
ci-optimization	Claude code review runs via a single org-wide reusable workflow	ac211d95	3	OUT:runbook					high	2026-05-16-claude-review-check-run	[re-audit-2] Still OUT:runbook under corrected criterion: Org-wide CI review workflow plumbing (infra/ops/lint mechanics, not what the product does)	openspec/changes/archive/2026-05-16-claude-review-check-run/design.md (Decisions §2)
ci-optimization	Claude review posts advisory inline comments on pull requests	63794ce5	3	OUT:runbook					high	2026-05-29-honor-thread-resolution-in-claude-review-check	[re-audit-2] Still OUT:runbook under corrected criterion: CI review-comment mechanics (infra/ops/lint mechanics, not what the product does)	openspec/changes/archive/2026-05-29-honor-thread-resolution-in-claude-review-check/design.md (Decisions §1)
ci-optimization	Branch protection gates merges on CI Success only	8503c748	2	OUT:runbook					high	2026-05-29-honor-thread-resolution-in-claude-review-check	[re-audit-2] Still OUT:runbook under corrected criterion: Branch-protection policy (infra/ops/lint mechanics, not what the product does)	openspec/changes/archive/2026-05-29-honor-thread-resolution-in-claude-review-check/design.md (already-covered)
cloud-dns-infrastructure	Domain Configuration via Pulumi ESC	9787a661	2	OUT:design-doc					high	2026-02-14-expose-api-via-gateway	[re-audit-2] Pulumi ESC config-sourcing decision for DNS provider credentials; infra provisioning, not product API/UI	openspec/changes/archive/2026-02-14-expose-api-via-gateway/design.md (Decisions §7)
cloud-dns-infrastructure	No Manual Registrar Nameserver Update	3a0c2a82	2	OUT:design-doc					high	2026-02-14-expose-api-via-gateway	registrar/DNS provider policy decision	openspec/changes/archive/2026-02-14-expose-api-via-gateway/design.md (already-covered)
cloud-dns-infrastructure	Environment Isolation via DNS Architecture	2bb67820	3	OUT:design-doc					high	2026-02-14-expose-api-via-gateway	dev/prod DNS architecture decision	openspec/changes/archive/2026-02-14-expose-api-via-gateway/design.md (Decisions §7)
cloud-dns-infrastructure	No Conflicting Private Zones	de6f52ee	1	OUT:design-doc					high	2026-02-14-expose-api-via-gateway	Cloud DNS vs Cloudflare zone coexistence decision	openspec/changes/archive/2026-02-14-expose-api-via-gateway/design.md (Risks / Trade-offs (Risk 6))
cloud-dns-infrastructure	Cloudflare DNS Zone Management	bb46bb73	5	OUT:design-doc					high	2026-05-15-consolidate-public-dns-on-cloudflare	DNS zone/record management technology decision	openspec/changes/archive/2026-05-15-consolidate-public-dns-on-cloudflare/design.md (already-covered)
cloud-sql-connector	Authenticate via Cloud SQL Connector	bbf23286	1	OUT:runbook					high	2026-03-06-dedicated-db-schema	[re-audit-2] cloudsqlconn.Dialer + pgx IAM-auth wiring for non-local ENVIRONMENT; backend infra connectivity, no product behavior	openspec/changes/archive/2026-03-06-dedicated-db-schema/design.md (already-covered)
cloud-sql-connector	Standard Connection for Local	49e0e238	1	OUT:runbook					high	2026-02-22-atlas-operator-migration	[re-audit-2] standard pgx TCP connection for local dev; backend infra, no product behavior	openspec/changes/archive/2026-02-22-atlas-operator-migration/design.md (Decisions §7)
cloud-sql-connector	Database schema SHALL be configurable via environment variable	10553097	2	OUT:runbook					high	2026-02-22-atlas-operator-migration	[re-audit-2] DATABASE_SCHEMA env var controlling the pgx DSN search_path; connection config, not a product-facing data semantic	openspec/changes/archive/2026-02-22-atlas-operator-migration/design.md (Decisions §7)
cloud-sql-connector	Configuration Validation	736a89a1	1	OUT:runbook					high		[re-audit-2] startup validation that InstanceConnectionName is present; process-boot config check, no product behavior	git-history (untraced)
cloud-sql-connector	A standalone Auth Proxy Deployment SHALL exist in dev for local access	59c7508a	1	OUT:runbook					high	2026-04-13-dev-db-local-access	[re-audit-2] cloud-sql-proxy Deployment for dev-only local DB access; infra convenience, no product behavior	openspec/changes/archive/2026-04-13-dev-db-local-access/design.md (already-covered)
commit-gate-hook	Claude Code PreToolUse hook blocks unchecked commits	2f0b8e7b	2	OUT:runbook					high	2026-03-05-unify-lint-test-ops	AI-agent dev-tooling gate (PreToolUse hook running make check); no product user actor	openspec/changes/archive/2026-03-05-unify-lint-test-ops/design.md (already-covered)
commit-gate-hook	code-verifier skill removal	f327ca15	1	DROP:obsolete					high	2026-03-05-unify-lint-test-ops	one-time cleanup task (removing a retired Claude skill); no lasting rule, no user actor	
commit-gate-hook	CLAUDE.md and AGENTS.md updated	ceb22887	1	OUT:runbook					high	2026-03-05-unify-lint-test-ops	developer-documentation standard listing Makefile commands; no product user actor	openspec/changes/archive/2026-03-05-unify-lint-test-ops/design.md (Migration Plan)
component-smoke-tests	Component mount smoke tests	5804d8d7	3	OUT:delete					high	2026-03-15-add-component-smoke-tests	[re-audit-2] Still OUT:delete under corrected criterion: ; unit-test inventory (infra/ops/lint mechanics, not what the product does)	openspec/changes/archive/2026-03-15-add-component-smoke-tests/design.md (already-covered)
component-smoke-tests	DI mock registry for smoke tests	6bf27f70	2	OUT:delete					high	2026-03-15-add-component-smoke-tests	[re-audit-2] Still OUT:delete under corrected criterion: ; test infrastructure (infra/ops/lint mechanics, not what the product does)	openspec/changes/archive/2026-03-15-add-component-smoke-tests/design.md (already-covered)
component-smoke-tests	E2E console error smoke test	a0fc67de	4	OUT:delete					high	2026-03-15-add-component-smoke-tests	[re-audit-2] Still OUT:delete under corrected criterion: ; CI mechanics (infra/ops/lint mechanics, not what the product does)	openspec/changes/archive/2026-03-15-add-component-smoke-tests/design.md (Decisions §D5)
concert-approval-queue	Approval publishes the concert	f2801da4	3	KEEP	components/usecase/concert/approve	Approval publishes the concert	CONCERT-APPROVE		high	2026-06-17-add-concert-approval-queue	Matches AdminConcertUseCase.Approve, which inserts the published event and publishes CONCERT.created	
concert-approval-queue	Rejection drops the concert and is non-permanent	68496dfd	3	KEEP	components/usecase/concert/reject	Rejection drops the concert and is non-permanent			high	2026-06-17-add-concert-approval-queue	Matches AdminConcertUseCase.Reject	
concert-approval-queue	Re-discovery dedup consults published and pending state	ed457141	3	KEEP	components/usecase/concert/search-new-concerts	Re-discovery dedup consults published and pending state	REDISCOVERY-FILTER		medium	2026-06-17-add-concert-approval-queue	Describes the search pipeline's pre-staging filter, i.e. ConcertUseCase.SearchNewConcerts	
concert-approval-queue	Rejection log is append-only and analysis-only	6ff21eb8	1	KEEP	components/usecase/concert/create-from-discovered	Rejection log is append-only and analysis-only	DISCOVERY-CONSUMER		medium	2026-06-17-add-concert-approval-queue	Clarifies that rejected_concerts_log has no effect on the CONCERT.discovered consumer's staging decision (ConcertCreationUseCase.CreateFromDiscovered)	
concert-approval-queue	Admin-scoped moderation RPCs	39332caf	3	KEEP	components/usecase/concert/list-pending	Admin-scoped moderation RPCs			medium	2026-06-17-add-concert-approval-queue	Bundles ListPendingConcerts/ApproveConcert/RejectConcert authorization; dominant scenario is ListPendingConcerts (AdminConcertUseCase.ListPending); SPLIT-CANDIDATE across approve/reject	
concert-approval-queue	Admin console approval-queue UI	a10f8ce5	5	KEEP	components/infrastructure/ui/admin/route/approval-queue	Admin console approval-queue UI			high	2026-06-17-add-concert-approval-queue	[Pass 2 vocab-extension] The bundle-isolated admin/ app has no matching entry in vocabulary's ui/route or ui/global lists (those cover only frontend/src/routes and frontend/src/components)	
concert-approval-queue	Approval reconciles a duplicate existing event	7784b8a8	4	KEEP	components/usecase/concert/approve	Approval reconciles a duplicate existing event	CONCERT-APPROVE		high	2026-07-27-fix-concert-approval-dedup	Extends AdminConcertUseCase.Approve's duplicate-conflict outcome	
concert-approval-queue	Discovery auto-publishes new concerts and stages only conflicts	9e6cf2d0	5	KEEP	components/usecase/concert/create-from-discovered	Discovery auto-publishes new concerts and stages only conflicts	DISCOVERY-CONSUMER		high	2026-08-18-auto-publish-new-concerts	Matches ConcertCreationUseCase.CreateFromDiscovered, the CONCERT.discovered consumer	
concert-approval-queue	Deleting a published concert suppresses re-discovery	69628543	2	KEEP	components/usecase/concert/delete	Deleting a published concert suppresses re-discovery			high	2026-08-18-auto-publish-new-concerts	Matches AdminConcertUseCase.Delete recording the suppression entry	
concert-approval-queue	Re-discovery skips suppressed concerts	a433cd90	2	KEEP	components/usecase/concert/search-new-concerts	Re-discovery skips suppressed concerts	REDISCOVERY-FILTER		medium	2026-08-18-auto-publish-new-concerts	Extends the same ConcertUseCase.SearchNewConcerts filter as the published/pending dedup requirement	
concert-detail	Concert Detail View	a8544792	13	KEEP	components/infrastructure/ui/fan/route/dashboard	Concert Detail View			medium	2026-02-22-concert-detail	Sheet opens from the dashboard concert card and owns the /concerts/:id URL under the dashboard route	
concert-detail	Localized Concert Detail Sheet Copy	f7dfd024	4	KEEP	components/infrastructure/ui/fan/route/dashboard	Localized Concert Detail Sheet Copy			medium	2026-05-30-refine-onboarding-copy	i18n copy for the same dashboard-owned event-detail-sheet template	
concert-detail	Compact journey-status control layout	e7f498bc	4	KEEP	components/infrastructure/ui/fan/route/dashboard	Compact journey-status control layout			medium	2026-06-05-compact-ticket-status-layout	Layout change to the journey-status control inside the same dashboard-owned detail sheet	
concert-detail	Dashboard Lane Assignment	cbdf6a0b	3	KEEP	components/usecase/concert/list-by-follower-grouped	Dashboard Lane Assignment			medium	2026-02-22-concert-detail	Lane bucketing (My City/Region/Others) matches ConcertUseCase.ListByFollowerGrouped's grouped response shape	
concert-detail	Deep-link auto-open of a concert detail sheet	4799f75e	4	KEEP	components/infrastructure/ui/fan/route/dashboard	Deep-link auto-open of a concert detail sheet			high	2026-08-10-deeplink-push-to-concert-detail	Requirement explicitly ties auto-open to the dashboard loading at the /concerts/:id route	
concert-highway-ce	Concert Highway Custom Element	018f059e	5	KEEP	components/infrastructure/ui/fan/global/live-highway	Concert Highway Custom Element		CLASSNAME	high	2026-03-26-extract-concert-highway-ce	Vocabulary target renames the concert-highway CE to live-highway; shared 3-column lane grid used by dashboard and Welcome preview	
concert-highway-ce	Beam tracking updates efficiently per frame	c205c62c	3	KEEP	components/infrastructure/ui/fan/global/live-highway	Beam tracking updates efficiently per frame		CLASSNAME	high	2026-07-10-optimize-concert-highway-beam-tracking	Same live-highway CE; per-frame beam-tracking performance refinement, no observable behavior change	
concert-search	Search Concerts by Artist	b489675b	9	KEEP	components/usecase/concert/search-new-concerts	Search Concerts by Artist			high	2026-02-15-search-concerts-cache	defines ConcertUseCase.SearchNewConcerts RPC contract and caching/freshness behavior	
concert-search	Venue Administrative Area Extraction	bb3642bf	3	KEEP	components/usecase/concert/search-new-concerts	Venue Administrative Area Extraction			medium	2026-02-22-extract-concert-venue	admin_area extraction is part of SearchNewConcerts' response data, not a separate entity invariant	
concert-search	Resilient External Search	903bb177	5	KEEP	components/usecase/concert/search-new-concerts	Resilient External Search			high	2026-03-03-fix-concert-search-timeout	retry/timeout behavior of the SearchNewConcerts RPC's external API call	
concert-search	Concert Deduplication Natural Key	622a6aa8	9	KEEP	components/usecase/concert/search-new-concerts	Concert Deduplication Natural Key		CLASSNAME	medium	2026-03-10-fix-concert-dedup	executeSearch's dedup key determines the result of SearchNewConcerts; tie-break: true-after-operation -> usecase	
concert-search	Dedup Key Comparison for Existing Concerts	51c718a2	2	KEEP	components/usecase/concert/search-new-concerts	Dedup Key Comparison for Existing Concerts			medium	2026-03-10-fix-concert-dedup	dedup lookup-set construction is internal to the SearchNewConcerts result computation	
concert-search	Resilience to Gemini API Non-Determinism	12d3dd70	6	KEEP	components/usecase/concert/search-new-concerts	Resilience to Gemini API Non-Determinism			medium	2026-03-10-fix-concert-dedup	non-determinism handling governs what SearchNewConcerts ultimately persists/returns	
concert-search	Dedup Tolerates Venue Name Drift	1fcd9cc8	3	KEEP	components/usecase/concert/search-new-concerts	Dedup Tolerates Venue Name Drift			medium	2026-07-27-fix-concert-approval-dedup	venue-name normalization is part of the SearchNewConcerts dedup result	
concert-search-internals	Usecase layer SHALL NOT import infrastructure packages	cd41027f	2	OUT:lint					high	2026-03-26-refactor-concert-search	[re-audit] Go Clean-Architecture import-boundary rule for internal/usecase; a code-structure/layering convention, not product behavior	openspec/changes/archive/2026-03-26-refactor-concert-search/design.md (already-covered)
concert-search-internals	Search status marking SHALL use defer pattern	e7795de1	2	OUT:lint					high	2026-03-26-refactor-concert-search	[re-audit] Mandates a single defer block in executeSearch for status marking; a Go code-structure convention	openspec/changes/archive/2026-03-26-refactor-concert-search/design.md (already-covered)
concert-search-internals	Time-dependent tests SHALL use testing/synctest	f466409e	2	OUT:lint					high	2026-03-26-refactor-concert-search	[re-audit] Test-methodology rule for deterministic time control in tests; a test-inventory/methodology convention	openspec/changes/archive/2026-03-26-refactor-concert-search/design.md (already-covered)
concert-search-internals	resolveUserID SHALL NOT be duplicated	093b52c3	2	OUT:lint					high	2026-03-26-refactor-concert-search	[re-audit] DRY rule requiring a single shared resolveUserID helper; a code-structure convention	openspec/changes/archive/2026-03-26-refactor-concert-search/design.md (already-covered)
concert-search-internals	Entity construction SHALL use domain methods	3102b636	1	OUT:lint					high	2026-03-26-refactor-concert-search	[re-audit] Mandates ScrapedConcert.ToConcert() over inline field assignment; a code-structure convention, no behavioral difference in the resulting entity	openspec/changes/archive/2026-03-26-refactor-concert-search/design.md (Decisions §5)
concert-search-log	Track Concert Search History	f50c63ed	3	KEEP	components/usecase/concert/search-new-concerts	Track Concert Search History	SEARCH-LOG		medium	2026-02-15-search-concerts-cache	search-timestamp tracking is a state change resulting from ConcertUseCase.SearchNewConcerts	
concert-search-log	Search Log Persistence	bf73ee5e	2	OUT:design-doc					high	2026-02-15-search-concerts-cache	[re-audit] latest_search_logs table column layout (artist_id/searched_at/last_found_at) is a persistence-schema detail internal to the search-dedup mechanism, not observable via any API or UI	openspec/changes/archive/2026-02-15-search-concerts-cache/design.md (Decisions §4)
concert-search-log	Frontend search status polling for onboarding	1d1af1c4	5	KEEP	stories/onboard-new-fan	Frontend search status polling for onboarding			medium	2026-03-19-fix-onboarding-concert-search-gate	polling supports the onboarding flow spanning welcome/discovery/dashboard routes; story proposal	
concert-search-log	Track Last Concert Discovery Time	7d86ead6	3	KEEP	components/usecase/concert/search-new-concerts	Track Last Concert Discovery Time	SEARCH-LOG		medium	2026-06-02-reduce-gemini-search-cost	discovery-timestamp tracking is a state change resulting from SearchNewConcerts	
concert-service	Concert Service	3f13acfa	4	KEEP	components/usecase/concert/list-by-artist	Concert Service			medium	2026-02-22-concert-detail	bundles List(->concert/list-by-artist), ListArtists(->artist/list), CreateArtist(->artist/create) scenarios; dominant scenario is ConcertUseCase.ListByArtist; SPLIT-CANDIDATE for ListArtists/CreateArtist scenarios	
concert-service	Search Concerts by Artist	4c0b8b02	5	KEEP	components/usecase/concert/search-new-concerts	Search Concerts by Artist			high	2026-02-19-auto-concert-discovery	direct match to ConcertUseCase.SearchNewConcerts	
concert-service	Concert Persistence	d9a67866	5	KEEP	components/usecase/concert/approve	Concert Persistence			medium	2026-02-19-auto-concert-discovery	AdminConcertUseCase.Approve persists staged concerts via bulk insert; the staging scenario also touches create-from-discovered, SPLIT-CANDIDATE	
concert-service	List Concerts with Proximity for Unauthenticated Users	0a3cd853	6	KEEP	components/usecase/concert/list-by-artists	List Concerts with Proximity for Unauthenticated Users			medium	2026-03-19-fix-onboarding-dashboard	unauthenticated ListWithProximity RPC is backed by ConcertUseCase.ListByArtists (plural, coordinates for proximity), per the Venue Resolution requirement below	
concert-service	Venue Resolution in Concert List	d48a9f92	3	KEEP	components/usecase/concert/list-by-artist	Venue Resolution in Concert List			medium	2026-02-22-concert-detail	dominant scenarios describe ConcertRepository.ListByArtist JOIN + mapper; third scenario covers ListByArtists (plural), SPLIT-CANDIDATE	
concert-service	Concert-Event Association	5cd50171	1	KEEP	components/entity/concert	Concert-Event Association			high		always-true structural invariant of the Concert entity (Event field integrity)	
concert-service	Listed Venue Name Preservation	d0beb89d	2	KEEP	components/entity/event	Listed Venue Name Preservation			medium	2026-02-22-extract-concert-venue	structural field invariant of the Event entity (listed_venue_name distinct from Venue.Name)	
concert-service	Venue AdminArea Persistence	f82ebb0c	2	KEEP	components/entity/venue	Venue AdminArea Persistence			medium	2026-02-22-extract-concert-venue	structural field invariant of the Venue entity (admin_area set/NULL)	
concert-service	List Concerts by Follower	6d6a87e3	5	KEEP	components/usecase/concert/list-by-follower-grouped	List Concerts by Follower			medium	2026-02-26-fix-n-plus-1-concert-rpc	ConcertUseCase.ListByFollowerGrouped returns the ProximityGroup-shaped grouped-by-date result described in the scenarios	
concert-service	Event Natural Key Constraint	a97174d2	3	KEEP	components/entity/event	Event Natural Key Constraint			medium	2026-03-10-fix-concert-dedup	entity identity invariant (natural key uniqueness) of the Event entity	
concert-service	Concert UPSERT on Natural Key	d3e5718e	5	KEEP	components/usecase/concert/approve	Concert UPSERT on Natural Key			medium	2026-03-10-fix-concert-dedup	conflict-resolution behavior of ConcertRepository.Create used at approval time (AdminConcertUseCase.Approve)	
concert-service	Duplicate Data Cleanup Migration	d88f1e92	3	DROP:obsolete					high	2026-03-10-fix-concert-dedup	one-time, already-run database migration script; no user actor, no ongoing value	
concert-service	ConcertService handler timeout isolation	653f357b	3	KEEP	components/usecase/concert/search-new-concerts	ConcertService handler timeout isolation			medium	2026-03-26-gemini-retry-timeout-fix	timeout as experienced by the SearchNewConcerts caller (Gemini API grounding latency)	
concert-service	GKE Gateway timeout for ConcertService	3736f990	1	OUT:design-doc					high	2026-03-26-gemini-retry-timeout-fix	[re-audit] Gateway backend policy timeoutSec value tuned to the handler timeout; infra configuration, not a product API contract	openspec/changes/archive/2026-03-26-gemini-retry-timeout-fix/design.md (already-covered)
concert-service	ListByLocation RPC	2e789f1a	9	KEEP	components/usecase/concert/list-by-location	ListByLocation RPC			high	2026-08-09-passive-concert-discovery	direct match to ConcertUseCase.ListByLocation in vocabulary	
connect-rpc-cors	CORS Middleware for Connect-RPC	fd0ec114	2	OUT:design-doc					high	2026-02-14-expose-api-via-gateway	[re-audit] cross-cutting CORS handling; pass1-prompt tie-break rule states telemetry/cors -> OUT explicitly	openspec/changes/archive/2026-02-14-expose-api-via-gateway/design.md (already-covered)
connect-rpc-cors	Allowed Origins Configuration	4fed2e18	2	OUT:design-doc					high	2026-02-14-expose-api-via-gateway	[re-audit] CORS allowed-origins env config; covered by the same explicit cors -> OUT tie-break rule	openspec/changes/archive/2026-02-14-expose-api-via-gateway/design.md (already-covered)
connect-rpc-cors	Connect-RPC Protocol Headers	288a92e4	2	OUT:design-doc					high	2026-02-14-expose-api-via-gateway	[re-audit] Connect protocol header allowlist for CORS; covered by the cors -> OUT tie-break rule	openspec/changes/archive/2026-02-14-expose-api-via-gateway/design.md (Decisions §4)
connect-rpc-cors	Authorization Header Support	912304b9	1	OUT:design-doc					high	2026-02-14-expose-api-via-gateway	[re-audit] CORS header allowlist entry for Authorization; covered by the cors -> OUT tie-break rule	openspec/changes/archive/2026-02-14-expose-api-via-gateway/design.md (already-covered)
connect-rpc-cors	CORS Validation at Startup	92c282b3	1	OUT:runbook					high	2026-02-14-expose-api-via-gateway	[re-audit] startup warning log when CORS_ALLOWED_ORIGINS is unset; operational diagnostic, covered by cors -> OUT tie-break rule	openspec/changes/archive/2026-02-14-expose-api-via-gateway/design.md (already-covered)
consumer-poison-queue-alerting	Poison Queue consumer emits ERROR logs	8c351921	3	OUT:runbook					medium	2026-03-30-improve-consumer-observability	[re-audit-2] requirement's own subject is the ERROR-log emission feeding app-error-log-alerting; the ack/no-reprocess message-routing semantic it references is a Watermill retry-to-POISON-stream behavior owned by the event-consumer spec (out of this batch), not introduced here	openspec/changes/archive/2026-03-30-improve-consumer-observability/design.md (Decisions Decision 2)
consumer-poison-queue-alerting	NATS POISON stream lag alert	8fe71c24	3	OUT:runbook					high	2026-03-30-improve-consumer-observability	[re-audit-2] Cloud Monitoring alert policy on POISON stream lag with Slack/Chat notification; ops alerting, no user actor and no product-facing contract	openspec/changes/archive/2026-03-30-improve-consumer-observability/design.md (Decisions Decision 3)
continuous-delivery	ArgoCD Manifests	7f6c4460	2	OUT:runbook					high	2026-02-22-optimize-k8s-dev-resources	ArgoCD/CI/CD GitOps mechanics; ops-only, no fan/organizer actor	openspec/changes/archive/2026-02-22-optimize-k8s-dev-resources/design.md (already-covered)
continuous-delivery	Internal Web UI Access	1e38a096	1	OUT:runbook					high		ArgoCD/CI/CD GitOps mechanics; ops-only, no fan/organizer actor	git-history (untraced)
continuous-delivery	Git Repository Integration	543baacf	1	OUT:runbook					high		ArgoCD/CI/CD GitOps mechanics; ops-only, no fan/organizer actor	git-history (untraced)
continuous-delivery	Root Application	cea62654	1	OUT:runbook					high		ArgoCD/CI/CD GitOps mechanics; ops-only, no fan/organizer actor	git-history (untraced)
continuous-delivery	Image Build and Publish	95da5105	1	OUT:runbook					high		ArgoCD/CI/CD GitOps mechanics; ops-only, no fan/organizer actor	git-history (untraced)
continuous-delivery	Secure CI Authentication	0446782b	1	OUT:runbook					high		ArgoCD/CI/CD GitOps mechanics; ops-only, no fan/organizer actor	git-history (untraced)
continuous-delivery	Backend Application Provisioning	4138385a	1	OUT:runbook					high		ArgoCD/CI/CD GitOps mechanics; ops-only, no fan/organizer actor	git-history (untraced)
continuous-delivery	ArgoCD SHALL sync Atlas migration resources from backend repo	d985e2b9	1	OUT:runbook					high	2026-02-22-atlas-operator-migration	ArgoCD/CI/CD GitOps mechanics; ops-only, no fan/organizer actor	openspec/changes/archive/2026-02-22-atlas-operator-migration/design.md (Decisions §3)
continuous-delivery	Migration sync wave SHALL precede application deployment	0c3094ff	1	OUT:runbook					high	2026-02-22-atlas-operator-migration	ArgoCD/CI/CD GitOps mechanics; ops-only, no fan/organizer actor	openspec/changes/archive/2026-02-22-atlas-operator-migration/design.md (already-covered)
coordinates-vo	Coordinates Value Object	0928dc72	7	KEEP	components/entity/coordinates	Coordinates Value Object			high	2026-03-11-introduce-coordinates-vo	Coordinates proto/Go value object is the canonical entity type for WGS84 points	
css-linting	Stylelint enforces modern color functions	fab9a126	3	OUT:lint					high	2026-03-06-introduce-stylelint	[re-audit-2] Stylelint rule/CI wiring; CSS authoring/code-style convention enforced by tooling, not runtime product behavior	openspec/changes/archive/2026-03-06-introduce-stylelint/design.md (Decisions §7)
css-linting	Stylelint enforces CSS Logical Properties	c4665fe1	4	OUT:lint					high	2026-03-06-introduce-stylelint	[re-audit-2] Stylelint rule/CI wiring; CSS authoring/code-style convention enforced by tooling, not runtime product behavior	openspec/changes/archive/2026-03-06-introduce-stylelint/design.md (already-covered)
css-linting	Stylelint enforces Container Queries over viewport-width media queries	c2679bf2	3	OUT:lint					high	2026-03-06-introduce-stylelint	[re-audit-2] Stylelint rule/CI wiring; CSS authoring/code-style convention enforced by tooling, not runtime product behavior	openspec/changes/archive/2026-03-06-introduce-stylelint/design.md (already-covered)
css-linting	Stylelint prevents CSS anti-patterns	0516f8d1	6	OUT:lint					high	2026-03-06-introduce-stylelint	[re-audit-2] Stylelint rule/CI wiring; CSS authoring/code-style convention enforced by tooling, not runtime product behavior	openspec/changes/archive/2026-03-06-introduce-stylelint/design.md (Decisions §8)
css-linting	Stylelint enforces property declaration ordering	87d0d4ed	1	OUT:lint					high	2026-03-06-introduce-stylelint	[re-audit-2] Stylelint rule/CI wiring; CSS authoring/code-style convention enforced by tooling, not runtime product behavior	openspec/changes/archive/2026-03-06-introduce-stylelint/design.md (already-covered)
css-linting	Stylelint compatible with modern CSS at-rules	b6c61524	2	OUT:lint					high		[re-audit-2] Stylelint rule/CI wiring; CSS authoring/code-style convention enforced by tooling, not runtime product behavior	git-history (untraced)
css-linting	Stylelint enforces stacking context management	c119e7fb	2	OUT:lint					high	2026-03-13-css-cleanup	[re-audit-2] Stylelint rule/CI wiring; CSS authoring/code-style convention enforced by tooling, not runtime product behavior	openspec/changes/archive/2026-03-13-css-cleanup/design.md (Decisions §1)
css-linting	Stylelint enforces accessibility media queries	39415478	4	OUT:lint					high	2026-03-13-css-cleanup	[re-audit-2] Stylelint rule/CI wiring; CSS authoring/code-style convention enforced by tooling, not runtime product behavior	openspec/changes/archive/2026-03-13-css-cleanup/design.md (Decisions §1)
css-linting	Stylelint integrated into CI pipeline	98576256	2	OUT:lint					high	2026-03-06-introduce-stylelint	[re-audit-2] Stylelint rule/CI wiring; CSS authoring/code-style convention enforced by tooling, not runtime product behavior	openspec/changes/archive/2026-03-06-introduce-stylelint/design.md (already-covered)
css-state-management	Three-layer responsibility separation	b0435790	2	OUT:lint					high		[re-audit-2] Still OUT:lint under corrected criterion: Aurelia TS/template/CSS coding convention, per spec Purpose (infra/ops/lint mechanics, not what the product does)	git-history (untraced)
css-state-management	Discrete visual state via `data-*.bind`	992834a2	4	OUT:lint					high		[re-audit-2] Still OUT:lint under corrected criterion: Aurelia TS/template/CSS coding convention, per spec Purpose (infra/ops/lint mechanics, not what the product does)	git-history (untraced)
css-state-management	Parent container strategy for shared state flags	22304519	1	OUT:lint					high		[re-audit-2] Still OUT:lint under corrected criterion: Aurelia TS/template/CSS coding convention, per spec Purpose (infra/ops/lint mechanics, not what the product does)	git-history (untraced)
css-state-management	Total `style` attribute ban in templates	92a0e943	5	OUT:lint					high		[re-audit-2] Still OUT:lint under corrected criterion: Aurelia TS/template/CSS coding convention, per spec Purpose (infra/ops/lint mechanics, not what the product does)	git-history (untraced)
css-state-management	CSS `attr()` migration path	cee4f55c	1	OUT:lint					high		[re-audit-2] Still OUT:lint under corrected criterion: Aurelia TS/template/CSS coding convention, per spec Purpose (infra/ops/lint mechanics, not what the product does)	git-history (untraced)
css-state-management	Animation lifecycle via CSS events	40d1fa6c	4	OUT:lint					high		[re-audit-2] Still OUT:lint under corrected criterion: Aurelia TS/template/CSS coding convention, per spec Purpose (infra/ops/lint mechanics, not what the product does)	git-history (untraced)
css-state-management	No if.bind for visual-only visibility	508f941d	2	OUT:lint					high		[re-audit-2] Still OUT:lint under corrected criterion: Aurelia TS/template/CSS coding convention, per spec Purpose (infra/ops/lint mechanics, not what the product does)	git-history (untraced)
css-state-management	Custom attributes for JS→CSS bridge only	520d225b	2	OUT:lint					high		[re-audit-2] Still OUT:lint under corrected criterion: Aurelia TS/template/CSS coding convention, per spec Purpose (infra/ops/lint mechanics, not what the product does)	git-history (untraced)
cube-css-architecture	CUBE CSS layer ordering via `@layer`	6a83dfc2	2	OUT:lint					high	2026-03-13-improve-css-design	[re-audit-2] Still OUT:lint under corrected criterion: CSS layer ordering is a style/architecture rule enforced by stylelint, (infra/ops/lint mechanics, not what the product does)	openspec/changes/archive/2026-03-13-improve-css-design/design.md (Decisions §2)
cube-css-architecture	CSS entry point at `src/styles/main.css`	862e5a6d	2	OUT:lint					high	2026-03-13-improve-css-design	[re-audit-2] Still OUT:lint under corrected criterion: CSS entry-point file structure is a build/style convention, (infra/ops/lint mechanics, not what the product does)	openspec/changes/archive/2026-03-13-improve-css-design/design.md (already-covered)
cube-css-architecture	Design tokens in `tokens.css` as plain CSS custom properties	4fe1defa	2	OUT:lint					high	2026-03-13-improve-css-design	[re-audit-2] Still OUT:lint under corrected criterion: design tokens are excluded per pass1 'What belongs' guidance, (infra/ops/lint mechanics, not what the product does)	openspec/changes/archive/2026-03-13-improve-css-design/design.md (already-covered)
cube-css-architecture	Browser reset in `reset.css` using `:where()` for zero specificity	8cf844c0	2	OUT:lint					high	2026-03-13-improve-css-design	[re-audit-2] Still OUT:lint under corrected criterion: CSS reset implementation detail, (infra/ops/lint mechanics, not what the product does)	openspec/changes/archive/2026-03-13-improve-css-design/design.md (already-covered)
cube-css-architecture	Global layer for base element styling	3d75876a	2	OUT:lint					high	2026-03-13-improve-css-design	[re-audit-2] Still OUT:lint under corrected criterion: base element styling convention, (infra/ops/lint mechanics, not what the product does)	openspec/changes/archive/2026-03-13-improve-css-design/design.md (already-covered)
cube-css-architecture	Composition layer for layout primitives	3b54bb51	6	OUT:lint					high	2026-03-13-improve-css-design	[re-audit-2] Still OUT:lint under corrected criterion: composition-layer CSS convention, (infra/ops/lint mechanics, not what the product does)	openspec/changes/archive/2026-03-13-improve-css-design/design.md (Decisions §7)
cube-css-architecture	Utility layer for single-purpose helpers	21880ac6	3	OUT:lint					high		[re-audit-2] Still OUT:lint under corrected criterion: utility-layer CSS convention, (infra/ops/lint mechanics, not what the product does)	git-history (untraced)
cube-css-architecture	Block layer for component-scoped styles	a0cf697a	3	OUT:lint					high	2026-03-13-improve-css-design	[re-audit-2] Still OUT:lint under corrected criterion: block-layer CSS scoping convention, (infra/ops/lint mechanics, not what the product does)	openspec/changes/archive/2026-03-13-improve-css-design/design.md (Decisions §1)
cube-css-architecture	Exception layer for state deviations via `data-*` attributes	82085020	6	OUT:lint					high	2026-03-13-improve-css-design	[re-audit-2] Still OUT:lint under corrected criterion: exception-layer data-attribute convention, (infra/ops/lint mechanics, not what the product does)	openspec/changes/archive/2026-03-13-improve-css-design/design.md (Decisions §9 (new))
cube-css-architecture	Spacing controlled by parent, not child	49834b90	2	OUT:lint					high	2026-03-13-improve-css-design	[re-audit-2] Still OUT:lint under corrected criterion: spacing/gap CSS convention, (infra/ops/lint mechanics, not what the product does)	openspec/changes/archive/2026-03-13-improve-css-design/design.md (already-covered)
cube-css-architecture	No TailwindCSS dependency	a6f53e1f	3	OUT:design-doc					high	2026-03-13-improve-css-design	[re-audit-2] Still OUT:design-doc under corrected criterion: dependency choice (no TailwindCSS) is a technology decision, (infra/ops/lint mechanics, not what the product does)	openspec/changes/archive/2026-03-13-improve-css-design/design.md (already-covered)
cube-css-layer-constraints	`cube/exception-data-attr` requires `data-*` selectors in exception layer	0545c3f3	4	OUT:lint					high	2026-03-13-stylelint-plugin-cube-css	[re-audit-2] Still OUT:lint under corrected criterion: stylelint rule for exception layer data-* selectors, (infra/ops/lint mechanics, not what the product does)	openspec/changes/archive/2026-03-13-stylelint-plugin-cube-css/design.md (Decisions §8)
cube-css-layer-constraints	`cube/no-visual-in-composition` prohibits visual properties in composition layer	37da0796	6	OUT:lint					high	2026-03-13-stylelint-plugin-cube-css	[re-audit-2] Still OUT:lint under corrected criterion: stylelint rule prohibiting visual props in composition layer, (infra/ops/lint mechanics, not what the product does)	openspec/changes/archive/2026-03-13-stylelint-plugin-cube-css/design.md (already-covered)
cube-css-layer-constraints	`cube/utility-single-property` limits properties per utility selector	b0fba875	5	OUT:lint					high	2026-03-13-stylelint-plugin-cube-css	[re-audit-2] Still OUT:lint under corrected criterion: stylelint rule limiting utility selector properties, (infra/ops/lint mechanics, not what the product does)	openspec/changes/archive/2026-03-13-stylelint-plugin-cube-css/design.md (Decisions §8)
cube-css-layer-constraints	`cube/block-require-scope` requires `@scope` in block layer	03820073	4	OUT:lint					high	2026-03-13-stylelint-plugin-cube-css	[re-audit-2] Still OUT:lint under corrected criterion: stylelint rule requiring @scope in block layer, (infra/ops/lint mechanics, not what the product does)	openspec/changes/archive/2026-03-13-stylelint-plugin-cube-css/design.md (already-covered)
cube-css-layer-constraints	`cube/data-attr-naming` restricts data attribute names in exception layer	173703f9	5	OUT:lint					high	2026-03-13-stylelint-plugin-cube-css	[re-audit-2] Still OUT:lint under corrected criterion: stylelint rule restricting data attribute names, (infra/ops/lint mechanics, not what the product does)	openspec/changes/archive/2026-03-13-stylelint-plugin-cube-css/design.md (Decisions §8)
cube-css-layer-enforcement	`cube/require-layer` rejects CSS rules outside `@layer` blocks	24b4a04b	5	OUT:lint					high	2026-03-13-stylelint-plugin-cube-css	[re-audit-2] custom Stylelint plugin rule for @layer usage; CSS authoring convention, not runtime product behavior	openspec/changes/archive/2026-03-13-stylelint-plugin-cube-css/design.md (Decisions §8)
cube-css-layer-enforcement	`cube/layer-order` enforces correct `@layer` declaration order	759a1bb8	6	OUT:lint					high	2026-03-13-stylelint-plugin-cube-css	[re-audit-2] custom Stylelint plugin rule for @layer usage; CSS authoring convention, not runtime product behavior	openspec/changes/archive/2026-03-13-stylelint-plugin-cube-css/design.md (Decisions §8)
cube-css-lint-plugin	Plugin registers all rules under the `cube/` namespace	e487d337	2	OUT:lint					high	2026-03-13-stylelint-plugin-cube-css	[re-audit-2] stylelint-plugin-cube-css rule-registration/namespacing mechanics; tooling convention, not product behavior	openspec/changes/archive/2026-03-13-stylelint-plugin-cube-css/design.md (already-covered)
cube-css-lint-plugin	Plugin is a local ESM package	6c791ca2	1	OUT:lint					high	2026-03-13-stylelint-plugin-cube-css	[re-audit-2] frontend/stylelint-plugin-cube-css/ packaging as local ESM dir; build tooling convention only	openspec/changes/archive/2026-03-13-stylelint-plugin-cube-css/design.md (already-covered)
cube-css-lint-plugin	Each rule has comprehensive test coverage	b348525b	1	OUT:lint					high	2026-03-13-stylelint-plugin-cube-css	[re-audit-2] vitest test-coverage requirement for stylelint-plugin-cube-css rules; test-inventory convention, not product behavior	openspec/changes/archive/2026-03-13-stylelint-plugin-cube-css/design.md (already-covered)
cube-css-lint-plugin	Shared layer context utility	743ff014	2	OUT:lint					high	2026-03-13-stylelint-plugin-cube-css	[re-audit-2] getLayerContext(node) PostCSS helper used internally by the lint plugin; implementation utility, not product behavior	openspec/changes/archive/2026-03-13-stylelint-plugin-cube-css/design.md (already-covered)
cube-css-modern-css-rules	`cube/prefer-vi-over-vw` recommends `vi` unit over `vw`	1278a050	4	OUT:lint					high	2026-03-13-stylelint-plugin-cube-css	[re-audit-2] custom Stylelint plugin rule for CSS authoring style; convention, not runtime product behavior	openspec/changes/archive/2026-03-13-stylelint-plugin-cube-css/design.md (Decisions §9)
cube-css-modern-css-rules	`cube/require-container-name` enforces naming containers	003380e3	4	OUT:lint					high	2026-03-13-stylelint-plugin-cube-css	[re-audit-2] custom Stylelint plugin rule for CSS authoring style; convention, not runtime product behavior	openspec/changes/archive/2026-03-13-stylelint-plugin-cube-css/design.md (Decisions §9)
cube-css-modern-css-rules	`cube/prefer-color-mix` recommends `color-mix()` for derived colors	2feb81c4	4	OUT:lint					high	2026-03-13-stylelint-plugin-cube-css	[re-audit-2] custom Stylelint plugin rule for CSS authoring style; convention, not runtime product behavior	openspec/changes/archive/2026-03-13-stylelint-plugin-cube-css/design.md (Decisions §9)
cube-css-structural-rules	`cube/block-max-lines` limits block size	d58f44f7	4	OUT:lint					high	2026-03-13-stylelint-plugin-cube-css	[re-audit-2] Still OUT:lint under corrected criterion: ; stylelint rule (infra/ops/lint mechanics, not what the product does)	openspec/changes/archive/2026-03-13-stylelint-plugin-cube-css/design.md (Decisions §9)
cube-css-structural-rules	`cube/one-block-per-file` enforces single block per file	61b7046a	3	OUT:lint					high	2026-03-13-stylelint-plugin-cube-css	[re-audit-2] Still OUT:lint under corrected criterion: ; stylelint rule (infra/ops/lint mechanics, not what the product does)	openspec/changes/archive/2026-03-13-stylelint-plugin-cube-css/design.md (Decisions §9)
cube-css-structural-rules	`cube/prefer-where-in-reset` recommends `:where()` in reset and global layers	720e0ab9	6	OUT:lint					high	2026-03-13-stylelint-plugin-cube-css	[re-audit-2] Still OUT:lint under corrected criterion: ; stylelint rule (infra/ops/lint mechanics, not what the product does)	openspec/changes/archive/2026-03-13-stylelint-plugin-cube-css/design.md (Decisions §9)
cube-css-token-enforcement	`cube/require-token-variables` enforces `var()` for design token properties	712cab6d	4	OUT:lint					high	2026-03-13-stylelint-plugin-cube-css	[re-audit-2] stylelint rule cube/require-token-variables enforcing var() over literals; authoring-convention lint rule, not product behavior	openspec/changes/archive/2026-03-13-stylelint-plugin-cube-css/design.md (Decisions §4)
cube-css-token-enforcement	`calc()` expressions must contain at least one `var()`	ec76b54f	4	OUT:lint					high	2026-03-13-stylelint-plugin-cube-css	[re-audit-2] stylelint rule extension for calc() expressions; lint-rule detail, not product behavior	openspec/changes/archive/2026-03-13-stylelint-plugin-cube-css/design.md (already-covered)
cube-css-token-enforcement	Structural values bypass token enforcement	79ff9e3e	7	OUT:lint					high	2026-03-13-stylelint-plugin-cube-css	[re-audit-2] stylelint rule exemption list (0, auto, none, currentColor, etc.); lint-rule configuration, not product behavior	openspec/changes/archive/2026-03-13-stylelint-plugin-cube-css/design.md (already-covered)
cube-css-token-enforcement	Token definition layers are excluded	e979703e	2	OUT:lint					high	2026-03-13-stylelint-plugin-cube-css	[re-audit-2] stylelint rule layer-exclusion for reset/tokens/global layers; lint-rule scoping, not product behavior	openspec/changes/archive/2026-03-13-stylelint-plugin-cube-css/design.md (already-covered)
cube-css-token-enforcement	Duration and easing properties are token-enforced	9d0b12c8	2	OUT:lint					high	2026-03-13-stylelint-plugin-cube-css	[re-audit-2] stylelint rule property-list extension to transition-duration/animation-duration; lint-rule config, not product behavior	openspec/changes/archive/2026-03-13-stylelint-plugin-cube-css/design.md (Decisions §4)
cube-css-token-enforcement	Configurable property list	d86d3083	1	OUT:lint					high	2026-03-13-stylelint-plugin-cube-css	[re-audit-2] stylelint rule options schema (properties: [...]); plugin configurability, not product behavior	openspec/changes/archive/2026-03-13-stylelint-plugin-cube-css/design.md (Decisions §4)
dashboard-artist-filter	URL-driven artist filter	25fc4638	5	KEEP	components/infrastructure/ui/fan/route/dashboard	URL-driven artist filter			high	2026-04-01-dashboard-artist-filter	Dashboard route's artists query-param filtering is directly observed by the fan.	
dashboard-artist-filter	Filter state synchronised with URL	fb16e97d	2	KEEP	components/infrastructure/ui/fan/route/dashboard	Filter state synchronised with URL			high	2026-04-01-dashboard-artist-filter	URL-sync behavior scoped to the dashboard route.	
dashboard-artist-filter	Filter chip UI in page header	5f409ecb	4	KEEP	components/infrastructure/ui/fan/global/fab-menu	Filter chip UI in page header			medium	2026-04-01-dashboard-artist-filter	Filter trigger moved from the header to the FAB action launcher (fab-menu); the header explicitly hosts no trigger.	
dashboard-artist-filter	Artist-selection bottom sheet	3d09f65b	12	KEEP	components/infrastructure/ui/fan/global/bottom-sheet	Artist-selection bottom sheet			high	2026-04-01-dashboard-artist-filter	Filter selection UI is a bottom-sheet instance.	
dashboard-artist-filter	Push notification deep-link to filtered dashboard	15095e79	2	KEEP	components/infrastructure/ui/fan/route/dashboard	Push notification deep-link to filtered dashboard			medium	2026-04-01-dashboard-artist-filter	Deep-link lands on and filters the dashboard route; push delivery mechanics themselves are covered elsewhere.	
dashboard-artist-filter	Filter availability for guest users	a75c82bc	2	KEEP	components/infrastructure/ui/fan/route/dashboard	Filter availability for guest users			high	2026-06-04-enhance-dashboard-filter	Guest-mode access rule for the dashboard's filter feature.	
dashboard-concert-cache	listByFollower results are cached in memory for the session	91ddd61d	4	KEEP	components/infrastructure/ui/fan/route/dashboard	listByFollower results are cached in memory for the session		CLASSNAME	high	2026-04-06-frontend-dashboard-cache	in-memory caching behavior observed on the Dashboard route (ConcertServiceClient)	
dashboard-concert-cache	Concert cache is invalidated on follow	cd4d8d5d	2	KEEP	components/infrastructure/ui/fan/route/dashboard	Concert cache is invalidated on follow		CLASSNAME	high	2026-04-06-frontend-dashboard-cache	cache-invalidation timing observed on the Dashboard route after follow/unfollow/setHype	
dashboard-concert-cache	listFollowed RPC provides hype data on every dashboard load	7ca617ff	2	KEEP	components/infrastructure/ui/fan/route/dashboard	listFollowed RPC provides hype data on every dashboard load		CLASSNAME	high	2026-04-06-frontend-dashboard-cache	Dashboard route's hype-data loading behavior (FollowServiceClient.getFollowedArtistMap)	
dashboard-concert-cache	All Nearby mode uses ListByLocation	ad233d4e	3	KEEP	components/infrastructure/ui/fan/route/dashboard	All Nearby mode uses ListByLocation			high	2026-08-09-passive-concert-discovery	Dashboard route's All Nearby mode caching, separate from My Timetable	
dashboard-date-filter	Default today-onward timetable	4b946cc4	2	KEEP	components/infrastructure/ui/fan/route/dashboard	Default today-onward timetable			high	2026-08-15-filter-timetable-by-date	Dashboard route's default date-filter request behavior	
dashboard-date-filter	URL-driven date filter	cf52684f	3	KEEP	components/infrastructure/ui/fan/route/dashboard	URL-driven date filter			high	2026-08-15-filter-timetable-by-date	Dashboard route's `from` query-param handling	
dashboard-date-filter	Date facet in the filter bottom sheet	9caf60dc	4	KEEP	components/infrastructure/ui/fan/route/dashboard	Date facet in the filter bottom sheet			high	2026-08-15-filter-timetable-by-date	Dashboard route's filter-bottom-sheet date facet UI	
dashboard-date-filter	Date filter state persistence	14da1d10	1	KEEP	components/infrastructure/ui/fan/route/dashboard	Date filter state persistence			high	2026-08-15-filter-timetable-by-date	Dashboard route's URL-driven persistence across reload	
dashboard-journey-filter	URL-driven journey filter	4a7a935b	6	KEEP	components/infrastructure/ui/fan/route/dashboard	URL-driven journey filter			high	2026-06-04-enhance-dashboard-filter	single-route (dashboard) URL query behavior	
dashboard-journey-filter	Journey filter combines with artist filter	febe6296	3	KEEP	components/infrastructure/ui/fan/route/dashboard	Journey filter combines with artist filter			high	2026-06-04-enhance-dashboard-filter	dashboard route filtering logic	
dashboard-journey-filter	Journey filter state synchronised with URL	b3e883d6	3	KEEP	components/infrastructure/ui/fan/route/dashboard	Journey filter state synchronised with URL			high	2026-06-04-enhance-dashboard-filter	dashboard route URL state sync	
dashboard-journey-filter	Journey-status facet in the filter sheet	a657ff32	6	KEEP	components/infrastructure/ui/fan/global/artist-filter-bar	Journey-status facet in the filter sheet			medium	2026-06-04-enhance-dashboard-filter	shared filter bottom sheet surface (artist-filter-bar) gains a facet	
dashboard-journey-filter	Journey facet visible to authenticated users only	a8ef4501	3	KEEP	components/infrastructure/ui/fan/global/artist-filter-bar	Journey facet visible to authenticated users only			medium	2026-06-04-enhance-dashboard-filter	shared filter sheet surface visibility rule	
database	Schema migrations MUST be applied before serving traffic	dedc7c7a	1	OUT:runbook					high	2026-02-22-cloud-sql-migration	[re-audit] ArgoCD sync-wave ordering of AtlasMigration before backend Deployment rollout is deployment mechanics	openspec/changes/archive/2026-02-22-cloud-sql-migration/design.md (already-covered)
database	The system MUST provide persistent relational storage	096ab94c	3	OUT:runbook					high	2026-01-31-provision-cloud-sql	[re-audit] Cloud SQL availability-tier (ZONAL/REGIONAL) selection by SLA phase is infrastructure provisioning policy	openspec/changes/archive/2026-01-31-provision-cloud-sql/design.md (Cloud SQL Design (section 2))
database	Application data SHALL reside in a dedicated schema	544e3b01	1	OUT:design-doc					high	2026-02-22-atlas-operator-migration	[re-audit] DSN search_path=app / dedicated Postgres schema naming is a persistence-layer implementation convention invisible to any client	openspec/changes/archive/2026-02-22-atlas-operator-migration/design.md (Decisions §7)
database	Database tables SHALL NOT include metadata timestamp columns	572c52f2	2	OUT:design-doc					high	2026-02-24-remove-audit-timestamps	[re-audit] Table-design convention banning audit timestamp columns (with a historic note on tickets.minted_at/nullifiers.used_at removal) is a schema-design decision with no client-visible effect	openspec/changes/archive/2026-02-24-remove-audit-timestamps/design.md (Decisions §2)
database-migration	The system MUST apply pending database migrations on startup	1303699d	3	OUT:design-doc					high	2026-02-22-cloud-sql-migration	[re-audit] goose v3 startup-migration execution mechanism is a deployment/build technology decision	openspec/changes/archive/2026-02-22-cloud-sql-migration/design.md (Decisions §1)
database-migration	The system MUST prevent concurrent migration execution	530f163d	1	OUT:design-doc					high	2026-02-22-cloud-sql-migration	[re-audit] PostgreSQL advisory-lock concurrency control for multi-pod startup is a deployment technology decision	openspec/changes/archive/2026-02-22-cloud-sql-migration/design.md (already-covered)
database-migration	The system MUST fail startup on migration error	dc8997e7	1	OUT:design-doc					high	2026-02-22-cloud-sql-migration	[re-audit] Fail-fast startup behavior on migration error is a deployment technology decision, not product behavior	openspec/changes/archive/2026-02-22-cloud-sql-migration/design.md (Risks / Trade-offs)
database-migration	The system MUST embed migration files in the binary	f8abe4cc	1	OUT:design-doc					high	2026-02-22-cloud-sql-migration	[re-audit] go:embed for migration SQL files is a build-technology decision	openspec/changes/archive/2026-02-22-cloud-sql-migration/design.md (already-covered)
database-migration	The CI pipeline MUST validate migration file ordering	30e04b62	2	OUT:lint					high	2026-03-05-add-migration-rebase-guard	[re-audit] atlas-ci timestamp-ordering check on migration files is a CI pipeline validation, not product behavior	openspec/changes/archive/2026-03-05-add-migration-rebase-guard/design.md (Decisions 1)
db-trace-correlation	OTel span creation for database queries	abda625f	5	OUT:design-doc					high	2026-03-06-correlate-otel-cloud-sql	[re-audit-2] Still OUT:design-doc under corrected criterion: telemetry cross-cutting concern (infra/ops/lint mechanics, not what the product does)	openspec/changes/archive/2026-03-06-correlate-otel-cloud-sql/design.md (Decisions Decision 4)
db-trace-correlation	sqlcommenter traceparent injection	af7e7871	2	OUT:design-doc					high	2026-03-06-correlate-otel-cloud-sql	[re-audit-2] Still OUT:design-doc under corrected criterion: telemetry cross-cutting concern (infra/ops/lint mechanics, not what the product does)	openspec/changes/archive/2026-03-06-correlate-otel-cloud-sql/design.md (Decisions Decision 3)
db-trace-correlation	Transparent pool wrapping	42ea95e2	2	OUT:design-doc					high	2026-03-06-correlate-otel-cloud-sql	[re-audit-2] Still OUT:design-doc under corrected criterion: names TracedPool implementation type (infra/ops/lint mechanics, not what the product does)	openspec/changes/archive/2026-03-06-correlate-otel-cloud-sql/design.md (already-covered (Decisions 1/2/5))
db-trace-correlation	Transaction query tracing	af002122	2	OUT:design-doc					high	2026-03-06-correlate-otel-cloud-sql	[re-audit-2] Still OUT:design-doc under corrected criterion: telemetry cross-cutting concern (infra/ops/lint mechanics, not what the product does)	openspec/changes/archive/2026-03-06-correlate-otel-cloud-sql/design.md (Decisions Decision 5)
deployment-infrastructure	Workload Identity Federation (WIF)	3631463f	1	OUT:runbook					high		Pulumi WorkloadIdentityPool for keyless Pulumi Cloud auth; ops-only	git-history (untraced)
deployment-infrastructure	Pulumi OIDC Provider	a6facd11	1	OUT:runbook					high		WorkloadIdentityPoolProvider trusting Pulumi Cloud as issuer; ops-only	git-history (untraced)
deployment-infrastructure	Deployment Service Account	52368275	1	OUT:runbook					high		Dedicated GCP Service Account for Pulumi deployments; ops-only	git-history (untraced)
deployment-infrastructure	Native Managed OIDC Deployment	a72ea9f7	1	OUT:runbook					high		Pulumi Cloud Deployments native OIDC integration; ops-only	git-history (untraced)
deployment-infrastructure	Automated PR Flow	da0a5d41	2	OUT:delete					high		Pulumi Cloud preview-on-PR CI mechanics; no lasting product value	git-history (untraced)
deployment-infrastructure	Automated Merge Flow (Dev)	32125426	1	OUT:delete					high		Pulumi Cloud auto-apply-on-merge CI mechanics; no lasting product value	git-history (untraced)
deployment-infrastructure	Manual Deployment Flow (Prod)	569e38f9	1	OUT:delete					high		Manual prod-apply CI mechanics; no lasting product value	git-history (untraced)
deployment-infrastructure	Dedicated CD Namespace	7d12163e	2	OUT:runbook					high	2026-02-20-secret-manager	argocd/external-secrets namespace existence; ops-only	openspec/changes/archive/2026-02-20-secret-manager/design.md (already-covered)
deployment-infrastructure	Dev backend runs single replica	6e3e915e	1	OUT:runbook					high	2026-02-22-optimize-k8s-dev-resources	Dev-overlay fan-api replica count; ops-only	openspec/changes/archive/2026-02-22-optimize-k8s-dev-resources/design.md (already-covered)
deployment-infrastructure	All dev workload kinds use Spot VM scheduling	c437f886	2	OUT:runbook					high	2026-02-22-optimize-k8s-dev-resources	Dev-overlay Spot VM nodeSelector across workload kinds; ops-only	openspec/changes/archive/2026-02-22-optimize-k8s-dev-resources/design.md (already-covered)
design-system	Design Token Definition	f4a60460	10	OUT:design-doc					high	2026-02-17-refine-ui-design	[re-audit-2] src/styles/tokens.css custom-property values (color/typography/spacing tokens); visual design-token catalogue, not a functional UI/API behavior	openspec/changes/archive/2026-02-17-refine-ui-design/design.md (Decisions §2)
design-system	Display Font Loading	69247ba6	1	OUT:design-doc					high	2026-02-17-refine-ui-design	[re-audit-2] font preconnect + font-display:swap loading strategy for Righteous/Poppins; performance/loading implementation choice, not product behavior	openspec/changes/archive/2026-02-17-refine-ui-design/design.md (already-covered)
design-system	View Transitions as route animation system	843ac40c	2	OUT:design-doc					medium	2026-02-25-aurelia-best-practice	no single vocabulary surface for the route-transition CSS mechanism; technology decision (::view-transition-old/new)	openspec/changes/archive/2026-02-25-aurelia-best-practice/design.md (Decisions §4)
design-system	Container Query infrastructure	88359241	1	OUT:lint					high	2026-02-25-aurelia-best-practice	ties to the cube/require-container-name stylelint rule	openspec/changes/archive/2026-02-25-aurelia-best-practice/design.md (Decisions §5)
design-system	SVG Icon Component	0a98947d	4	KEEP	components/infrastructure/ui/fan/global/svg-icon	SVG Icon Component			high		matches <svg-icon> global custom element in vocabulary	
design-system	State Placeholder Component	288ccd48	3	KEEP	components/infrastructure/ui/fan/global/state-placeholder	State Placeholder Component			high	2026-03-18-extract-shared-custom-elements	matches <state-placeholder> global custom element in vocabulary	
design-system	Page Shell Component	17bacf3c	4	NEEDS_HUMAN					low		proposed <page-shell> global surface is not present in vocabulary.tsv (closest is page-header)	
design-system	Snack Bar Component	10435ee6	12	KEEP	components/infrastructure/ui/fan/global/snack-bar	Snack Bar Component			high		matches <snack-bar> global custom element in vocabulary	
design-system	Type-scale minimum legibility floor	623f1c16	3	OUT:design-doc					medium	2026-06-01-reset-discovery-bubbles	[re-audit-2] --step--2 token floor value in tokens.css; a design-token constraint like the sibling Design Token Definition requirement, not a functional UI behavior	openspec/changes/archive/2026-06-01-reset-discovery-bubbles/design.md (already-covered)
dev-db-access	A Cloud SQL Auth Proxy Deployment SHALL exist in the dev cluster	b5aad48e	1	OUT:runbook					high		[re-audit-2] developer/Claude-Code-agent local DB access operational procedure (proxy pod, port-forward, AGENTS.md pointer, IAM reuse); not product API/UI	git-history (untraced)
dev-db-access	Local DB access SHALL be established via kubectl port-forward	969974ab	2	OUT:runbook					high	2026-04-20-customize-local-db-port	[re-audit-2] developer/Claude-Code-agent local DB access operational procedure (proxy pod, port-forward, AGENTS.md pointer, IAM reuse); not product API/UI	openspec/changes/archive/2026-04-20-customize-local-db-port/design.md (already-covered)
dev-db-access	Dev DB access procedure SHALL be discoverable from backend/AGENTS.md	d538803c	1	OUT:runbook					high		[re-audit-2] developer/Claude-Code-agent local DB access operational procedure (proxy pod, port-forward, AGENTS.md pointer, IAM reuse); not product API/UI	git-history (untraced)
dev-db-access	Dev DB access SHALL use existing IAM permissions with no new service accounts	6b56a1b0	1	OUT:runbook					high		[re-audit-2] developer/Claude-Code-agent local DB access operational procedure (proxy pod, port-forward, AGENTS.md pointer, IAM reuse); not product API/UI	git-history (untraced)
discover	Bubble UI Re-experience	0969bb0f	6	KEEP	components/infrastructure/ui/fan/route/discovery	Bubble UI re-experience on Discover tab			high	2026-03-09-adopt-grid-container-queries	discover route behavior	
discover	Manual Search	090ec233	4	KEEP	components/infrastructure/ui/fan/route/discovery	Manual search on Discover tab			high	2026-03-09-adopt-grid-container-queries	discover route behavior	
discover	Search bar icon explicit sizing	e4e64031	2	KEEP	components/infrastructure/ui/fan/route/discovery	Search bar icon explicit sizing			medium	2026-03-14-improve-discover-onboarding	discover route layout fix, user-visible overflow prevention	
discover	Performance on Tab Switch	81e7a9b6	2	KEEP	components/infrastructure/ui/fan/route/discovery	Bubble physics pauses when Discover tab is inactive			medium	2026-03-26-replace-search-new-concerts-with-list	discover route resource behavior tied to tab activation	
discover	Reset to Top 50 control	78c88b77	4	KEEP	components/infrastructure/ui/fan/route/discovery	Reset to Top 50 control			high	2026-06-01-reset-discovery-bubbles	discover route control	
discovery-bubble-cache	Discovery bubble pool is cached in ArtistStore singleton	870d67de	5	KEEP	components/infrastructure/ui/fan/route/discovery	Discovery bubble pool caching on re-entry		CLASSNAME	medium	2026-07-28-discovery-bubble-cache	Fan-observable instant repaint of the Discovery bubble field on re-entry; title renamed away from the implementation-typed ArtistStore singleton phrasing.	
discovery-bubble-cache	Re-entry preserves the in-session bubble field	d1347c17	4	KEEP	components/infrastructure/ui/fan/route/discovery	Re-entry preserves the in-session bubble field			medium	2026-08-13-refactor-discovery-bubble-field-state	Fan-observable field-preservation behavior on returning to the Discovery route within a session.	
discovery-tap-sonic-feedback	Bubble Tap Sound Character	6b05db56	4	KEEP	components/infrastructure/ui/fan/route/discovery	Bubble Tap Sound Character			high	2026-05-31-improve-bubble-tap-feel	Fan tapping an artist bubble on the discovery route triggers the synthesized pop	
discovery-tap-sonic-feedback	Landing Tone On Absorption	23638e52	1	KEEP	components/infrastructure/ui/fan/route/discovery	Landing Tone On Absorption			high	2026-05-31-improve-bubble-tap-feel	Fan observes a settle tone when bubble absorption into the orb completes on the discovery route	
discovery-tap-sonic-feedback	Sound Respects Mute and Volume Settings	b41b9dfc	3	KEEP	components/infrastructure/ui/fan/route/discovery	Sound Respects Mute and Volume Settings			medium	2026-05-31-improve-bubble-tap-feel	Fan's mute/volume preference governs discovery-route tap/landing audio output	
dna-orb-color-injection	Bubble Hue Injection into Orb Particles	1ca28104	3	KEEP	components/infrastructure/ui/fan/global/dna-orb	Bubble Hue Injection into Orb Particles		CLASSNAME	high	2026-03-15-fix-onboarding-ux-bugs	Fan sees OrbRenderer.injectColor() recolor orb particles after following an artist, via the shared dna-orb component	
dna-orb-color-injection	Swirl Animation on Follow	2d9d6b0a	3	KEEP	components/infrastructure/ui/fan/global/dna-orb	Swirl Animation on Follow		CLASSNAME	high	2026-03-15-fix-onboarding-ux-bugs	Fan sees OrbRenderer particle rotation/glow boost triggered by injectColor(), same dna-orb global component	
e2e-auth-testing	Playwright MCP Authenticated Session	af73d3e1	2	OUT:runbook					high	2026-02-22-auth-control	Dev-tooling for launching Playwright MCP with a captured session; no product user actor	openspec/changes/archive/2026-02-22-auth-control/design.md (already-covered (Decision 5))
e2e-auth-testing	StorageState Capture Script	419eb90f	1	OUT:runbook					high	2026-02-22-auth-control	Dev-tooling setup script for capturing storageState; no product user actor	openspec/changes/archive/2026-02-22-auth-control/design.md (already-covered (Decision 5))
e2e-auth-testing	StorageState Gitignore	8a41a4f4	1	OUT:runbook					high	2026-02-22-auth-control	Repo-hygiene rule excluding storageState.json from git; no product user actor	openspec/changes/archive/2026-02-22-auth-control/design.md (Risks / Trade-offs (new))
e2e-auth-testing	Password-Based Storage State Capture Path	d8984d8c	2	OUT:runbook					high	2026-05-14-playwright-password-test-user	Headless capture path for WSL2 dev workstations; dev-tooling, no product user actor	openspec/changes/archive/2026-05-14-playwright-password-test-user/design.md (already-covered)
e2e-auth-testing	Test-User Credential File Gitignored	f8a0fffc	1	OUT:runbook					high	2026-05-14-playwright-password-test-user	Repo-hygiene rule excluding the test-user password file from git; no product user actor	openspec/changes/archive/2026-05-14-playwright-password-test-user/design.md (already-covered)
edit-mode-unfollow	Edit-mode toggle reveals per-row remove controls	e00b1170	9	KEEP	components/infrastructure/ui/fan/route/my-artists	Edit-mode toggle reveals per-row remove controls			high	2026-08-21-fix-ios-help-sheet-dismiss-and-edit-mode-unfollow	My Artists route behavior: header Edit toggle revealing per-row remove controls	
edit-mode-unfollow	Edit-mode controls are accessible	58556a2f	2	KEEP	components/infrastructure/ui/fan/route/my-artists	Edit-mode controls are accessible			high	2026-08-21-fix-ios-help-sheet-dismiss-and-edit-mode-unfollow	Accessibility of the Edit toggle and remove controls on the My Artists route	
edit-mode-unfollow	Remove control unfollows immediately with Undo	0debba97	3	KEEP	components/infrastructure/ui/fan/route/my-artists	Remove control unfollows immediately with Undo			medium	2026-08-21-fix-ios-help-sheet-dismiss-and-edit-mode-unfollow	SPLIT-CANDIDATE: route-level optimistic-removal/Undo UX; the actual unfollow commit already routes through FollowUseCase.Unfollow unchanged	
email-provider	Zitadel SMTP configuration via Pulumi	d3b3cd12	2	OUT:design-doc					high	2026-03-18-email-provider-setup	[re-audit] zitadel.SmtpConfig Pulumi resource provisioning Postmark SMTP; infra provisioning	openspec/changes/archive/2026-03-18-email-provider-setup/design.md (Decisions §3)
email-provider	Mail subdomain DNS records for DKIM authentication	b7e96ad5	2	OUT:design-doc					high	2026-03-18-email-provider-setup	[re-audit] DKIM TXT / Return-Path CNAME DNS records across Cloudflare and GCP Cloud DNS; infra provisioning	openspec/changes/archive/2026-03-18-email-provider-setup/design.md (Decisions §2)
email-provider	ZitadelConfig interface extension	adeb4ebc	1	OUT:lint					high	2026-03-18-email-provider-setup	[re-audit] TypeScript interface field requirement (postmarkServerApiToken); compile-time code convention	openspec/changes/archive/2026-03-18-email-provider-setup/design.md (already-covered)
email-provider	SmtpConfig component isolation	86ea9b95	1	OUT:design-doc					high	2026-03-18-email-provider-setup	[re-audit] src/zitadel/components/smtp.ts code-organization pattern; implementation structure, not product behavior	openspec/changes/archive/2026-03-18-email-provider-setup/design.md (already-covered)
email-provider	Environment-specific Postmark Server separation	feb4f70a	1	OUT:runbook					high	2026-03-18-email-provider-setup	[re-audit] per-environment Postmark API token separation stored in Pulumi ESC; operational credential management	openspec/changes/archive/2026-03-18-email-provider-setup/design.md (Decisions §3)
email-verification	Trigger verification email on user creation	a5106f7e	6	KEEP	components/infrastructure/email/verification	Trigger verification email on user creation		CLASSNAME	medium	2026-04-14-email-verification	EmailVerifier.SendVerification / UserConsumer NATS USER.created handler; email is a seeded infra kind, name proposed	
email-verification	Resend verification email via RPC	b05ad4a0	8	KEEP	components/infrastructure/email/verification	Resend verification email via RPC		CLASSNAME	medium	2026-04-14-email-verification	EmailVerifier.ResendVerification proxies Zitadel Management v1 _resend_verification; no matching usecase entity exists in vocabulary so grouped under the same email infra kind	
entity-domain-logic	Home validation	77e54d89	7	KEEP	components/entity/user	Home validation			high	2026-03-12-enrich-entity-domain-logic	Home is field 6 on the User entity (user.proto); Validate() enforces the field's own ISO 3166 invariants	
entity-domain-logic	Hype validity check	da79181f	2	KEEP	components/entity/follow	Hype validity check			high	2026-03-12-enrich-entity-domain-logic	Hype is the Go alias for HypeType, the enum field on the Follow entity (follow.proto)	
entity-domain-logic	Hype-based notification eligibility	be4385b7	10	KEEP	components/entity/follow	Hype-based notification eligibility			medium	2026-03-12-enrich-entity-domain-logic	ShouldNotify is a pure always-true predicate over the Follow entity's HypeType field; entity-vs-usecase tie-break favors entity	
entity-domain-logic	Concert proximity grouping	661ad4ff	4	KEEP	components/entity/proximity	Concert proximity grouping			medium	2026-03-12-enrich-entity-domain-logic	GroupByDateAndProximity buckets concerts using the Proximity enum defined in proximity.proto	
entity-domain-logic	Concert proximity classification	1184e901	9	KEEP	components/entity/proximity	Concert proximity classification			high	2026-03-12-enrich-entity-domain-logic	Concert.ProximityTo returns the Proximity enum, the dedicated entity for this classification	
entity-domain-logic	ScrapedConcerts collection type	7f85273e	1	OUT:lint					high	2026-03-25-unify-scraped-concert-entity	[re-audit] Bare Go slice type alias (type ScrapedConcerts []*ScrapedConcert) carries no business rule; a code-structure convention	openspec/changes/archive/2026-03-25-unify-scraped-concert-entity/design.md (already-covered)
entity-domain-logic	ScrapedConcerts.FilterNew deduplication	57772de3	8	KEEP	components/entity/concert	Discovered-concert deduplication by date		CLASSNAME	medium	2026-03-25-unify-scraped-concert-entity	Date-only dedup of scraped concerts against existing Concert rows, feeding the discovery pipeline; ScrapedConcerts is a Go-only implementation type	
entity-domain-logic	ScrapedConcert JSON serialization	4aacb04f	2	KEEP	components/entity/concert	Discovered-concert JSON payload encoding		CLASSNAME	medium	2026-03-25-unify-scraped-concert-entity	JSON tags support the CONCERT.discovered event payload consumed by the approval-queue pipeline; ScrapedConcert is a Go-only implementation type	
entity-domain-logic	Artist filtering by MBID	f29b747d	4	KEEP	components/entity/artist	Artist filtering by MBID			high	2026-03-12-enrich-entity-domain-logic	FilterArtistsByMBID dedups Artist entity records (artist.proto) by MusicBrainz ID	
entity-domain-logic	OfficialSite constructor	3d7d8ed9	2	KEEP	components/entity/artist	OfficialSite constructor			high	2026-03-12-enrich-entity-domain-logic	NewOfficialSite constructs the OfficialSite sub-entity defined in artist.proto	
entity-domain-logic	Venue constructor from scraped data	8a5c98a8	1	KEEP	components/entity/venue	Venue constructor from scraped data			high	2026-03-12-enrich-entity-domain-logic	NewVenueFromScraped constructs a pending-enrichment Venue entity (venue.proto)	
entity-domain-logic	Token ID generation	6454c2cd	2	DROP:historic				HISTORIC	high	2026-03-12-enrich-entity-domain-logic	GenerateTokenID mints an ERC-721 NFT id for a removed blockchain-ticket design; Ticket is documented as a Web2, account-bound right and ticket.proto has no token_id field today	
entity-domain-logic	ScrapedConcert to Concert conversion	99b46016	3	KEEP	components/entity/concert	Discovered-concert to Concert conversion		CLASSNAME	high	2026-03-25-extract-entity-domain-logic	ToConcert maps scraped fields onto the Concert entity (concert.proto); ScrapedConcert is a Go-only implementation type	
entity-domain-logic	Parsed email data journey status mapping	97ef25a8	6	NEEDS_HUMAN					low	2026-03-25-extract-entity-domain-logic	Scenarios reference Purchased/Entered/Refunded phases and automatic status derivation from email, but ticket_journey.proto's TicketJourneyStatus enum only has tracking/applied/lost/unpaid/paid and its own comment states the journey is entirely user-managed with no automated transitions; unclear if legacy naming or a removed capability	
entity-domain-logic	SearchLog freshness check	c4ac16a5	3	KEEP	components/entity/concert	SearchLog freshness check			medium	2026-03-25-extract-entity-domain-logic	SearchLog backs the concert search/discovery pipeline (ConcertUseCase.SearchNewConcerts); no dedicated SearchLog entity exists in vocabulary so concert is the nearest fit	
entity-domain-logic	SearchLog pending check	ad2a8f83	3	KEEP	components/entity/concert	SearchLog pending check			medium	2026-03-25-extract-entity-domain-logic	Same SearchLog type as the freshness check, backing the concert search pipeline	
entity-domain-logic	Concert notification payload construction	87429492	3	KEEP	components/entity/notification	Concert notification payload construction			high	2026-03-25-extract-entity-domain-logic	NewConcertNotificationPayload builds the push payload for the Notification entity (notification.proto)	
entity-domain-logic	Ethereum address validation	7f8e7f71	6	DROP:historic				HISTORIC	high	2026-03-27-consolidate-validation	ValidateEthereumAddress supported the removed blockchain-ticket wallet-address capture; no ethereum/address field remains on ticket.proto, order.proto, or settlement.proto	
entity-store-layer	Per-Entity Store Ownership	edbf7f2c	4	OUT:design-doc					high	2026-06-04-introduce-entity-store-layer	[re-audit] frontend store architecture mandate (per-entity ownership, no auth-branching, use of the shared cache primitive); internal state-management design, not a distinct UI/API contract	openspec/changes/archive/2026-06-04-introduce-entity-store-layer/design.md (already-covered)
entity-store-layer	Event-Driven Auth-Boundary Transitions	d51269e0	4	KEEP	stories/preserve-guest-activity-on-sign-up	Event-Driven Auth-Boundary Transitions		CLASSNAME	medium	2026-06-04-introduce-entity-store-layer	A fan's guest follows/hype and home/language persist across sign-up/sign-in and clear on sign-out; multi-step journey spanning guest usage through authentication	
entity-store-layer	Boot Reconciliation of Unmerged Guest Data	6db12175	3	NEEDS_HUMAN					low	2026-06-04-introduce-entity-store-layer	Unclear whether this retry/receipt bookkeeping is an independently testable user guarantee beyond the continuity already covered by Event-Driven Auth-Boundary Transitions, or purely internal robustness plumbing	
entity-store-layer	Ticket-journey status is a single source of truth	3e03617a	5	KEEP	components/usecase/ticket-journey/set-status	Ticket-journey status is a single source of truth		CLASSNAME	medium	2026-07-27-frontend-store-cache-and-consistency	Write-through behavior is driven by TicketJourneyUseCase.SetStatus/Delete, whose result the Dashboard and event-detail sheet both read from the store	
entity-test-coverage	isHypeMatched exhaustive coverage	6dbe8726	1	OUT:lint					high	2026-03-19-frontend-entity-test-coverage	[re-audit-2] unit-test coverage mandate for a specific frontend mapping/helper function; testing convention, not itself the product's entity/API spec	openspec/changes/archive/2026-03-19-frontend-entity-test-coverage/design.md (already-covered)
entity-test-coverage	hasFollow boundary cases	2c026b0a	2	OUT:lint					high	2026-03-19-frontend-entity-test-coverage	[re-audit-2] unit-test coverage mandate for a specific frontend mapping/helper function; testing convention, not itself the product's entity/API spec	openspec/changes/archive/2026-03-19-frontend-entity-test-coverage/design.md (Decisions §4)
entity-test-coverage	normalizeStep full legacy mapping	f426b9c6	2	OUT:lint					high	2026-03-19-frontend-entity-test-coverage	[re-audit-2] unit-test coverage mandate for a specific frontend mapping/helper function; testing convention, not itself the product's entity/API spec	openspec/changes/archive/2026-03-19-frontend-entity-test-coverage/design.md (already-covered)
entity-test-coverage	translationKey coverage	92fbc669	2	OUT:lint					high	2026-03-19-frontend-entity-test-coverage	[re-audit-2] unit-test coverage mandate for a specific frontend mapping/helper function; testing convention, not itself the product's entity/API spec	openspec/changes/archive/2026-03-19-frontend-entity-test-coverage/design.md (already-covered)
entity-test-coverage	codeToHome boundary cases	684ab5b9	1	OUT:lint					high	2026-03-19-frontend-entity-test-coverage	[re-audit-2] unit-test coverage mandate for a specific frontend mapping/helper function; testing convention, not itself the product's entity/API spec	openspec/changes/archive/2026-03-19-frontend-entity-test-coverage/design.md (Decisions §4)
entity-test-coverage	bytesToHex zero-padding	fb830a73	1	OUT:lint					high	2026-03-19-frontend-entity-test-coverage	[re-audit-2] unit-test coverage mandate for a specific frontend mapping/helper function; testing convention, not itself the product's entity/API spec	openspec/changes/archive/2026-03-19-frontend-entity-test-coverage/design.md (Decisions §4)
entity-test-coverage	bytesToDecimal multi-byte	9c3bd779	1	OUT:lint					high	2026-03-19-frontend-entity-test-coverage	[re-audit-2] unit-test coverage mandate for a specific frontend mapping/helper function; testing convention, not itself the product's entity/API spec	openspec/changes/archive/2026-03-19-frontend-entity-test-coverage/design.md (Decisions §4)
entity-test-coverage	uuidToFieldElement robustness	eb89fdfc	1	OUT:lint					high	2026-03-19-frontend-entity-test-coverage	[re-audit-2] unit-test coverage mandate for a specific frontend mapping/helper function; testing convention, not itself the product's entity/API spec	openspec/changes/archive/2026-03-19-frontend-entity-test-coverage/design.md (Decisions §4)
entity-test-coverage	artistHue empty string	ef12f6a8	1	OUT:lint					high	2026-03-19-frontend-entity-test-coverage	[re-audit-2] unit-test coverage mandate for a specific frontend mapping/helper function; testing convention, not itself the product's entity/API spec	openspec/changes/archive/2026-03-19-frontend-entity-test-coverage/design.md (Decisions §4)
entity-test-coverage	artistHueFromColorProfile dominantHue zero	42e2f667	1	OUT:lint					high	2026-03-19-frontend-entity-test-coverage	[re-audit-2] unit-test coverage mandate for a specific frontend mapping/helper function; testing convention, not itself the product's entity/API spec	openspec/changes/archive/2026-03-19-frontend-entity-test-coverage/design.md (Decisions §4)
entity-test-coverage	HYPE_TIERS completeness	81f6c94f	2	OUT:lint					high	2026-03-19-frontend-entity-test-coverage	[re-audit-2] unit-test coverage mandate for a specific frontend mapping/helper function; testing convention, not itself the product's entity/API spec	openspec/changes/archive/2026-03-19-frontend-entity-test-coverage/design.md (already-covered)
entity-test-coverage	HYPE_ORDER and LANE_ORDER completeness	67afb099	2	OUT:lint					high	2026-03-19-frontend-entity-test-coverage	[re-audit-2] unit-test coverage mandate for a specific frontend mapping/helper function; testing convention, not itself the product's entity/API spec	openspec/changes/archive/2026-03-19-frontend-entity-test-coverage/design.md (already-covered)
entity-test-coverage	Interface Possible errors completeness	12a52846	2	OUT:lint					high	2026-03-19-standardize-infra-test-and-error-handling	[re-audit-2] unit-test coverage mandate for a specific frontend mapping/helper function; testing convention, not itself the product's entity/API spec	openspec/changes/archive/2026-03-19-standardize-infra-test-and-error-handling/design.md (already-covered)
entity-test-coverage	Implementation error code consistency	230982cb	2	OUT:lint					high	2026-03-19-standardize-infra-test-and-error-handling	[re-audit-2] unit-test coverage mandate for a specific frontend mapping/helper function; testing convention, not itself the product's entity/API spec	openspec/changes/archive/2026-03-19-standardize-infra-test-and-error-handling/design.md (already-covered)
entity-test-coverage	Error code semantic correctness	87ab6fb9	3	KEEP	components/adapter/rpc/error-mapping	Error code semantic correctness	ERROR-MAPPING		high	2026-03-19-standardize-infra-test-and-error-handling	[Pass 2: bound to code layer] [re-audit-2] defines a cross-cutting API error-code contract (JSON decode->Internal, invalid input->InvalidArgument, unreachable dependency->Unavailable) applied uniformly across all infrastructure implementations; affects what gRPC/Connect code every client receives, but has no single entity/usecase home like 'global rate limiting' example	
entity-test-coverage	Error path test coverage	4af8de1c	2	OUT:lint					high	2026-03-19-standardize-infra-test-and-error-handling	[re-audit-2] unit-test coverage mandate for a specific frontend mapping/helper function; testing convention, not itself the product's entity/API spec	openspec/changes/archive/2026-03-19-standardize-infra-test-and-error-handling/design.md (Decisions §5)
entity-test-coverage	Infrastructure test go-tester compliance	085c2bfa	3	OUT:lint					high	2026-03-19-standardize-infra-test-and-error-handling	[re-audit-2] unit-test coverage mandate for a specific frontend mapping/helper function; testing convention, not itself the product's entity/API spec	openspec/changes/archive/2026-03-19-standardize-infra-test-and-error-handling/design.md (already-covered)
entity-test-coverage	SafePredictor interface in entity layer	751038c1	2	OUT:design-doc					high	2026-03-29-refine-backend	[re-audit-2] unit-test coverage mandate for a specific frontend mapping/helper function; testing convention, not itself the product's entity/API spec	openspec/changes/archive/2026-03-29-refine-backend/design.md (already-covered (D4))
event-card-glow	Matched event card glow opacity	06160446	1	KEEP	components/infrastructure/ui/fan/global/live-highway	Matched event card glow opacity			high	2026-07-29-dashboard-event-card-glow-opacity	[Pass 2 vocab-extension] event-card has no dedicated ui/global vocabulary entry (cf. batch-01 artist-image-ui precedent); the glow is a style detail of that unmapped nested component	
event-management	Generic Event Management	addc5e4d	4	KEEP	components/entity/event	Event represents a single performance occurrence			high	2026-03-19-unify-concert-event-id	defines Event fields, EventId canonical identity, and DB mapping; entity invariant	
event-management	Event-Type Extensibility	e1c21c6f	2	KEEP	components/entity/concert	Concert extends Event via a 1:1 relationship			medium	2026-05-25-add-series-hierarchy	Concert-as-Event extension relationship; SPLIT-CANDIDATE (Event entity)	
event-management	Series as Parent Aggregation	7e7d0b68	5	KEEP	components/entity/series	Series aggregates events for a tour, run, or festival			high	2026-05-25-add-series-hierarchy	defines Series fields, SeriesType enum, visibility/publish_state lifecycle; entity invariant	
event-management	Multiple Performers per Event	4d5569bb	3	KEEP	components/entity/event	Event supports multiple performing artists			medium	2026-05-25-add-series-hierarchy	M:N Event<->Artist relationship via event_performers; SPLIT-CANDIDATE (Concert DTO performers field)	
event-management	Concert DTO Embeds Series and Performers	1dfe3006	3	KEEP	components/entity/concert	Concert embeds resolved series and performers			high	2026-05-25-add-series-hierarchy	defines Concert message shape (embedded Series, performers, no duplicated title/source_url); entity invariant	
event-management	Trace context propagation across message broker	ef848cb7	2	OUT:design-doc					high	2026-03-12-propagate-traceparent-to-consumer	[re-audit] W3C Trace Context propagation and trace_id/span_id in structured logs is observability/tracing plumbing, explicitly excluded by the corrected criterion	openspec/changes/archive/2026-03-12-propagate-traceparent-to-consumer/design.md (Decisions 1)
event-management	Event Natural Key Reflects Physical Identity	6651dc4d	3	KEEP	components/entity/event	Event identity is keyed on venue, date, and start time			high	2026-06-07-auto-discovery-series-grouping	defines events table natural key/uniqueness constraint; entity invariant	
fab-action-launcher	Global thumb-zone floating launcher	29d6658d	3	KEEP	components/infrastructure/ui/fan/global/fab-menu	Global thumb-zone floating launcher			high	2026-09-03-fab-menu-action-launcher	fab-menu global component rendered above content on every eligible route	
fab-action-launcher	Single-tap disclosure of a labeled action list	9d197c17	4	KEEP	components/infrastructure/ui/fan/global/fab-menu	Single-tap disclosure of a labeled action list			high	2026-09-03-fab-menu-action-launcher	fab-menu's own disclosure interaction	
fab-action-launcher	Per-route contextual action registration	5410403d	3	KEEP	components/infrastructure/ui/fan/global/fab-menu	Per-route contextual action registration			high	2026-09-03-fab-menu-action-launcher	fab-menu aggregates contributions from multiple routes; it is the shared UI surface, not a single route	
fab-action-launcher	Command and toggle action items	48338353	2	KEEP	components/infrastructure/ui/fan/global/fab-menu	Command and toggle action items			high	2026-09-03-fab-menu-action-launcher	fab-menu's action-item type contract	
fab-action-launcher	Material 3 Expressive expansion and spring motion	49c54fb9	3	KEEP	components/infrastructure/ui/fan/global/fab-menu	Material 3 Expressive expansion and spring motion			high		fab-menu's own open/close motion	
fab-action-launcher	Launcher accessibility contract	389c9e26	3	KEEP	components/infrastructure/ui/fan/global/fab-menu	Launcher accessibility contract			high	2026-09-03-fab-menu-action-launcher	fab-menu's disclosure a11y contract	
fab-action-launcher	Persisted left-handed placement	25a3131e	3	KEEP	components/infrastructure/ui/fan/global/fab-menu	Persisted left-handed placement			high	2026-09-03-fab-menu-action-launcher	fab-menu's user-settable handedness placement	
feature-flag-management	Feature flags require a documented description record on creation	b3e068de	2	OUT:runbook					high	2026-06-26-introduce-analytics-tool	engineering process/governance; no fan or organizer actor	openspec/changes/archive/2026-06-26-introduce-analytics-tool/design.md (already-covered)
feature-flag-management	Significant experiments evaluate flags only after `identify`	1e79cbcc	2	OUT:design-doc					medium	2026-06-26-introduce-analytics-tool	cross-cutting analytics evaluation-timing policy, not a specific route/usecase; no named user actor	openspec/changes/archive/2026-06-26-introduce-analytics-tool/design.md (already-covered)
feature-flag-management	Flag evaluation always has a default value on PostHog unavailability	947b004e	2	OUT:design-doc					medium	2026-06-26-introduce-analytics-tool	cross-cutting resilience policy for analytics tooling; no named user actor	openspec/changes/archive/2026-06-26-introduce-analytics-tool/design.md (Decisions §9)
feature-flag-management	Frontend bootstraps flags from the last-known persisted value	1ccc3139	2	OUT:design-doc					medium	2026-06-26-introduce-analytics-tool	cross-cutting analytics bootstrap policy; no named user actor	openspec/changes/archive/2026-06-26-introduce-analytics-tool/design.md (already-covered)
feature-flag-management	Stale flags are reviewed monthly and decided at or before the kill date	9dc83c0d	2	OUT:runbook					high	2026-06-26-introduce-analytics-tool	engineering process; no fan or organizer actor	openspec/changes/archive/2026-06-26-introduce-analytics-tool/design.md (Decisions §9)
festival-orb-effects	Stage-level escalation system	2ef7a258	9	KEEP	components/infrastructure/ui/fan/global/dna-orb	Stage-level escalation system		CLASSNAME	high	2026-03-15-festival-orb-effects	dna-orb component's stage-effects.ts pure function drives all visual params	
festival-orb-effects	Growing orb with dynamic bubble boundary	95074ab8	3	KEEP	components/infrastructure/ui/fan/global/dna-orb	Growing orb with dynamic bubble boundary			high	2026-03-15-festival-orb-effects	dna-orb component's orb radius affects Matter.js bubble physics boundary	
festival-orb-effects	Breathing pulse animation	b0f46797	3	KEEP	components/infrastructure/ui/fan/global/dna-orb	Breathing pulse animation			high	2026-03-15-festival-orb-effects	dna-orb breathing animation, observed by fan on Discovery	
festival-orb-effects	Orbital particles	41a05943	4	KEEP	components/infrastructure/ui/fan/global/dna-orb	Orbital particles			high	2026-03-15-festival-orb-effects	dna-orb orbital particle rendering	
festival-orb-effects	Light rays	54d9051a	6	KEEP	components/infrastructure/ui/fan/global/dna-orb	Light rays			high	2026-03-15-festival-orb-effects	dna-orb light ray rendering	
festival-orb-effects	Shockwave rings on follow	02302c60	4	KEEP	components/infrastructure/ui/fan/global/dna-orb	Shockwave rings on follow			high	2026-03-15-festival-orb-effects	dna-orb shockwave burst on follow action	
festival-orb-effects	Comet trail on absorption	74a1d972	3	KEEP	components/infrastructure/ui/fan/global/dna-orb	Comet trail on absorption			high	2026-03-15-festival-orb-effects	dna-orb absorption comet trail	
festival-orb-effects	Ground glow	f79d7b7b	3	KEEP	components/infrastructure/ui/fan/global/dna-orb	Ground glow			high	2026-03-15-festival-orb-effects	dna-orb ground glow gradient	
festival-orb-effects	Color palette accumulation	b3fac6f6	3	KEEP	components/infrastructure/ui/fan/global/dna-orb	Color palette accumulation			high	2026-03-15-festival-orb-effects	dna-orb accumulated hue palette feeds effects	
festival-orb-effects	Vortex flow trails inside the orb	7e27dc0b	4	KEEP	components/infrastructure/ui/fan/global/dna-orb	Vortex flow trails inside the orb			high	2026-03-15-enhance-dna-orb-concert-effects	dna-orb inner particle trails	
festival-orb-effects	Nebula fill layers	c8573493	5	KEEP	components/infrastructure/ui/fan/global/dna-orb	Nebula fill layers			high	2026-03-15-enhance-dna-orb-concert-effects	dna-orb nebula gradient layers	
festival-orb-effects	Strobe flash on follow	f14e149f	5	KEEP	components/infrastructure/ui/fan/global/dna-orb	Strobe flash on follow			high	2026-03-15-enhance-dna-orb-concert-effects	dna-orb strobe flash on pulse()	
festival-orb-effects	Beat sync pulsation	93375dec	5	KEEP	components/infrastructure/ui/fan/global/dna-orb	Beat sync pulsation			high	2026-03-15-enhance-dna-orb-concert-effects	dna-orb beat-synced modulation of rays/orbitals	
festival-orb-effects	Orbital comet tails	4c7a5b3f	4	KEEP	components/infrastructure/ui/fan/global/dna-orb	Orbital comet tails			high	2026-03-15-enhance-dna-orb-concert-effects	dna-orb orbital tail rendering	
festival-orb-effects	Unit test coverage for stage effects	b2c509f3	4	OUT:delete					high	2026-03-15-festival-orb-effects	[re-audit] unit-test inventory for stage-effects.ts; explicitly excluded test-inventory category	openspec/changes/archive/2026-03-15-festival-orb-effects/design.md (already-covered)
festival-orb-effects	Unit test coverage for OrbRenderer state	e39060a8	4	OUT:delete					high	2026-03-15-festival-orb-effects	[re-audit] unit-test inventory for OrbRenderer; explicitly excluded test-inventory category	openspec/changes/archive/2026-03-15-festival-orb-effects/design.md (already-covered)
festival-orb-effects	Unit test coverage for AbsorptionAnimator comet trail	8d147cad	2	OUT:delete					high	2026-03-15-festival-orb-effects	[re-audit] unit-test inventory for AbsorptionAnimator; explicitly excluded test-inventory category	openspec/changes/archive/2026-03-15-festival-orb-effects/design.md (already-covered)
follow-triggered-search	Trigger concert search on first follow	c196c77c	4	KEEP	components/usecase/follow/follow	Trigger concert search on first follow			high	2026-02-24-trigger-search-on-first-follow	FollowUseCase.Follow's side effect of launching SearchNewConcerts on first follow	
follow-triggered-search	Search errors do not affect follow operation	a699b7c1	1	KEEP	components/usecase/follow/follow	Search errors do not affect follow operation			high	2026-02-24-trigger-search-on-first-follow	Invariant of the Follow RPC response when the background search fails	
follow-triggered-search	Search log check failure is non-blocking	1cc7834e	1	KEEP	components/usecase/follow/follow	Search log check failure is non-blocking			high	2026-02-24-trigger-search-on-first-follow	Invariant of Follow's handling of searchLogRepo lookup errors	
frontend-client-rpc-telemetry	Client-observed RPC duration is captured	4f846619	2	OUT:design-doc					high	2026-09-11-frontend-client-rpc-telemetry	cross-cutting telemetry tie-break: telemetry SHALL be OUT	openspec/changes/archive/2026-09-11-frontend-client-rpc-telemetry/design.md (already-covered)
frontend-client-rpc-telemetry	Deadline-exceeded rate is observable	4c2e3a2d	1	OUT:design-doc					high	2026-09-11-frontend-client-rpc-telemetry	cross-cutting telemetry tie-break: telemetry SHALL be OUT	openspec/changes/archive/2026-09-11-frontend-client-rpc-telemetry/design.md (already-covered)
frontend-client-rpc-telemetry	Telemetry is reported as aggregates, not per-request events	ba1787d2	1	OUT:design-doc					high	2026-09-11-frontend-client-rpc-telemetry	cross-cutting telemetry tie-break: telemetry SHALL be OUT	openspec/changes/archive/2026-09-11-frontend-client-rpc-telemetry/design.md (already-covered)
frontend-client-rpc-telemetry	Pending telemetry is flushed at session end	74433255	1	OUT:design-doc					high	2026-09-11-frontend-client-rpc-telemetry	cross-cutting telemetry tie-break: telemetry SHALL be OUT	openspec/changes/archive/2026-09-11-frontend-client-rpc-telemetry/design.md (already-covered)
frontend-client-rpc-telemetry	Telemetry honors analytics opt-out and unconfigured analytics	cd79bbed	1	OUT:design-doc					high	2026-09-11-frontend-client-rpc-telemetry	cross-cutting telemetry tie-break: telemetry SHALL be OUT	openspec/changes/archive/2026-09-11-frontend-client-rpc-telemetry/design.md (already-covered)
frontend-client-rpc-telemetry	Telemetry carries no personally identifying request content	0fc4f943	1	OUT:design-doc					high	2026-09-11-frontend-client-rpc-telemetry	cross-cutting telemetry tie-break: telemetry SHALL be OUT	openspec/changes/archive/2026-09-11-frontend-client-rpc-telemetry/design.md (already-covered)
frontend-entity-layer	Artist entity	f5940ae5	3	OUT:design-doc					high	2026-03-17-frontend-entity-layer	[re-audit] Using the BSR-generated proto Artist class instead of custom ArtistBubble/GuestFollow interfaces is a frontend data-modeling/refactor decision; the UI shows the same artist data either way	openspec/changes/archive/2026-03-17-frontend-entity-layer/design.md (Decisions §2)
frontend-entity-layer	FollowedArtist entity	7b5db27e	2	OUT:design-doc					high	2026-03-17-frontend-entity-layer	[re-audit] src/entities/follow.ts interface shape (nesting proto Artist instead of flattening fields) is a frontend type-design decision with no UI-visible difference	openspec/changes/archive/2026-03-17-frontend-entity-layer/design.md (Decisions §2)
frontend-entity-layer	Concert entity	ab290232	2	OUT:design-doc					high	2026-03-17-frontend-entity-layer	[re-audit] src/entities/concert.ts interface shape (artist?: Artist vs flattened logoUrl/backgroundUrl fields) is a frontend type-design decision	openspec/changes/archive/2026-03-17-frontend-entity-layer/design.md (already-covered)
frontend-entity-layer	Single mapping point	dc825ab2	2	OUT:design-doc					high	2026-03-17-frontend-entity-layer	[re-audit] Prohibition on intermediate field-flattening/mapping between service clients and components is a frontend architecture principle, not observable product behavior	openspec/changes/archive/2026-03-17-frontend-entity-layer/design.md (already-covered)
frontend-entity-layer	Guest state stores proto Artist	f3a8fb48	3	OUT:design-doc					high	2026-03-18-use-proto-artist-entity	[re-audit] Storing proto Artist objects (vs {artistId, name} tuples) in guest state and serializing via toJsonString()/fromJson() is a frontend persistence-format decision; the guest-follow behavior itself is specified elsewhere	openspec/changes/archive/2026-03-18-use-proto-artist-entity/design.md (already-covered)
frontend-entity-layer	Grid view removal	6819677b	2	KEEP	components/infrastructure/ui/fan/route/my-artists	My Artists list-view only			high	2026-03-17-frontend-entity-layer	single-route (my-artists) UI behavior	
frontend-entity-layer	Concert region is presentation-ready	5a69b01d	3	KEEP	components/infrastructure/locale/venue-admin-area-label	Concert admin-area shown as localized label		CLASSNAME	medium	2026-06-02-fix-event-detail-venue-label	locale-kind infra: presentation layer shows localized admin-area label instead of raw code, cross-cutting across surfaces	
frontend-error-handling	Global Error Handler Registration	46af09b7	2	KEEP	components/infrastructure/ui/fan/global/error-banner	Global Error Handler Registration			medium	2026-02-22-frontend-error-handling	window.onerror/unhandledrejection interception feeds the error-banner UI surface	
frontend-error-handling	Error Boundary Service	67732087	3	KEEP	components/infrastructure/ui/fan/global/error-banner	Captured errors are stored and exposed for display			medium	2026-02-22-frontend-error-handling	ErrorBoundaryService is the state owner behind error-banner; renamed from the implementation-class-mirroring title	
frontend-error-handling	Error Banner UI in Root Component	ff82ad2e	4	KEEP	components/infrastructure/ui/fan/global/error-banner	Error Banner UI in Root Component			high	2026-02-22-frontend-error-handling	directly describes the error-banner component rendered in the my-app root	
frontend-error-handling	Router Error Handling	d4a3b4ae	4	KEEP	components/infrastructure/ui/fan/global/error-banner	Router Error Handling			medium	2026-02-22-frontend-error-handling	navigation-error capture feeds error-banner; SPLIT-CANDIDATE: 404 scenario belongs to route/not-found instead	
frontend-error-handling	Declarative Async Error Handling with promise.bind	7bb47664	3	OUT:design-doc					medium	2026-02-22-frontend-error-handling	Aurelia promise.bind template pattern is a coding convention applied across many components, not a distinct user-observable surface	openspec/changes/archive/2026-02-22-frontend-error-handling/design.md (Decisions §4)
frontend-error-handling	Service Error Recovery Patterns	2acf9d60	2	KEEP	components/infrastructure/ui/fan/global/toast	Fire-and-forget failures show a toast and revert optimistic UI			medium	2026-02-22-frontend-error-handling	"toast on RPC failure maps to ui/global/toast; SPLIT-CANDIDATE: ""throw instead of swallow"" half is an internal pattern"	
frontend-hosting	Container image build pipeline	8f5cbae5	2	OUT:runbook					high	2026-02-15-frontend-k8s-deployment	[re-audit-2] GitHub Actions multi-stage Docker build (Node 22 + Caddy 2 Alpine) tagging/pushing to Artifact Registry; CI mechanics, no product behavior	openspec/changes/archive/2026-02-15-frontend-k8s-deployment/design.md (already-covered)
frontend-hosting	Kubernetes deployment configuration	6f0798ce	2	OUT:runbook					high	2026-02-15-frontend-k8s-deployment	[re-audit-2] frontend namespace Deployment/Service sizing (replicas, CPU/memory, spot nodeSelector); k8s manifest mechanics, no product behavior	openspec/changes/archive/2026-02-15-frontend-k8s-deployment/design.md (already-covered)
frontend-hosting	Static asset serving with caching	bdd19484	2	OUT:runbook					medium	2026-02-15-frontend-k8s-deployment	Caddy server cache-header behavior; infra config with no product-facing variability	openspec/changes/archive/2026-02-15-frontend-k8s-deployment/design.md (Decisions §D1)
frontend-hosting	SPA client-side routing support	93c738ec	2	OUT:design-doc					medium	2026-02-15-frontend-k8s-deployment	Caddy try_files fallback mechanism enabling client routing; webserver infra decision, not a specific route/component contract	openspec/changes/archive/2026-02-15-frontend-k8s-deployment/design.md (already-covered)
frontend-hosting	HTTPS ingress via Gateway API	84b151b4	2	OUT:runbook					high	2026-02-15-frontend-k8s-deployment	[re-audit-2] HTTPRoute/external-gateway/api-gateway-cert-map provisioning for the frontend Service; infra topology, no product behavior	openspec/changes/archive/2026-02-15-frontend-k8s-deployment/design.md (Decisions §D4)
frontend-hosting	GitOps deployment automation	3d44f513	2	OUT:runbook					high	2026-02-15-frontend-k8s-deployment	[re-audit-2] ArgoCD Application watching cloud-provisioning/k8s/namespaces/frontend/overlays/dev with auto-sync/prune; deploy automation, no product behavior	openspec/changes/archive/2026-02-15-frontend-k8s-deployment/design.md (already-covered)
frontend-hosting	Caddyfile configuration	c44bea7a	2	OUT:design-doc					high	2026-02-15-frontend-k8s-deployment	webserver configuration file contents; implementation detail	openspec/changes/archive/2026-02-15-frontend-k8s-deployment/design.md (Decisions §D1)
frontend-hosting	DNS and TLS infrastructure provisioning	b7bcf296	4	OUT:runbook					high	2026-02-15-frontend-k8s-deployment	[re-audit-2] Pulumi-provisioned DNS A record / DNS Authorization / CertificateMapEntry for dev.liverty-music.app; infra provisioning, no product behavior	openspec/changes/archive/2026-02-15-frontend-k8s-deployment/design.md (Migration Plan)
frontend-hosting	Caddy SHALL serve `/config.json` with no-store header	e90569ad	2	OUT:design-doc					medium		[re-audit-2] Caddyfile Cache-Control/Content-Type header rule for /config.json is a webserver caching-header implementation detail supporting the already-kept runtime-config ConfigMap mechanism, not a user-facing API contract itself	git-history (untraced)
frontend-hosting	Frontend Deployment SHALL mount a per-environment runtime-config ConfigMap	b297f7ae	4	OUT:runbook				THRESHOLD	medium	2026-05-16-adopt-runtime-config-for-frontend	"Kubernetes ConfigMap/Reloader deployment mechanics; rollout latency described qualitatively (""typically tens of seconds"") as an operational expectation, not a testable contract"	openspec/changes/archive/2026-05-16-adopt-runtime-config-for-frontend/design.md (already-covered)
frontend-hosting	Post-deploy smoke verification SHALL assert the SPA renders	64eaa064	3	OUT:runbook					high	2026-05-16-adopt-runtime-config-for-frontend	[re-audit-2] Playwright post-deploy smoke check gating promotion between environments; CI/CD verification mechanic, no product behavior	openspec/changes/archive/2026-05-16-adopt-runtime-config-for-frontend/design.md (Migration Plan)
frontend-i18n	i18n Plugin Registration	f49c7446	1	KEEP	components/infrastructure/locale/i18n-bootstrap	i18n Plugin Registration			low	2026-02-27-i18n-frontend	Startup i18next registration with a fan-observable fallback language (ja); no existing locale infra name, proposing i18n-bootstrap.	
frontend-i18n	Locale Detection	84382bfe	4	KEEP	components/infrastructure/locale/locale-detection	Locale Detection			high	2026-02-27-i18n-frontend	Directly determines the fan's rendered language via the URL/localStorage/browser priority chain.	
frontend-i18n	Translation Resource Files	9d47ea83	4	OUT:lint					medium	2026-02-27-i18n-frontend	Mostly key-naming convention (page-keyed vs entity-keyed); only the key-parity fallback scenario is fan-observable, but the convention dominates the requirement.	openspec/changes/archive/2026-02-27-i18n-frontend/design.md (Decisions §2)
frontend-i18n	Template String Externalization	3785436b	2	OUT:lint					high	2026-02-27-i18n-frontend	Code convention requiring t-attribute bindings instead of hardcoded strings; no fan-observable behavior beyond the translation itself.	openspec/changes/archive/2026-02-27-i18n-frontend/design.md (Decisions §4)
frontend-i18n	TypeScript String Externalization	3aa525b2	1	OUT:lint					high	2026-02-27-i18n-frontend	Code convention requiring I18N.tr() calls instead of hardcoded strings; no distinct fan-observable behavior.	openspec/changes/archive/2026-02-27-i18n-frontend/design.md (already-covered)
frontend-i18n	Locale-Aware Date and Number Formatting	ad5ed538	2	KEEP	components/infrastructure/locale/date-number-formatting	Locale-Aware Date and Number Formatting			high	2026-02-27-i18n-frontend	The fan directly observes locale-specific date/number formatting.	
frontend-i18n	Runtime Language Switching	f544bfd5	3	KEEP	components/infrastructure/locale/language-switching	Runtime Language Switching	LANG-SWITCH		high	2026-02-27-i18n-frontend	Fan-triggered language switch with persistence routed by authentication state.	
frontend-i18n	Shared Language Switching Utility	81b24406	3	KEEP	components/infrastructure/locale/language-switching	Runtime Language Switching	LANG-SWITCH	CLASSNAME	medium	2026-05-25-persist-user-language	Shared implementation of the same Runtime Language Switching behavior used by Welcome/Settings; merged into the same capability.	
frontend-i18n	Locale Sourced from Backend User Entity for Authenticated Sessions	74eac472	2	KEEP	components/infrastructure/locale/language-switching	Locale Sourced from Backend User Entity for Authenticated Sessions			medium	2026-05-25-persist-user-language	Authoritative locale source for authenticated fans; part of the same language-switching infra.	
frontend-i18n	Legacy Key Removal After Entity Migration	0d34c189	2	DROP:historic				HISTORIC	high	2026-05-03-refine-onboarding-copy	Prohibits reintroducing the removed hype.* legacy keys after migration to entity.hype.*.	
frontend-i18n	Anonymous Locale is a Single Source of Truth	7046eb40	3	KEEP	components/infrastructure/locale/locale-detection	Anonymous Locale is a Single Source of Truth			medium	2026-06-04-unify-guest-locale-single-source	Guarantees the language-selector highlight matches the rendered locale for anonymous fans; part of the locale-detection infra.	
frontend-i18n	One-Time Migration of the Legacy `guest.language` Key	60f55438	4	KEEP	components/infrastructure/locale/legacy-key-migration	One-Time Migration of the Legacy guest.language Key			medium	2026-06-04-unify-guest-locale-single-source	Active migration routine still required for existing installs, not merely a prohibition on reintroduction, so not purely HISTORIC.	
frontend-network-timeouts	Default RPC call timeout	93913e06	3	NEEDS_HUMAN					low	2026-09-11-resilient-rpc-timeouts	Cross-app RPC transport deadline, not scoped to one route; vocabulary has no networking/transport infra kind	
frontend-network-timeouts	RPC timeout value is runtime-configurable	c925fdc1	3	NEEDS_HUMAN					low	2026-09-11-resilient-rpc-timeouts	Same shared-transport config surface as the default-timeout requirement above; no matching vocabulary target	
frontend-network-timeouts	Service-Worker analytics capture is time-bounded	ec1a0a15	1	KEEP	components/infrastructure/service-worker/analytics-capture-timeout	Service-Worker analytics capture is time-bounded			high	2026-09-11-resilient-rpc-timeouts	Service Worker fetch() timeout; kind 'service-worker' exists in vocabulary	
frontend-network-timeouts	Service-Worker VAPID key fetch is time-bounded	0f59aa77	1	KEEP	components/infrastructure/service-worker/vapid-key-fetch-timeout	Service-Worker VAPID key fetch is time-bounded			high	2026-09-11-resilient-rpc-timeouts	Service Worker VAPID fetch() timeout during push-subscription renewal	
frontend-observability	OpenTelemetry Browser SDK Integration	ef0f1910	4	OUT:design-doc					high	2026-02-22-frontend-error-handling	[re-audit-2] OTel browser tracing/log-sink telemetry infra; observability plumbing explicitly excluded by criterion	openspec/changes/archive/2026-02-22-frontend-error-handling/design.md (already-covered)
frontend-observability	Connect-RPC Error Instrumentation	236bc4d1	3	OUT:design-doc					medium	2026-02-22-frontend-error-handling	[re-audit-2] core of requirement is OTEL span creation/attributes on RPC calls (telemetry, OUT); the one user-visible thread (error forwarded to ErrorBoundaryService) restates existing error-banner/inline-error UI behavior rather than defining it here, so no new product behavior to re-home	openspec/changes/archive/2026-02-22-frontend-error-handling/design.md (already-covered)
frontend-observability	ILogger OpenTelemetry Sink	caa0b92f	6	OUT:design-doc					high	2026-02-22-frontend-error-handling	[re-audit-2] OTel browser tracing/log-sink telemetry infra; observability plumbing explicitly excluded by criterion	openspec/changes/archive/2026-02-22-frontend-error-handling/design.md (already-covered)
frontend-onboarding-flow	Interactive Artist Discovery (Bubble Network UI)	405304e2	6	KEEP	components/infrastructure/ui/fan/route/discovery	Interactive Artist Discovery (Bubble Network UI)			high	2026-02-15-interactive-artist-onboarding	Bubble-tap follow, coach-mark trigger, and snack notifications all happen on the discovery route	
frontend-onboarding-flow	Single-Flag Onboarding State	8f1087f4	7	KEEP	stories/complete-onboarding	Single-Flag Onboarding State			medium	2026-06-09-simplify-onboarding-to-single-flag	isOnboarding/finish() latch spans discovery, dashboard, and auth-callback - a cross-route onboarding story	
frontend-onboarding-flow	Final onboarding step is a non-blocking analytics transparency notice	1d29de3c	3	KEEP	stories/complete-onboarding	Final onboarding step is a non-blocking analytics transparency notice			medium	2026-06-26-introduce-analytics-tool	One-time notice shown as the final step of the same cross-route onboarding story	
frontend-performance-instrumentation	Long animation frames reported to analytics	8a8c2bf6	1	OUT:runbook					high	2026-07-28-discovery-perf-instrumentation-and-bubble-cap	telemetry sent to PostHog; tie-break rule: telemetry -> OUT	openspec/changes/archive/2026-07-28-discovery-perf-instrumentation-and-bubble-cap/design.md (Decisions (Long Animation Frames のフィルタリング))
frontend-performance-instrumentation	Core Web Vitals reported to analytics	12ee17ec	1	OUT:runbook					high	2026-07-28-discovery-perf-instrumentation-and-bubble-cap	telemetry sent to PostHog; tie-break rule: telemetry -> OUT	openspec/changes/archive/2026-07-28-discovery-perf-instrumentation-and-bubble-cap/design.md (Decisions (web-vitals.js のバージョン・インポート方式))
frontend-performance-instrumentation	Slow interactions reported to analytics	6e83a990	1	OUT:runbook					high	2026-07-28-discovery-perf-instrumentation-and-bubble-cap	telemetry sent to PostHog; tie-break rule: telemetry -> OUT	openspec/changes/archive/2026-07-28-discovery-perf-instrumentation-and-bubble-cap/design.md (Decisions (Event Timing のフィルタリング))
frontend-plain-date-lib	Calendar arithmetic SHALL be exposed through an implementation-agnostic interface with `CalendarDate` boundary values	a5384c76	2	OUT:design-doc					high	2026-08-12-introduce-swappable-plain-date-lib	[re-audit] Internal library API-boundary shape (primitives/CalendarDate only, no native Date/Temporal leakage) is an implementation-architecture decision for an internal utility module	openspec/changes/archive/2026-08-12-introduce-swappable-plain-date-lib/design.md (already-covered)
frontend-plain-date-lib	The library SHALL implement a fixed calendar-arithmetic contract	9ad829fa	3	OUT:design-doc					high	2026-08-12-introduce-swappable-plain-date-lib	Defines the plain-date library's function contract; implementation detail	openspec/changes/archive/2026-08-12-introduce-swappable-plain-date-lib/design.md (Decisions §D1)
frontend-plain-date-lib	Invalid calendar components SHALL NOT silently roll over	bc4cd464	1	NEEDS_HUMAN					low	2026-08-12-introduce-swappable-plain-date-lib	[re-audit] A genuine data-correctness guarantee (no silent date roll-over) for the shared plain-date library used across lottery/sales-phase/concert date displays, but the library itself has no entity/usecase/route home in vocabulary.tsv — cross-cutting property with no entity home	
frontend-plain-date-lib	Two interchangeable engines SHALL satisfy the contract identically	57dce3d5	2	OUT:design-doc					high	2026-08-12-introduce-swappable-plain-date-lib	Differential-test requirement between Date/Temporal engines; developer-facing	openspec/changes/archive/2026-08-12-introduce-swappable-plain-date-lib/design.md (already-covered)
frontend-plain-date-lib	The active engine SHALL be selected at build time, defaulting to the `Date` engine	cf6804e6	2	OUT:design-doc					high	2026-08-12-introduce-swappable-plain-date-lib	Vite build-time engine-selection decision	openspec/changes/archive/2026-08-12-introduce-swappable-plain-date-lib/design.md (already-covered)
frontend-plain-date-lib	The production bundle SHALL contain no Temporal polyfill	485cbf51	3	OUT:design-doc					high	2026-08-12-introduce-swappable-plain-date-lib	Bundle-size/CI guard for the polyfill dependency	openspec/changes/archive/2026-08-12-introduce-swappable-plain-date-lib/design.md (already-covered)
frontend-route-guard	Global Auth Hook	07ae060d	4	KEEP	stories/roam-app-as-guest	Global Auth Hook			medium	2026-02-22-auth-control	global navigation-guard behavior spanning all routes for guest free-roam; story proposal per decision tree #1	
frontend-route-guard	Settings Reachable During Onboarding	fa30faf8	1	KEEP	stories/roam-app-as-guest	Settings Reachable During Onboarding			medium	2026-05-30-relax-onboarding-routing	part of the guest free-roam navigation story	
frontend-route-guard	Welcome Reachable During Onboarding	344d0976	1	KEEP	stories/roam-app-as-guest	Welcome Reachable During Onboarding			medium	2026-05-30-relax-onboarding-routing	part of the guest free-roam navigation story	
frontend-router-query-params	Route loading hooks read query parameters via RouteNode	392dd985	3	OUT:lint					high	2026-03-30-improve-frontend-testability	[re-audit] RouteNode vs window.location coding convention for testability; same query params are read either way, no observable behavior change	openspec/changes/archive/2026-03-30-improve-frontend-testability/design.md (already-covered)
frontend-runtime-config	Frontend SPA SHALL load environment configuration from `/config.json` at bootstrap	294cc05d	4	OUT:design-doc					medium	2026-05-16-adopt-runtime-config-for-frontend	bootstrap config-loading mechanism; no fan/organizer/admin actor observes the fetch itself	openspec/changes/archive/2026-05-16-adopt-runtime-config-for-frontend/design.md (already-covered)
frontend-runtime-config	`/config.json` SHALL conform to the AppConfig schema	f7e145cb	3	KEEP	components/infrastructure/ui/fan/global/app-shell	Bootstrap validates runtime configuration before starting the app		CLASSNAME	medium	2026-05-16-adopt-runtime-config-for-frontend	[re-audit] Scenario describes real user-visible bootstrap behavior: on missing/malformed required config fields, the SPA SHALL NOT call Aurelia.start() and SHALL render a minimal static error page instead — this is UI behavior of the app-shell bootstrap sequence, not merely a build/deploy schema contract	
frontend-runtime-config	Bootstrap SHALL cross-check the configured environment against the page host	87474119	4	OUT:design-doc					medium	2026-05-16-adopt-runtime-config-for-frontend	misconfiguration safety-check logic; its user-visible failure page is covered by the separate 'Bootstrap failures' requirement	openspec/changes/archive/2026-05-16-adopt-runtime-config-for-frontend/design.md (Decisions D7)
frontend-runtime-config	A checked-in `public/config.json` SHALL provide dev defaults	dc51c2ae	2	OUT:design-doc					high	2026-05-16-adopt-runtime-config-for-frontend	[re-audit] Checked-in dev-default config.json exists purely for local `npm start`/Storybook/Playwright convenience; no production user-facing effect	openspec/changes/archive/2026-05-16-adopt-runtime-config-for-frontend/design.md (already-covered)
frontend-runtime-config	The Service Worker SHALL bypass any cache for `/config.json`	852b5f1f	3	OUT:design-doc					high	2026-05-16-adopt-runtime-config-for-frontend	"[re-audit] Workbox NetworkOnly route for /config.json is a cache-strategy implementation choice, explicitly named as an excluded category (""performance-only implementation choices (cache strategy...)"")"	openspec/changes/archive/2026-05-16-adopt-runtime-config-for-frontend/design.md (already-covered)
frontend-runtime-config	Bootstrap failures SHALL surface a static error page	b260d537	2	NEEDS_HUMAN					low	2026-05-16-adopt-runtime-config-for-frontend	genuinely user-visible failure page, but it is explicitly non-Aurelia (bypasses all ui/global components) so no vocabulary target fits; needs a human decision on whether to propose a new surface	
frontend-store-cache	Shared stale-while-revalidate cache primitive	0821d958	4	OUT:design-doc					high	2026-07-27-frontend-store-cache-and-consistency	[re-audit] stale-while-revalidate caching primitive is a performance/caching-strategy implementation choice, explicitly excluded example in pass1-prompt	openspec/changes/archive/2026-07-27-frontend-store-cache-and-consistency/design.md (already-covered)
frontend-store-cache	In-flight request coalescing	307d76ca	1	OUT:design-doc					high	2026-07-27-frontend-store-cache-and-consistency	[re-audit] fetch-coalescing mechanics of the internal cache primitive; performance-only implementation detail	openspec/changes/archive/2026-07-27-frontend-store-cache-and-consistency/design.md (already-covered)
frontend-store-cache	Complete cache keys	488c05c6	2	OUT:design-doc					high	2026-07-27-frontend-store-cache-and-consistency	cache-key composition detail	openspec/changes/archive/2026-07-27-frontend-store-cache-and-consistency/design.md (already-covered)
frontend-store-cache	Explicit invalidation on mutations	b61d8d20	4	OUT:design-doc					high	2026-07-27-frontend-store-cache-and-consistency	[re-audit] cache-invalidation wiring between mutations and cached reads; internal to the caching primitive, the underlying data-freshness requirement (if any) lives in the relevant usecase specs	openspec/changes/archive/2026-07-27-frontend-store-cache-and-consistency/design.md (Decisions)
frontend-store-cache	Revalidation on route entry and PWA resume	c2c228cd	3	OUT:design-doc					medium	2026-07-27-frontend-store-cache-and-consistency	background revalidation timing, no distinct user actor beyond generic freshness	openspec/changes/archive/2026-07-27-frontend-store-cache-and-consistency/design.md (already-covered)
frontend-store-cache	Caching scope is limited to audited read resources	9ed42f02	3	OUT:design-doc					high	2026-07-27-frontend-store-cache-and-consistency	[re-audit] internal scoping decision of which RPC resources use the cache primitive; implementation detail	openspec/changes/archive/2026-07-27-frontend-store-cache-and-consistency/design.md (already-covered)
frontend-testing	Test infrastructure provides shared mock factories	2c40288d	4	OUT:lint					high	2026-02-19-frontend-unit-testing	test/helpers mock-factory requirement; developer-facing test infra	openspec/changes/archive/2026-02-19-frontend-unit-testing/design.md (Decisions §2)
frontend-testing	Vitest environment is managed by vitest, not manually	9fc94f14	3	OUT:lint					high	2026-04-13-harden-test-infrastructure	[re-audit-2] Still OUT:lint under corrected criterion: test/setup.ts jsdom-ownership rule (infra/ops/lint mechanics, not what the product does)	openspec/changes/archive/2026-04-13-harden-test-infrastructure/design.md (already-covered)
frontend-testing	Aurelia template module graph is contained in tests	42951e01	3	OUT:lint					high	2026-04-13-harden-test-infrastructure	Test-file import isolation rule to avoid template-chain resolution	openspec/changes/archive/2026-04-13-harden-test-infrastructure/design.md (already-covered)
frontend-testing	CE composition integration tests verify layout propagation	5e3675f1	4	OUT:lint					high	2026-04-13-harden-test-infrastructure	Integration-test methodology for ConcertHighway; statement is about tests, not the component	openspec/changes/archive/2026-04-13-harden-test-infrastructure/design.md (Decisions Decision 5)
frontend-testing	Dashboard-route has integration tests	658a9d09	5	OUT:lint					high	2026-04-13-harden-test-infrastructure	Mandates createFixture tests exist for DashboardRoute	openspec/changes/archive/2026-04-13-harden-test-infrastructure/design.md (already-covered)
frontend-testing	Per-file vitest environment annotations optimize execution	4001a092	4	OUT:lint					high	2026-04-13-harden-test-infrastructure	Per-file @vitest-environment annotation convention	openspec/changes/archive/2026-04-13-harden-test-infrastructure/design.md (already-covered)
frontend-testing	Color generator produces deterministic colors	705378d7	3	KEEP	components/adapter/view/artist-color	Color generator produces deterministic colors			high	2026-02-19-frontend-unit-testing	[Pass 2: bound to code layer] [re-audit-2] artistColor assigns each artist a persistent, deterministic display color -- user-observable UI behavior (visual identity stays stable across renders), not merely an internal hash; the consuming UI surface (dna-orb/live-highway/etc.) is not named in this spec so the exact target is unclear	
frontend-testing	Dashboard service groups concerts by date	03733cb4	3	KEEP	components/infrastructure/ui/fan/route/dashboard	Dashboard service groups concerts by date			medium	2026-02-19-frontend-unit-testing	DashboardService.loadDashboardEvents backs the Dashboard route's rendered event list	
frontend-testing	Onboarding service routes based on completion status	3c286657	4	KEEP	stories/complete-onboarding	Onboarding service routes based on completion status			medium	2026-02-19-frontend-unit-testing	OnboardingService redirect logic spans dashboard/onboarding routes - same onboarding story	
frontend-testing	Toast notification service manages toast lifecycle	9a68cd6f	3	KEEP	components/infrastructure/ui/fan/global/toast	Toast notification service manages toast lifecycle			high	2026-02-19-frontend-unit-testing	ToastNotification.show is the toast global surface's lifecycle	
frontend-testing	Event card computes display properties	9b50e9e0	2	KEEP	components/infrastructure/ui/fan/global/live-highway	Event card computes display properties			medium	2026-02-19-frontend-unit-testing	[Pass 2 vocab-extension] EventCard display logic; no vocabulary event-card surface (see artist-image-ui)	
frontend-testing	Live highway displays grouped events	375530cd	2	KEEP	components/infrastructure/ui/fan/global/live-highway	Live highway displays grouped events			high	2026-02-19-frontend-unit-testing	LiveHighway is the shared global surface rendering date groups	
frontend-testing	Auth status delegates to auth service	1e87fec3	3	NEEDS_HUMAN					low	2026-02-19-frontend-unit-testing	AuthStatus component has no matching ui/global vocabulary entry	
frontend-testing	MyApp showNav hides navigation on fullscreen routes	186006a4	2	KEEP	components/infrastructure/ui/fan/global/bottom-nav-bar	App shell hides navigation on fullscreen routes		CLASSNAME	medium	2026-02-19-frontend-unit-testing	showNav gates visibility of the bottom-nav-bar global surface	
frontend-testing	Auth hook guards all authenticated routes	11984fe6	4	KEEP	components/infrastructure/ui/fan/global/app-shell	Auth hook guards all authenticated routes			medium	2026-02-26-frontend-test-coverage	[Pass 2 vocab-extension] AuthHook route guard is cross-cutting; no matching infra kind in vocabulary	
frontend-testing	Auth retry interceptor refreshes tokens on Unauthenticated errors	a3aa065a	3	NEEDS_HUMAN					low	2026-02-26-frontend-test-coverage	"[re-audit] user-visible via silent refresh + redirect to /welcome on failure, but the Connect-RPC auth-retry interceptor is cross-cutting (applies to every RPC call) with no fitting vocabulary target (not a route, not a global UI surface, not a single usecase); duplicates http-retry's more detailed ""Deduplicated auth token refresh on concurrent 401s"""	
frontend-testing	Retry interceptor applies exponential backoff on transient errors	c7161a2a	4	OUT:design-doc					high	2026-02-26-frontend-test-coverage	[re-audit] generic RPC transport retry-with-backoff for Unavailable/DeadlineExceeded; transparent resilience mechanism with no distinct authorization/business outcome, analogous to the backend http-retry policy (also OUT)	openspec/changes/archive/2026-02-26-frontend-test-coverage/design.md (Decisions §2)
frontend-testing	Artist discovery service manages bubble state with optimistic follow	00bee30a	6	KEEP	components/infrastructure/ui/fan/route/discovery	Artist discovery service manages bubble state with optimistic follow			medium	2026-02-26-frontend-test-coverage	ArtistDiscoveryService backs the discovery route's bubble canvas	
frontend-testing	gRPC transport injects auth headers	3e24f6b4	2	NEEDS_HUMAN					low	2026-02-26-frontend-test-coverage	gRPC auth-header injection is transport-level plumbing; tie-break excludes components/adapter	
frontend-testing	Concert service forwards RPC calls with AbortSignal	8b93bbcd	3	NEEDS_HUMAN					low	2026-02-26-frontend-test-coverage	ConcertService RPC forwarding/AbortSignal is transport-level plumbing with no clear target	
frontend-testing	Error boundary service captures and sanitizes errors	73a2803f	5	KEEP	components/infrastructure/ui/fan/global/error-banner	Error boundary service captures and sanitizes errors			medium	2026-02-26-frontend-test-coverage	ErrorBoundaryService's captured errors surface through the global error-banner	
frontend-testing	Dashboard route manages stale data on reload failure	abc8969b	4	KEEP	components/infrastructure/ui/fan/route/dashboard	Dashboard route manages stale data on reload failure			high	2026-02-26-frontend-test-coverage	Dashboard route's stale-data handling on reload failure	
frontend-testing	Discover page debounces search with stale response guard	4d5943aa	4	KEEP	components/infrastructure/ui/fan/route/discovery	Discover page debounces search with stale response guard			medium	2026-02-26-frontend-test-coverage	DiscoverPage search debounce is part of the discovery route	
frontend-testing	Artist discovery page dismisses guidance overlay	856e9013	3	KEEP	components/infrastructure/ui/fan/route/discovery	Artist discovery page dismisses guidance overlay			medium	2026-02-26-frontend-test-coverage	ArtistDiscoveryPage guidance overlay dismissal on the discovery route	
frontend-testing	Event detail sheet computes URLs and handles touch dismiss	b731b0e7	4	NEEDS_HUMAN					low	2026-02-26-frontend-test-coverage	EventDetailSheet has no vocabulary entry distinct from the generic bottom-sheet primitive	
frontend-testing	Test mock helpers cover all tested DI interfaces	63fdf3e0	3	OUT:lint					high	2026-02-26-frontend-test-coverage	Mock-factory coverage requirement for DI interfaces used in tests	openspec/changes/archive/2026-02-26-frontend-test-coverage/design.md (already-covered)
frontend-testing	Mock helpers cover INavDimmingService and ILocalStorage	912c785a	2	OUT:lint					high	2026-03-30-improve-frontend-testability	Mock-factory coverage for INavDimmingService/ILocalStorage	openspec/changes/archive/2026-03-30-improve-frontend-testability/design.md (Decisions §4 addendum)
frontend-testing	Timer cleanup uses afterEach unconditionally	ce615540	3	OUT:lint					high	2026-02-26-frontend-test-coverage	afterEach fake-timer cleanup convention	openspec/changes/archive/2026-02-26-frontend-test-coverage/design.md (already-covered)
frontend-testing	Coverage reporting is configured	7b20667b	4	OUT:lint					high	2026-02-19-frontend-unit-testing	Vitest coverage-threshold configuration	openspec/changes/archive/2026-02-19-frontend-unit-testing/design.md (already-covered)
frontend-testing	Global fixture cleanup awaits all stop() calls	b15f208e	2	OUT:lint					high	2026-03-26-refine-frontend-testing	Global afterEach fixture-cleanup await pattern	openspec/changes/archive/2026-03-26-refine-frontend-testing/design.md (already-covered)
frontend-testing	All afterEach hooks prevent test state pollution	41edc308	1	OUT:lint					high	2026-03-26-refine-frontend-testing	afterEach state-pollution prevention convention	openspec/changes/archive/2026-03-26-refine-frontend-testing/design.md (already-covered)
frontend-testing	Mock helpers return typed Partial interfaces	316f94a7	3	OUT:lint					high	2026-03-26-refine-frontend-testing	Typed Partial<Interface> mock-factory convention	openspec/changes/archive/2026-03-26-refine-frontend-testing/design.md (already-covered)
frontend-testing	No deprecated Aurelia testing APIs are used	9241839a	2	OUT:lint					high	2026-03-26-refine-frontend-testing	Bans deprecated Aurelia tearDown() API in tests	openspec/changes/archive/2026-03-26-refine-frontend-testing/design.md (already-covered)
frontend-testing	Component integration tests use createFixture with official assertion helpers	1f9efd8a	6	OUT:lint					high	2026-03-26-refine-frontend-testing	createFixture usage convention for component integration tests	openspec/changes/archive/2026-03-26-refine-frontend-testing/design.md (already-covered)
frontend-testing	Smoke tests use meaningful DOM assertions	87baade7	2	OUT:lint					high	2026-03-26-refine-frontend-testing	Smoke-test assertion-quality convention	openspec/changes/archive/2026-03-26-refine-frontend-testing/design.md (already-covered)
frontend-testing	Bottom nav bar has component integration tests	b7859ab7	2	OUT:lint					high	2026-03-26-refine-frontend-testing	Mandates integration tests exist for BottomNavBar	openspec/changes/archive/2026-03-26-refine-frontend-testing/design.md (Decisions §14)
frontend-testing	Snack bar service logic is tested	295f260c	2	OUT:lint					high	2026-03-26-refine-frontend-testing	Snack-bar test strategy (DI unit vs E2E) statement	openspec/changes/archive/2026-03-26-refine-frontend-testing/design.md (Decisions §14)
frontend-testing	User home selector has component integration tests	5201f2e0	2	OUT:lint					high	2026-03-26-refine-frontend-testing	Mandates integration tests exist for UserHomeSelector	openspec/changes/archive/2026-03-26-refine-frontend-testing/design.md (Decisions §14)
frontend-testing	Post-signup dialog has component integration tests	e817a4fc	2	OUT:lint					high	2026-03-26-refine-frontend-testing	Mandates integration tests exist for PostSignupDialog	openspec/changes/archive/2026-03-26-refine-frontend-testing/design.md (Decisions §14)
frontend-testing	Error banner has component integration tests	357c460d	2	OUT:lint					high	2026-03-26-refine-frontend-testing	Mandates integration tests exist for ErrorBanner	openspec/changes/archive/2026-03-26-refine-frontend-testing/design.md (Decisions §14)
frontend-testing	Settings route has component integration tests	963a0803	3	OUT:lint					high	2026-03-26-refine-frontend-testing	Mandates integration tests exist for SettingsRoute	openspec/changes/archive/2026-03-26-refine-frontend-testing/design.md (Decisions §14)
frontend-testing	Concert highway CE has component integration tests	1145556a	4	OUT:lint					high	2026-03-26-refine-frontend-testing	Mandates integration tests exist for ConcertHighway CE	openspec/changes/archive/2026-03-26-refine-frontend-testing/design.md (Decisions §14)
frontend-testing	Welcome route has component integration tests	6f65bee1	4	OUT:lint					high	2026-03-26-refine-frontend-testing	Mandates integration tests exist for WelcomeRoute	openspec/changes/archive/2026-03-26-refine-frontend-testing/design.md (Decisions §14)
frontend-testing	Custom attribute tests use createFixture with style verification	d65f734f	1	OUT:lint					high		createFixture + style-verification convention for custom-attribute tests	git-history (untraced)
frontend-testing	Value converter tests include fixture integration tests	be7fef2a	1	OUT:lint					high	2026-03-26-refine-frontend-testing	createFixture requirement for value-converter test suites	openspec/changes/archive/2026-03-26-refine-frontend-testing/design.md (already-covered)
gcp-cost-guardrails	Places API Daily Quota Limit (Dev)	c1c9b380	2	OUT:runbook					high	2026-04-08-add-gcp-cost-guardrails	[re-audit-2] Still OUT:runbook under corrected criterion: dev-only GCP quota guardrail, operational cost protection, (infra/ops/lint mechanics, not what the product does)	openspec/changes/archive/2026-04-08-add-gcp-cost-guardrails/design.md (Decisions §1)
gcp-cost-guardrails	Vertex AI Per-Minute Quota Limit (Dev)	acc1298a	3	OUT:runbook					high		dev-only GCP quota guardrail	git-history (untraced)
gcp-cost-guardrails	Project Billing Budget Alert	f00fc8ea	5	OUT:runbook					high	2026-05-16-prepare-prod-service-in	billing alert operational constraint	openspec/changes/archive/2026-05-16-prepare-prod-service-in/design.md (Decisions D11)
gemini-grounded-extract-and-coerce	ConcertSearcher executes a two-step Gemini call sequence per Search invocation	04c5adf9	5	OUT:design-doc					high	2026-05-25-redesign-concert-searcher-grounded-extract	[re-audit] Internal two-call (grounded-extract then JSON-coerce) orchestration of ConcertSearcher.Search; the returned []entity.ScrapedConcert contract is unchanged by this internal sequencing detail	openspec/changes/archive/2026-05-25-redesign-concert-searcher-grounded-extract/design.md (Decisions D10)
gemini-grounded-extract-and-coerce	Step 1 runs a single grounded slice per the default slice configuration	dd30bb79	2	OUT:design-doc					high	2026-07-29-optimize-concert-searcher-cost	[re-audit] Internal slice-fanout configuration table and from_date offset formula (defaultStep1Slices, runStep1Slice) is implementation detail of the discovery pipeline's internal call structure	openspec/changes/archive/2026-07-29-optimize-concert-searcher-cost/design.md (already-covered)
gemini-grounded-extract-and-coerce	Step 1 tools MUST be {GoogleSearch, URLContext} together; no schema	cb2361ff	2	OUT:design-doc					high	2026-05-25-redesign-concert-searcher-grounded-extract	[re-audit] Gemini GenerateContentConfig.Tools invariant enforced by an internal assertStepInvariants guard is vendor-API configuration plumbing	openspec/changes/archive/2026-05-25-redesign-concert-searcher-grounded-extract/design.md (already-covered)
gemini-grounded-extract-and-coerce	Step 1 emits a per-field XML envelope with `<tour>` and `<standalone>` blocks	3a2f9f8e	3	OUT:design-doc					high	2026-05-25-redesign-concert-searcher-grounded-extract	[re-audit] The <extracted>/<tour>/<standalone>/<event> XML shape is an internal wire format between the Gemini prompt and the Go parser, invisible to any external client	openspec/changes/archive/2026-05-25-redesign-concert-searcher-grounded-extract/design.md (already-covered)
gemini-grounded-extract-and-coerce	Step 1 fills in missing years from page context for partial dates	20c4c586	3	KEEP	components/usecase/concert/search-new-concerts	Discovered concert dates infer missing year from page context		CLASSNAME	medium	2026-05-25-redesign-concert-searcher-grounded-extract	[re-audit] A data-correctness rule that directly determines the year in a discovered concert's date — genuine background-pipeline behavior affecting what date fans see, not merely internal orchestration	
gemini-grounded-extract-and-coerce	Step 1 uses a single consolidated English extraction instruction	640863c5	2	OUT:design-doc				CLASSNAME	high	2026-07-29-optimize-concert-searcher-cost	prompt content decision (systemInstructionStep1)	openspec/changes/archive/2026-07-29-optimize-concert-searcher-cost/design.md (already-covered)
gemini-grounded-extract-and-coerce	Step 1 prompt template uses three positional placeholders	b430de47	1	OUT:design-doc				CLASSNAME	high	2026-07-29-optimize-concert-searcher-cost	prompt template implementation detail (promptTemplateStep1)	openspec/changes/archive/2026-07-29-optimize-concert-searcher-cost/design.md (Decisions §D3)
gemini-grounded-extract-and-coerce	Go-side verbatim parse extracts title, source_url, venue, country, and raw date/time strings	ae9d1aa4	3	OUT:design-doc					high	2026-05-25-redesign-concert-searcher-grounded-extract	[re-audit] parseStep1Envelope's internal XML-to-EventDraft unmarshalling contract (including graceful empty-slice fallback on unparseable input) is implementation detail of the parser, not a distinct product-facing rule	openspec/changes/archive/2026-05-25-redesign-concert-searcher-grounded-extract/design.md (Decisions D6)
gemini-grounded-extract-and-coerce	Step 1 slice envelopes are merged by concatenation, not URL grouping	b106e31d	3	OUT:design-doc					high	2026-05-25-redesign-concert-searcher-grounded-extract	[re-audit] mergeAndDedupEnvelopes' internal concatenation-not-grouping merge algorithm across parallel slices is implementation detail; the actual dedup rule is specified separately	openspec/changes/archive/2026-05-25-redesign-concert-searcher-grounded-extract/design.md (Decisions D4)
gemini-grounded-extract-and-coerce	Step 2 receives only the JSON-coercion-relevant fields	69f3b051	2	OUT:design-doc					high	2026-05-25-redesign-concert-searcher-grounded-extract	[re-audit] step2InputEvent/responseJSONSchema field-list is Gemini API-call schema plumbing; the admin_area local-form-vs-ISO-code rule is embedded here but subordinate to the internal schema-shape description	openspec/changes/archive/2026-05-25-redesign-concert-searcher-grounded-extract/design.md (Decisions D6)
gemini-grounded-extract-and-coerce	Step 2 tools MUST be empty; responseJSONSchema MUST be set	fbf55d59	2	OUT:design-doc				CLASSNAME	high	2026-05-25-redesign-concert-searcher-grounded-extract	Gemini call config invariant enforced by assertStepInvariants	openspec/changes/archive/2026-05-25-redesign-concert-searcher-grounded-extract/design.md (Decisions D2)
gemini-grounded-extract-and-coerce	Step 2's coerced output is joined back to EventDraft by index	ef819026	2	OUT:design-doc					high	2026-05-25-redesign-concert-searcher-grounded-extract	[re-audit] parseStep2Response's index-based join/merge mechanics (including skip-with-WARN on a missing index) is internal implementation of how Step 2 output is reattached to drafts	openspec/changes/archive/2026-05-25-redesign-concert-searcher-grounded-extract/design.md (Decisions D11)
gemini-grounded-extract-and-coerce	Deduplication keys on (local_date, venue, start_time)	c93f14f8	3	KEEP	components/usecase/concert/search-new-concerts	Discovered concerts deduplicated by date, venue, and start time		CLASSNAME	medium	2026-05-25-redesign-concert-searcher-grounded-extract	[re-audit] Directly determines which discovered concerts survive as distinct results (e.g. 1st-stage/2nd-stage shows on the same date/venue stay distinct) — genuine data-correctness/entity-list behavior visible to fans, not merely internal merge mechanics	
gemini-grounded-extract-and-coerce	SearchMetadata exposes Step1Grounded and Step2Parse	c8352939	2	OUT:design-doc					high	2026-05-25-redesign-concert-searcher-grounded-extract	"[re-audit] SearchMetadata/PassMetadata is an internal observability struct for logs; explicitly matches the excluded ""observability plumbing"" category"	openspec/changes/archive/2026-05-25-redesign-concert-searcher-grounded-extract/design.md (Decisions D11)
gemini-grounded-extract-and-coerce	A/B harness emits per-step sub-objects in raw response files	68b0327f	1	OUT:runbook					high	2026-05-25-redesign-concert-searcher-grounded-extract	"[re-audit] searcher_integration_test.go A/B evaluation harness output format is engineering-only test tooling, matching the excluded ""test inventories"" category"	openspec/changes/archive/2026-05-25-redesign-concert-searcher-grounded-extract/design.md (Migration Plan)
gemini-grounded-extract-and-coerce	cmd/smoke-diff reports per-event evaluation breakdown for a single smoke run	f6683a11	3	OUT:runbook				CLASSNAME	high	2026-05-25-redesign-concert-searcher-grounded-extract	developer CLI tool (cmd/smoke-diff) for evaluating scraper quality, no end-user actor	openspec/changes/archive/2026-05-25-redesign-concert-searcher-grounded-extract/design.md (Migration Plan)
gemini-grounded-extract-and-coerce	parseStep1Envelope Preserves Tour Grouping On EventDraft	33502a0f	3	OUT:design-doc					high	2026-06-07-auto-discovery-series-grouping	[re-audit] The intra-run tour-group handle is explicitly stated to be internal-parse-only (not a stable cross-run key, not required to derive from source_url/title) — pure implementation detail with no external observable effect	openspec/changes/archive/2026-06-07-auto-discovery-series-grouping/design.md (already-covered)
gemini-grounded-extract-and-coerce	Step 1 extracts every field in the source page's original language	d55a01bc	2	KEEP	components/usecase/concert/search-new-concerts	Discovered concert fields preserve the source page's original language		CLASSNAME	medium	2026-08-25-harden-gemini-discovery-extraction	[re-audit] A data-fidelity rule directly affecting what venue/other text fans see for a discovered concert (no translation/romanization) — genuine data-correctness behavior, not internal call orchestration	
gemini-grounded-extract-and-coerce	Step 1 selects the tour-specific page as source_url	4b4c478f	2	KEEP	components/usecase/concert/search-new-concerts	Discovered concert source URL prefers the tour-specific page		CLASSNAME	medium	2026-08-25-harden-gemini-discovery-extraction	[re-audit] Determines which page URL is attached to a discovered concert as its provenance link — a data-quality rule fans/organizers can observe when following the source link, not merely internal heuristic plumbing	
gemini-searcher-config	GCPConfig exposes per-step Gemini search model fields	9d58add6	3	OUT:design-doc					high	2026-05-25-redesign-concert-searcher-grounded-extract	[re-audit] per-step Gemini model config fields/env-vars; DI/config wiring, no product-observable behavior difference	openspec/changes/archive/2026-05-25-redesign-concert-searcher-grounded-extract/design.md (Decisions D1)
gemini-searcher-config	Helper methods resolve per-step model with env-var precedence over defaults	3161d32b	3	OUT:design-doc					high	2026-05-25-redesign-concert-searcher-grounded-extract	[re-audit] config resolver helper-method precedence order; internal config-wiring implementation detail	openspec/changes/archive/2026-05-25-redesign-concert-searcher-grounded-extract/design.md (Decisions D1/D2)
gemini-searcher-config	Config passes per-step models through DI into gemini.Config	11de1652	4	OUT:design-doc					high	2026-05-25-redesign-concert-searcher-grounded-extract	[re-audit] DI wiring of resolved model config into gemini.Config; explicitly excluded implementation choice	openspec/changes/archive/2026-05-25-redesign-concert-searcher-grounded-extract/design.md (Decisions D1)
gemini-searcher-config	Configurable search-cache TTL with env-var precedence over default	e9b27289	4	OUT:design-doc					high	2026-06-02-reduce-gemini-search-cost	[re-audit] search-cache TTL configurability is internal config plumbing; the actual freshness/discovery behavior lives in the concert-search usecase, not this config-exposure requirement	openspec/changes/archive/2026-06-02-reduce-gemini-search-cost/design.md (already-covered)
gemini-searcher-config	Configurable discovery-skip window with env-var precedence over default	fa8fc204	4	OUT:design-doc					high	2026-06-02-reduce-gemini-search-cost	[re-audit] discovery-skip window configurability is internal config plumbing, same reasoning as the TTL requirement	openspec/changes/archive/2026-06-02-reduce-gemini-search-cost/design.md (already-covered)
geo-location	GeoLocation Proto Entity	0bebcc9b	3	KEEP	components/entity/geo-location	GeoLocation Proto Entity			high	2026-08-09-passive-concert-discovery	defines entity.v1.GeoLocation fields, matches vocabulary entity/geo-location	
geo-location	GeoLocation Field Validation	145fa2a5	3	KEEP	components/entity/geo-location	GeoLocation Field Validation			high	2026-08-09-passive-concert-discovery	protovalidate constraints are an invariant of entity.v1.GeoLocation	
gke-gateway-infrastructure	Gateway API Resource Creation	093fb1b2	2	OUT:design-doc					high	2026-02-14-expose-api-via-gateway	[re-audit-2] Still OUT:design-doc under corrected criterion: : k8s Gateway API resource provisioning (HTTPS/HTTP listeners) (infra/ops/lint mechanics, not what the product does)	openspec/changes/archive/2026-02-14-expose-api-via-gateway/design.md (Decisions §9)
gke-gateway-infrastructure	HTTPRoute API Routing	46c1f362	2	OUT:design-doc					high	2026-02-14-expose-api-via-gateway	[re-audit-2] Still OUT:design-doc under corrected criterion: : HTTPRoute hostname/path routing config (infra/ops/lint mechanics, not what the product does)	openspec/changes/archive/2026-02-14-expose-api-via-gateway/design.md (Decisions §9)
gke-gateway-infrastructure	GatewayClass Selection	b1783e07	1	OUT:design-doc					high	2026-02-14-expose-api-via-gateway	[re-audit-2] Still OUT:design-doc under corrected criterion: : gke-l7-global-external-managed GatewayClass decision (infra/ops/lint mechanics, not what the product does)	openspec/changes/archive/2026-02-14-expose-api-via-gateway/design.md (Decisions §9)
gke-gateway-infrastructure	Cross-Namespace Routing	18c2dc2a	1	OUT:design-doc					high	2026-02-14-expose-api-via-gateway	[re-audit-2] Still OUT:design-doc under corrected criterion: : HTTPRoute cross-namespace backendRefs config (infra/ops/lint mechanics, not what the product does)	openspec/changes/archive/2026-02-14-expose-api-via-gateway/design.md (already-covered)
gke-gateway-infrastructure	Certificate Management Annotation	f942d1dc	1	OUT:design-doc					high	2026-02-14-expose-api-via-gateway	[re-audit-2] Still OUT:design-doc under corrected criterion: : networking.gke.io/certmap annotation config (infra/ops/lint mechanics, not what the product does)	openspec/changes/archive/2026-02-14-expose-api-via-gateway/design.md (already-covered)
gke-gateway-infrastructure	Policy Attachment for Gateway Configuration	806132d2	1	OUT:design-doc					high	2026-02-14-expose-api-via-gateway	[re-audit-2] Still OUT:design-doc under corrected criterion: : GCPGatewayPolicy SSL/access config (infra/ops/lint mechanics, not what the product does)	openspec/changes/archive/2026-02-14-expose-api-via-gateway/design.md (Decisions §9)
gke-standard-infrastructure	Standard zonal GKE cluster for dev	3c1b3f84	2	OUT:design-doc					high	2026-04-02-gke-cost-optimization	[re-audit-2] GKE cluster-mode/topology provisioning decision for dev; infra, not product API/UI	openspec/changes/archive/2026-04-02-gke-cost-optimization/design.md (Decisions D1)
gke-standard-infrastructure	Dev cluster nodes SHALL have public external IPs	92f7caab	2	OUT:design-doc					high	2026-04-02-gke-cost-optimization	Node networking topology decision (no Cloud NAT) for dev	openspec/changes/archive/2026-04-02-gke-cost-optimization/design.md (already-covered)
gke-standard-infrastructure	Standard cluster Spot nodeSelector	4662f226	1	OUT:design-doc					high	2026-04-02-gke-cost-optimization	Pod-scheduling nodeSelector convention for Spot nodes	openspec/changes/archive/2026-04-02-gke-cost-optimization/design.md (already-covered)
gke-standard-infrastructure	Shielded GKE Nodes SHALL be enabled on the Spot node pool	974107d4	1	OUT:design-doc					high		Node security-hardening config decision	git-history (untraced)
gke-standard-infrastructure	Dev cluster SHALL use LEGACY_DATAPATH (kube-proxy/iptables)	80f21196	2	OUT:design-doc					high	2026-04-08-optimize-dev-cluster-cost	GKE datapath-provider provisioning decision	openspec/changes/archive/2026-04-08-optimize-dev-cluster-cost/design.md (already-covered)
gke-standard-infrastructure	Dev cluster SHALL disable Google Managed Prometheus	508603ec	4	OUT:design-doc					high	2026-04-08-optimize-dev-cluster-cost	Monitoring/logging config decision for cost control	openspec/changes/archive/2026-04-08-optimize-dev-cluster-cost/design.md (already-covered)
gke-standard-infrastructure	Dev cluster Spot node pool boot disk SHALL be 30GB pd-standard	dbb3ebe9	3	OUT:design-doc					high	2026-04-28-optimize-dev-gke-cost	Node boot-disk sizing/type decision	openspec/changes/archive/2026-04-28-optimize-dev-gke-cost/design.md (already-covered)
gke-standard-infrastructure	Dev cluster `kube-dns-autoscaler` SHALL set `preventSinglePointFailure: false`	396f0aae	4	OUT:design-doc					high	2026-04-30-optimize-dev-kube-dns-replicas	kube-dns-autoscaler ConfigMap override for cost/capacity tuning	openspec/changes/archive/2026-04-30-optimize-dev-kube-dns-replicas/design.md (already-covered (Decisions 1-3 + Goals))
goroutine-leak-detection	Goroutine leak profile is exposed	4f65eada	3	OUT:runbook					high	2026-08-24-upgrade-backend-go-1-27	Operator-facing runtime profiling endpoint; no fan/organizer actor.	openspec/changes/archive/2026-08-24-upgrade-backend-go-1-27/design.md (already-covered)
goroutine-leak-detection	Detected goroutine leaks raise an alert	a26e7cef	3	OUT:runbook					high	2026-08-24-upgrade-backend-go-1-27	[re-audit] operations alerting on goroutine leak profile; explicitly excluded observability/operational-procedure category	openspec/changes/archive/2026-08-24-upgrade-backend-go-1-27/design.md (already-covered)
goroutine-leak-detection	Leak detection complements existing consumer health signals	5c1c2be7	2	OUT:runbook					high	2026-08-24-upgrade-backend-go-1-27	[re-audit] documentation of alerting scope/blind spots for operators; operational procedure	openspec/changes/archive/2026-08-24-upgrade-backend-go-1-27/design.md (already-covered)
guest-data-merge	Guest Data Storage	0b2d6c9d	4	KEEP	stories/merge-guest-data-on-signup	Guest Data Storage			medium	2026-02-25-lazy-sign-up	Guest follow/hype/home capture spans discovery+dashboard ahead of signup - part of the merge-on-signup story	
guest-data-merge	Guest hype included in data merge on signup	341f5cc3	3	KEEP	stories/merge-guest-data-on-signup	Guest hype included in data merge on signup	GUEST-HYPE-MERGE		medium	2026-04-05-refine-onboarding-ux	Hype-merge detail folded into the broader signup data-merge story (see Data Merge on Authentication)	
guest-data-merge	Data Merge on Authentication	d6feb5e0	4	KEEP	stories/merge-guest-data-on-signup	Data Merge on Authentication	GUEST-HYPE-MERGE		medium	2026-02-25-lazy-sign-up	UserService.Create + FollowService.Follow/SetHype sequence on signup/sign-in is the merge-on-signup story	
guest-data-merge	Guest Data Cleanup	0a31c332	3	KEEP	stories/merge-guest-data-on-signup	Guest Data Cleanup			medium	2026-02-25-lazy-sign-up	Per-store localStorage cleanup after migration/sign-out is part of the same guest-merge story	
guest-mode-access	Guest Free Navigation After Dashboard	71119db3	2	KEEP	stories/roam-app-as-guest	Guest Free Navigation After Dashboard			medium	2026-05-30-relax-onboarding-routing	[Pass 2 vocab-extension] cross-route navigation policy; no single route/global-surface vocabulary entry fits and it is not a concrete story goal	
guest-mode-access	Account-Only Features Hidden, Not Blocked	b4dd8147	2	KEEP	stories/roam-app-as-guest	Account-Only Features Hidden, Not Blocked			medium	2026-05-30-relax-onboarding-routing	[Pass 2 vocab-extension] cross-route UI policy applied per-screen; no single route/global-surface vocabulary entry fits	
guest-mode-access	Persistent Auth Entry From Discovery Onward	78c0b743	2	KEEP	components/infrastructure/ui/fan/route/settings	Persistent auth entry point in Settings			high	2026-05-30-relax-onboarding-routing	spec explicitly says entry point is hosted in Settings route	
http-retry	HTTP retry on transient errors	7479d226	9	OUT:design-doc					high	2026-03-12-add-http-retry-middleware	[re-audit] generic outbound HTTP client retry/backoff policy shared across multiple external API clients (Maps, fanart.tv, Last.fm, MusicBrainz, Gemini); cross-cutting resilience implementation choice with no single entity/usecase home	openspec/changes/archive/2026-03-12-add-http-retry-middleware/design.md (already-covered)
http-retry	Retry-After header respect	9e0f82f7	2	OUT:design-doc					high	2026-03-12-add-http-retry-middleware	[re-audit] HTTP Retry-After header parsing as a minimum backoff; HTTP client implementation detail	openspec/changes/archive/2026-03-12-add-http-retry-middleware/design.md (already-covered)
http-retry	Context cancellation during retry	d452af0c	1	OUT:design-doc					high	2026-03-12-add-http-retry-middleware	[re-audit] retry-loop context-cancellation mechanics; HTTP client implementation detail	openspec/changes/archive/2026-03-12-add-http-retry-middleware/design.md (Decisions §1)
http-retry	Request body replay for retried POST requests	d6ccb741	1	OUT:design-doc					high	2026-03-12-add-http-retry-middleware	[re-audit] POST body replay across retry attempts; HTTP client implementation detail	openspec/changes/archive/2026-03-12-add-http-retry-middleware/design.md (already-covered)
http-retry	Independent context per Gemini API retry	f4d680cb	3	OUT:design-doc					high	2026-03-26-gemini-retry-timeout-fix	[re-audit] context.WithoutCancel per-attempt timeout mechanics for the Gemini caller; implementation detail	openspec/changes/archive/2026-03-26-gemini-retry-timeout-fix/design.md (already-covered)
http-retry	Backoff max interval aligned with Google recommendation	f9f21ef6	1	OUT:design-doc					high	2026-03-26-gemini-retry-timeout-fix	[re-audit] backoff MaxInterval tuning per vendor documentation; implementation/technology-choice detail	openspec/changes/archive/2026-03-26-gemini-retry-timeout-fix/design.md (already-covered)
http-retry	Diagnostic capture of error response body	d84546fc	4	OUT:runbook					high	2026-04-17-unblock-fcm-via-private-vip	[re-audit] bounded error-body capture attached to apperr for log diagnostics; explicitly excluded observability-plumbing category	openspec/changes/archive/2026-04-17-unblock-fcm-via-private-vip/design.md (Decisions §D2)
http-retry	Deduplicated auth token refresh on concurrent 401s	3e896229	3	NEEDS_HUMAN					low	2026-07-28-fix-pwa-auth-token-refresh-race	[re-audit] user-visible via session-clear/redirect to /welcome on failure, but the singleton-refresh-promise interceptor is cross-cutting (spans every RPC call) with no fitting vocabulary target (not a route, not a global UI surface, not a usecase)	
hype-inline-slider	Sticky Header Legend	8c59d6b9	3	KEEP	components/infrastructure/ui/fan/route/my-artists	Sticky Header Legend			high	2026-03-13-improve-onboarding-hype-ux	hype legend header confined to the My Artists route's list view	
hype-inline-slider	Inline Dot Slider	1aa7f7bb	7	KEEP	components/infrastructure/ui/fan/route/my-artists	Inline Dot Slider			high	2026-03-13-improve-onboarding-hype-ux	hype dot slider confined to the My Artists route's list view	
hype-inline-slider	Slider Track Vertical Centering	7eada823	1	KEEP	components/infrastructure/ui/fan/route/my-artists	Slider Track Vertical Centering			medium	2026-03-21-fix-my-artists-onboarding-ux	visual track-centering within My Artists route slider	
hype-inline-slider	Slider dot positions align with header columns	6dcff9cd	1	KEEP	components/infrastructure/ui/fan/route/my-artists	Slider dot positions align with header columns			medium	2026-03-14-modernize-artist-list	grid alignment within My Artists route slider/header	
id-resolution	RPC handlers resolve Zitadel external ID to internal UUID before database access	61bcd79b	10	OUT:design-doc					high	2026-03-21-fix-zitadel-id-resolution	[re-audit] The rule about which layer (handler vs use case) performs ID resolution is an internal architecture/layering convention; a client cannot observe where in the call stack resolution happens	openspec/changes/archive/2026-03-21-fix-zitadel-id-resolution/design.md (already-covered)
id-resolution	Handlers return NotFound when user record does not exist	0b6458ef	1	KEEP	components/entity/user	Handlers return NotFound when user record does not exist		CLASSNAME	high	2026-03-21-fix-zitadel-id-resolution	[re-audit] Cross-cutting API rule protecting the User entity (operations on a missing User return NotFound) — this is the exact example given in the corrected criterion for components/entity/<entity>, once, not duplicated per usecase	
identity-management	Manage Zitadel Organization	c552dcfa	5	OUT:runbook					high	2026-05-08-add-zitadel-console-admin-via-google-idp	[re-audit] Zitadel org topology (admin/liverty-music/tenant orgs) provisioned via Pulumi IaC and one-time import; infra/identity-platform provisioning, not the product's own API/UI	openspec/changes/archive/2026-05-08-add-zitadel-console-admin-via-google-idp/design.md (Decisions D1)
identity-management	Manage Zitadel Project	1517ca17	1	OUT:runbook					high	2026-05-08-add-zitadel-console-admin-via-google-idp	[re-audit] zitadel.Project Pulumi resource provisioning; infra provisioning	openspec/changes/archive/2026-05-08-add-zitadel-console-admin-via-google-idp/design.md (already-covered)
identity-management	Manage OIDC Application	e3bd0968	2	OUT:runbook					high	2026-05-08-add-zitadel-console-admin-via-google-idp	[re-audit] ApplicationOidc Pulumi provisioning and client_id delivery via ConfigMap; infra provisioning (the runtime-config consumption itself is covered by the frontend-runtime-config capability)	openspec/changes/archive/2026-05-08-add-zitadel-console-admin-via-google-idp/design.md (already-covered)
identity-management	Configure Login Policy	24de9278	2	KEEP	components/infrastructure/ui/hosted-login/route/login	Configure Login Policy			high	2026-05-08-add-zitadel-console-admin-via-google-idp	[Pass 2 vocab-extension] Fan observes passwordless enforcement on the hosted Login UI, but no vocabulary route/component covers the Zitadel-hosted login screen	
identity-management	Configure Admin Org Login Policy	ac4ddb43	4	OUT:runbook					high	2026-05-08-add-zitadel-console-admin-via-google-idp	Admin-only zitadel.LoginPolicy IaC configuration on the admin org; no frontend surface	openspec/changes/archive/2026-05-08-add-zitadel-console-admin-via-google-idp/design.md (Decisions D12)
identity-management	Provision Google IdP for Admin Sign-in	ad07bc6b	2	OUT:runbook					high	2026-05-08-add-zitadel-console-admin-via-google-idp	Pulumi zitadel.IdpGoogle instance-level provisioning; operator sign-in plumbing, ops-only	openspec/changes/archive/2026-05-08-add-zitadel-console-admin-via-google-idp/design.md (Decisions D4)
identity-management	Provision Human Admin User in Admin Role Org	00142b74	3	OUT:runbook					high	2026-05-08-add-zitadel-console-admin-via-google-idp	Pulumi HumanUser provisioning for the admin org; no product actor observes this	openspec/changes/archive/2026-05-08-add-zitadel-console-admin-via-google-idp/design.md (Decisions D5)
identity-management	Grant IAM_OWNER to Human Admin User	36c6e40b	1	OUT:runbook					high	2026-05-08-add-zitadel-console-admin-via-google-idp	Pulumi InstanceMember role grant; ops-only IAM plumbing	openspec/changes/archive/2026-05-08-add-zitadel-console-admin-via-google-idp/design.md (Decisions D5)
identity-management	Pre-link Google Identity to Human Admin via IaC	68b42f3b	4	OUT:runbook					high	2026-05-08-add-zitadel-console-admin-via-google-idp	ZitadelUserIdpLink IaC resource; ops-only sign-in resolution plumbing	openspec/changes/archive/2026-05-08-add-zitadel-console-admin-via-google-idp/design.md (Decisions D11)
identity-management	Provision Admin Google Sub via ESC	8f531e89	2	OUT:runbook					high	2026-05-08-add-zitadel-console-admin-via-google-idp	Pulumi ESC secret plumbing for the admin's Google sub; no product actor	openspec/changes/archive/2026-05-08-add-zitadel-console-admin-via-google-idp/design.md (Decisions D11)
identity-management	Place Machine Users by Responsibility	b3f1a155	3	OUT:runbook					high	2026-05-08-add-zitadel-console-admin-via-google-idp	Machine-user org placement (pulumi-admin, login-client, backend-app); no product actor	openspec/changes/archive/2026-05-08-add-zitadel-console-admin-via-google-idp/design.md (Decisions D7)
identity-management	Retain Break-glass Machine User	23b060c1	2	OUT:runbook					high	2026-05-08-add-zitadel-console-admin-via-google-idp	pulumi-admin break-glass credential in GCP Secret Manager; ops-only	openspec/changes/archive/2026-05-08-add-zitadel-console-admin-via-google-idp/design.md (already-covered)
identity-management	Maintain Google OAuth Client in Dev Infrastructure	4ce0e604	4	OUT:runbook					high	2026-05-08-add-zitadel-console-admin-via-google-idp	Manual GCP Console OAuth client + Pulumi ESC storage; ops-only, dev environment	openspec/changes/archive/2026-05-08-add-zitadel-console-admin-via-google-idp/design.md (already-covered)
identity-management	Inject Email Claim into Access Tokens via Actions v2	45da03ee	2	OUT:runbook					high	2026-05-11-self-hosted-zitadel	Backend /pre-access-token webhook + Zitadel Actions v2 wiring; no directly observed UX	openspec/changes/archive/2026-05-11-self-hosted-zitadel/design.md (Decisions D5)
identity-management	Provision Actions v2 Target and Execution Resources	6851a826	2	OUT:runbook					high	2026-05-11-self-hosted-zitadel	Pulumi Dynamic Resource for Zitadel Actions v2 Target/ExecutionFunction; ops-only	openspec/changes/archive/2026-05-11-self-hosted-zitadel/design.md (Decisions D5/D6)
identity-management	Dedicated Service User for Login V2 UI	5feadb3c	3	OUT:runbook					high	2026-05-11-self-hosted-zitadel	zitadel-login Pod service-user PAT plumbing (SSR auth to Zitadel API); ops-only	openspec/changes/archive/2026-05-11-self-hosted-zitadel/design.md (Decisions D12 (new))
identity-management	SMTP Configuration Must Be Activated After Creation	08f38d47	5	KEEP	components/infrastructure/email/smtp-activation	SMTP Configuration Must Be Activated After Creation			medium	2026-05-11-self-hosted-zitadel	"Fan-observable: an inactive SMTP config silently drops verification/password-reset emails; \""email\"" kind matches vocabulary"	
identity-management	Provision Password-Based E2E Test User in Dev Zitadel	274126cf	4	OUT:runbook					high	2026-05-14-playwright-password-test-user	Dev-only Pulumi test-user provisioning for headless E2E automation; no product actor	openspec/changes/archive/2026-05-14-playwright-password-test-user/design.md (Decisions §D1)
identity-management	E2E Test User Password Marked Permanent	79d0b965	5	OUT:runbook					high	2026-05-15-zitadel-permanent-password	Dev-only Pulumi Dynamic Resource marking a test credential permanent; no product actor	openspec/changes/archive/2026-05-15-zitadel-permanent-password/design.md (Migration Plan)
identity-management	Maintain Google OAuth Client in Prod Infrastructure	bfccc575	4	OUT:runbook					high	2026-05-16-prepare-prod-service-in	Manual GCP Console OAuth client + Pulumi ESC storage; ops-only, prod environment	openspec/changes/archive/2026-05-16-prepare-prod-service-in/design.md (Decisions D12)
identity-management	Configure Login UI Branding	0a270d71	5	KEEP	components/infrastructure/ui/hosted-login/route/login	Configure Login UI Branding			high	2026-06-03-brand-zitadel-login-ui	[Pass 2 vocab-extension] Fan observes brand colors on the hosted Login UI v2, but no vocabulary route/component or infra kind covers Zitadel-hosted branding	
identity-management	Localize Login UI Text for the Product	6c504712	6	KEEP	components/infrastructure/locale/hosted-login-translation	Localize Login UI Text for the Product			medium	2026-06-03-fix-zitadel-login-ja-i18n	"Fan observes Japanese/English login text on the hosted Login UI v2; \""locale\"" kind matches vocabulary"	
identity-management	Configure OIDC Token Lifetimes	3e5e3a50	3	KEEP	components/infrastructure/ui/hosted-login/route/login	Configure OIDC Token Lifetimes			medium	2026-06-25-extend-auth-session-lifetime	[Pass 2 vocab-extension] Fan-observable session/expiry behavior (30m access, 90d refresh), but no vocabulary route/component covers Zitadel-hosted session lifetime	
infra	KEDA-managed Deployments SHALL NOT declare replicas	a88764f9	1	OUT:design-doc					high	2026-03-13-fix-keda-argocd-replicas-conflict	[re-audit] Kustomize base manifest convention for KEDA-managed Deployments; infra/deployment manifest rule	openspec/changes/archive/2026-03-13-fix-keda-argocd-replicas-conflict/design.md (already-covered)
infra	ArgoCD SHALL ignore replicas drift for KEDA-managed Deployments	3af7c9e0	1	OUT:design-doc					high	2026-03-13-fix-keda-argocd-replicas-conflict	[re-audit] ArgoCD ignoreDifferences GitOps config for KEDA-scaled Deployments; infra/deployment config	openspec/changes/archive/2026-03-13-fix-keda-argocd-replicas-conflict/design.md (already-covered)
intel	Live Information Crawling	c5713f44	1	NEEDS_HUMAN					low	2026-01-21-prototype-live-info-collection	crawling capability likely feeds ConcertUseCase.SearchNewConcerts but the intel CLI's exact relationship to that RPC/usecase is unconfirmed from this spec alone	
interaction-feedback	Immediate tactile acknowledgement on press	99c29ee7	3	NEEDS_HUMAN					medium	2026-09-11-m3-expressive-feedback-foundation	[re-audit] A genuine app-wide UI behavior (press ripple + corner morph on every tappable control, with a reduced-motion fallback) but it is a cross-cutting shared primitive applied everywhere, not the behavior of one route or an existing global-surface component in vocabulary.tsv	
interaction-feedback	Layout-preserving skeleton loading	65f2253b	3	KEEP	components/infrastructure/ui/fan/route/dashboard	Layout-preserving skeleton loading			medium	2026-09-11-m3-expressive-feedback-foundation	Dashboard is given as the dominant example of skeleton-loading content; tie-break applied for this cross-cutting pattern.	
interaction-feedback	Haptic feedback for meaningful confirmations	eae408a3	2	NEEDS_HUMAN					low	2026-09-11-m3-expressive-feedback-foundation	App-wide generalized haptic-feedback primitive (follow/unfollow and beyond); no matching route/global vocabulary target.	
interaction-feedback	Animated list enter and exit	eccd3386	3	KEEP	components/infrastructure/ui/fan/route/my-artists	Animated list enter and exit			medium	2026-09-11-m3-expressive-feedback-foundation	Unfollow list-item animation is exemplified on the My Artists route; tie-break applied for this cross-cutting pattern.	
interaction-feedback	Animated selection state	153c66ec	3	KEEP	components/infrastructure/ui/fan/global/bottom-nav-bar	Animated selection state			medium	2026-09-11-m3-expressive-feedback-foundation	Bottom-nav tab selection morph is the dominant example; filter chips also mentioned, SPLIT-CANDIDATE noted.	
interaction-feedback	Expression budget and accessibility guarantees	f4b1a5e3	2	OUT:design-doc					medium	2026-09-11-m3-expressive-feedback-foundation	Material 3 expression-budget design policy/guideline, not a single observable behavior.	openspec/changes/archive/2026-09-11-m3-expressive-feedback-foundation/design.md (Decisions §D8)
interceptor-chain-ordering	Interceptor Execution Order	0a3eb12e	3	OUT:design-doc					high		[re-audit] Connect-RPC interceptor registration order (tracing/access-log/error-handling/panic-recovery/claims-bridge/validation) is internal backend architecture; a client cannot observe interceptor registration order directly	git-history (untraced)
interceptor-chain-ordering	Interceptor Ordering Documentation	a3594f15	1	OUT:design-doc					high		[re-audit] Mandates inline code comments explaining interceptor ordering rationale; a documentation/maintainability convention, not product behavior	git-history (untraced)
jetstream-consumer-reliability	Consumer backlog stall is detected and alerted	27c4844c	3	OUT:runbook					high	2026-07-25-harden-jetstream-consumer-reliability	Cloud Monitoring alert on JetStream backlog metric; operational, no fan/organizer/admin actor	openspec/changes/archive/2026-07-25-harden-jetstream-consumer-reliability/design.md (already-covered)
jetstream-consumer-reliability	Subscription failure fails loud	655e0885	2	OUT:runbook					high	2026-07-25-harden-jetstream-consumer-reliability	[re-audit] consumer startup failure-mode policy (crash instead of running degraded); operational resilience procedure, generic across all consumers	openspec/changes/archive/2026-07-25-harden-jetstream-consumer-reliability/design.md (already-covered)
jetstream-consumer-reliability	Liveness reflects consumption health	3ea3831d	2	OUT:runbook					high	2026-07-25-harden-jetstream-consumer-reliability	[re-audit] Kubernetes liveness/readiness probe semantics tied to durable binding; operational procedure	openspec/changes/archive/2026-07-25-harden-jetstream-consumer-reliability/design.md (already-covered)
jetstream-consumer-reliability	Consumers are named by behavior, with a unique deliver group	ab1ea4ca	2	OUT:design-doc					high	2026-07-25-harden-jetstream-consumer-reliability	[re-audit] durable/deliver-group naming convention (verb-object vocabulary); messaging-infra naming convention	openspec/changes/archive/2026-07-25-harden-jetstream-consumer-reliability/design.md (already-covered)
jetstream-consumer-reliability	Every handler receives every message (fan-out)	9b211723	1	OUT:design-doc					high	2026-07-25-harden-jetstream-consumer-reliability	[re-audit] generic messaging fan-out architecture (one consumer per handler) applied across all subjects; cross-cutting messaging-infra design, not a specific pipeline's product contract	openspec/changes/archive/2026-07-25-harden-jetstream-consumer-reliability/design.md (already-covered)
jetstream-consumer-reliability	Subjects are named as past-tense events	d25c5c69	1	OUT:design-doc					high	2026-07-25-harden-jetstream-consumer-reliability	[re-audit] NATS subject naming convention; messaging-infra naming convention	openspec/changes/archive/2026-07-25-harden-jetstream-consumer-reliability/design.md (already-covered)
jetstream-consumer-reliability	KEDA triggers reference the live behavior-named durables	7790d815	1	OUT:design-doc					high	2026-07-25-harden-jetstream-consumer-reliability	[re-audit] consistency rule between application durable names and KEDA ScaledObject config; deployment config consistency	openspec/changes/archive/2026-07-25-harden-jetstream-consumer-reliability/design.md (Decisions §D5)
jetstream-consumer-reliability	Stream and durable configuration is managed declaratively by a single owner	0ce40e56	3	OUT:design-doc					high	2026-09-01-declarative-jetstream-nack	[re-audit] ownership/reconciliation architecture for JetStream stream and consumer config; messaging-infra ops architecture	openspec/changes/archive/2026-09-01-declarative-jetstream-nack/design.md (already-covered)
jetstream-consumer-reliability	A consumer may scale to zero without losing its durable	082615dd	2	OUT:runbook					high	2026-09-01-declarative-jetstream-nack	[re-audit] KEDA scale-to-zero autoscaling behavior for consumer workloads; operational/infra autoscaling behavior	openspec/changes/archive/2026-09-01-declarative-jetstream-nack/design.md (already-covered)
journey-status-presentation	Canonical journey-status presentation map	da574054	2	KEEP	components/infrastructure/ui/fan/route/dashboard	Journey Status Presentation	JOURNEY-STATUS		medium	2026-06-04-enhance-dashboard-filter	Fan reading dashboard filter chips gets label/icon/hue from one source map; no matching ui/global surface exists in vocabulary	
journey-status-presentation	Status icon and hue assignments	5b67db05	4	KEEP	components/infrastructure/ui/fan/route/dashboard	Journey Status Presentation	JOURNEY-STATUS		medium	2026-06-04-enhance-dashboard-filter	Fan sees per-status icon/hue on dashboard filter chips and the detail control	
journey-status-presentation	Consistent rendering across components	2c1f0fda	1	KEEP	components/infrastructure/ui/fan/route/dashboard	Journey Status Presentation	JOURNEY-STATUS		medium	2026-06-04-enhance-dashboard-filter	Fan sees identical icon across dashboard chip, concert-card badge, and detail control; SPLIT-CANDIDATE since the badge extends beyond the dashboard route but no shared surface exists in vocabulary	
k8s-resource-right-sizing	Dev environment resource requests use Standard GKE minimums	f7a24146	9	OUT:runbook					high	2026-04-08-optimize-dev-cluster-cost	[re-audit-2] per-container CPU/memory request sizing (fan-api, event-consumer, argocd-application-controller, etc.) for dev cost minimization; operational sizing, no product behavior	openspec/changes/archive/2026-04-08-optimize-dev-cluster-cost/design.md (Decisions §4)
k8s-resource-right-sizing	KEDA ScaledObjects in dev SHALL cap at maxReplicaCount 1	ee221ec0	1	OUT:runbook					high	2026-04-08-optimize-dev-cluster-cost	[re-audit-2] event-consumer ScaledObject maxReplicaCount cap in dev; autoscaler cost-control policy, no product behavior	openspec/changes/archive/2026-04-08-optimize-dev-cluster-cost/design.md (already-covered)
k8s-service-cross-namespace-routing	Backend Service Accessibility from External Gateway	fa9ad046	2	OUT:runbook					high	2026-02-14-expose-api-via-gateway	Kubernetes Service/Gateway networking config; ops-only, no fan/organizer actor	openspec/changes/archive/2026-02-14-expose-api-via-gateway/design.md (already-covered)
k8s-service-cross-namespace-routing	Service Protocol Configuration for HTTP/2	c6657e8b	2	OUT:runbook					high	2026-02-14-expose-api-via-gateway	Kubernetes Service/Gateway networking config; ops-only, no fan/organizer actor	openspec/changes/archive/2026-02-14-expose-api-via-gateway/design.md (already-covered)
k8s-service-cross-namespace-routing	Cross-Namespace Routing Enabled	78d1ff3d	1	OUT:runbook					high	2026-02-14-expose-api-via-gateway	Kubernetes Service/Gateway networking config; ops-only, no fan/organizer actor	openspec/changes/archive/2026-02-14-expose-api-via-gateway/design.md (already-covered)
k8s-service-cross-namespace-routing	Backend Pods Targeted via Service	dec3bc09	2	OUT:runbook					high	2026-02-14-expose-api-via-gateway	Kubernetes Service/Gateway networking config; ops-only, no fan/organizer actor	openspec/changes/archive/2026-02-14-expose-api-via-gateway/design.md (Decisions §3)
k8s-service-cross-namespace-routing	No Direct Pod Exposure	0c409779	1	OUT:runbook					high	2026-02-14-expose-api-via-gateway	Kubernetes Service/Gateway networking config; ops-only, no fan/organizer actor	openspec/changes/archive/2026-02-14-expose-api-via-gateway/design.md (Decisions §3)
k8s-service-cross-namespace-routing	Namespace Isolation Maintained	9fc54eb5	1	OUT:runbook					high	2026-02-14-expose-api-via-gateway	Kubernetes Service/Gateway networking config; ops-only, no fan/organizer actor	openspec/changes/archive/2026-02-14-expose-api-via-gateway/design.md (Risks / Trade-offs (Risk 1))
landing-page	Passkey Authentication CTA	5ed80925	5	KEEP	components/infrastructure/ui/fan/route/welcome	Passkey Authentication CTA			high	2026-02-15-frontend-landing-page	landing/welcome route's CTA placement and behavior	
landing-page	Hero Screen Scroll Affordance	8afb614a	5	KEEP	components/infrastructure/ui/fan/route/welcome	Hero Screen Scroll Affordance			high	2026-04-20-refine-welcome-hero-focus	welcome route's Screen 1 scroll affordance	
landing-page	Guest-Friendly Welcome Copy	114c65d0	1	KEEP	components/infrastructure/ui/fan/route/welcome	Guest-Friendly Welcome Copy			high	2026-03-25-refine-onboarding	welcome route's copy placement near the primary CTA	
landing-page	Authenticated User Redirect	9dfcaa80	2	KEEP	components/infrastructure/ui/fan/route/welcome	Authenticated User Redirect			high	2026-02-15-frontend-landing-page	welcome route's redirect-to-dashboard behavior for authenticated users	
landing-page	Welcome Page Language Switcher	3352ae37	3	KEEP	components/infrastructure/ui/fan/route/welcome	Welcome Page Language Switcher			high		welcome route's language toggle	
landing-page	Guided Product Demo Sequence	1b122fe6	5	KEEP	components/infrastructure/ui/fan/route/welcome	Guided Product Demo Sequence			high	2026-08-23-enrich-welcome-landing-page	welcome route's guided demo sequence	
landing-page	Interactive Timetable Detail	a768ac2a	4	KEEP	components/infrastructure/ui/fan/route/welcome	Interactive Timetable Detail			high	2026-08-23-enrich-welcome-landing-page	welcome route's interactive timetable demo	
landing-page	New-Concert Notification Cue	2e706cab	1	KEEP	components/infrastructure/ui/fan/route/welcome	New-Concert Notification Cue			high	2026-08-23-enrich-welcome-landing-page	welcome route's mock-notification demo entry point	
landing-page	Hero Kinetic Brand Treatment	440d23bb	1	KEEP	components/infrastructure/ui/fan/route/welcome	Hero Kinetic Brand Treatment			high	2026-08-23-enrich-welcome-landing-page	welcome route's hero wordmark treatment	
landing-page	Ambient Background	9663fbe3	1	KEEP	components/infrastructure/ui/fan/route/welcome	Ambient Background			high	2026-08-23-enrich-welcome-landing-page	welcome route's decorative background effect	
landing-page	Landing Page Value Pillars Scope	152379fa	1	KEEP	components/infrastructure/ui/fan/route/welcome	Landing Page Value Pillars Scope			high	2026-08-23-enrich-welcome-landing-page	welcome route's advertised-capability scope	
layout-assertions	E2E selectors use data-testid for stability	503adfde	7	OUT:lint					high	2026-04-13-harden-test-infrastructure	[re-audit] Playwright locator best-practice (data-testid over CSS class selectors) is a test-code style convention	openspec/changes/archive/2026-04-13-harden-test-infrastructure/design.md (already-covered)
layout-assertions	E2E tests use Playwright native locator API without JS dispatch workarounds	8d2acdb4	4	OUT:lint					high	2026-04-13-harden-test-infrastructure	test-code API-usage convention	openspec/changes/archive/2026-04-13-harden-test-infrastructure/design.md (Decisions Decision 4)
layout-assertions	Shell layout structural integrity	baab1ab2	4	OUT:runbook					medium	2026-03-10-add-layout-assertions	layout-assertion test-suite inventory item verifying CSS Grid sizing; subject is the test suite itself	openspec/changes/archive/2026-03-10-add-layout-assertions/design.md (already-covered)
layout-assertions	Discover page layout containment	6a361c57	5	OUT:runbook					medium	2026-03-10-add-layout-assertions	test-suite layout assertions; subject is the test suite itself	openspec/changes/archive/2026-03-10-add-layout-assertions/design.md (already-covered)
layout-assertions	Layout test execution performance	4e65389c	1	OUT:runbook					high	2026-03-10-add-layout-assertions	CI/local test-suite performance budget, operational constraint	openspec/changes/archive/2026-03-10-add-layout-assertions/design.md (Goals / Non-Goals)
layout-assertions	Layout tests independent of backend	7bf9fb05	1	OUT:runbook					high	2026-03-10-add-layout-assertions	test isolation/mocking constraint, operational	openspec/changes/archive/2026-03-10-add-layout-assertions/design.md (already-covered)
legal-documents	Legal documents are served as in-app routes with stable URLs	39967ebb	2	KEEP	components/infrastructure/ui/fan/route/legal	Legal documents are served as in-app routes with stable URLs			high	2026-06-05-add-legal-documents	/legal/* routing structure	
legal-documents	Legal documents are reachable without authentication	8549c2f0	1	KEEP	components/infrastructure/ui/fan/route/legal	Legal documents are reachable without authentication			high	2026-06-05-add-legal-documents	/legal/* auth-guard opt-out	
legal-documents	Legal documents are localized	f297ff8d	1	KEEP	components/infrastructure/ui/fan/route/legal	Legal documents are localized			high	2026-06-05-add-legal-documents	/legal/* locale behavior	
legal-documents	Privacy Policy discloses the actual data practices	6f240c5d	4	KEEP	components/infrastructure/ui/fan/global/legal-document	Privacy Policy discloses the actual data practices			high	2026-06-05-add-legal-documents	legal-document component's Privacy Policy content	
legal-documents	Terms of Service disclaims third-party data accuracy	ae6f3610	1	KEEP	components/infrastructure/ui/fan/global/legal-document	Terms of Service disclaims third-party data accuracy			high	2026-06-05-add-legal-documents	legal-document component's ToS content	
legal-documents	OSS Licenses content is generated from the shipped dependencies	3562c9fb	2	KEEP	components/infrastructure/ui/fan/global/legal-document	OSS Licenses content is generated from the shipped dependencies			high	2026-06-05-add-legal-documents	legal-document component's OSS Licenses content	
legal-documents	In-app legal links resolve to in-app legal routes	fb2cd645	1	KEEP	components/infrastructure/ui/fan/route/legal	In-app legal links resolve to in-app legal routes		HISTORIC	medium	2026-06-30-disclose-posthog-in-privacy-policy	onboarding consent notice and settings must link to /legal/* not the non-existent liverty.me/privacy	
live-events	Concert Schedue Data Model	399dd0b7	6	KEEP	components/entity/concert	Concert schedule data model		HISTORIC	medium	2026-01-23-define-live-catalog-api	requirement bundles Artist/Venue/Concert/Event field definitions and a dashboard ticket-journey badge UI scenario; Concert is the named/central entity. SPLIT-CANDIDATE: Artist/Venue/Event field definitions belong to their own entities, and the badge scenarios belong to a dashboard route/global UI surface. Contains HISTORIC note (Event SHALL NOT include merkle_root, removed with blockchain ticket system)	
live-events	Artist Management	3ad79c68	4	KEEP	components/usecase/artist/create	Create an artist			medium	2026-01-23-define-live-catalog-api	CreateArtist/ListArtists map to ArtistUseCase.Create/List; SPLIT-CANDIDATE (ListArtists->artist/list, Add/Remove Media have no matching vocab usecase)	
live-events	Live Schedule Access	6d7b3943	4	KEEP	components/usecase/concert/list-by-follower-grouped	List concerts grouped by date for followed artists			medium	2026-01-23-define-live-catalog-api	3 of 4 scenarios describe ConcertUseCase.ListByFollowerGrouped's grouping/lane/date behavior; SPLIT-CANDIDATE (List Concerts scenario maps to concert/list-by-artist)	
live-events	Proto Value Object Consistency	054f3748	5	KEEP	components/entity/concert	Proto Value Object Consistency			medium	2026-02-22-concert-detail	[re-audit] defines validation/semantic constraints on Concert and Event fields (non-empty Title, URI-validated SourceUrl, typed LocalDate/StartTime/OpenTime) -- these are entity data-semantics invariants, not merely internal typing style. Also touches components/entity/event; Concert chosen as the dominant/primary entity (SPLIT-CANDIDATE)	
live-events	Venue Embedding in Concert and Event	bdc2e479	2	KEEP	components/entity/concert	Concert carries an embedded venue			medium	2026-02-22-concert-detail	RPC responses embed resolved Venue on Concert (and Event); SPLIT-CANDIDATE (Event entity)	
live-events	Go Entity Field Name Alignment	869776f0	1	OUT:design-doc					high	2026-02-22-concert-detail	[re-audit] Go struct field rename (LocalEventDate -> LocalDate) to match the proto VO field name already covered by the Proto Value Object Consistency requirement; pure internal code alignment, no external behavior change	openspec/changes/archive/2026-02-22-concert-detail/design.md (Decisions D6)
live-events	Dashboard Lane Classification	c65a3f9e	4	KEEP	components/usecase/concert/list-by-follower-grouped	Classify concerts into home/nearby/away lanes			high	2026-02-28-normalize-admin-area	backend classification rule within ConcertUseCase.ListByFollowerGrouped, replacing frontend-only classification	
live-events	ISO 3166-2 Display Conversion	cd7d0a86	2	KEEP	components/infrastructure/locale/admin-area-names	Display localized admin-area names			medium	2026-02-28-normalize-admin-area	frontend locale-dependent conversion of admin_area codes to display names; proposed infra/locale kind, name not yet in vocabulary	
live-events	Live Event Availability Check	32c8c0c2	3	KEEP	components/usecase/concert/list-by-artist	Check whether an artist has upcoming live events			medium	2026-03-03-replace-onboarding-mocks	checkLiveEvents wraps ConcertService/List (by artist ID) and returns a boolean derived from it	
loading-spinner-ce	Loading Spinner Custom Element	eb742db2	6	KEEP	components/infrastructure/ui/fan/global/loading-spinner	Loading Spinner Custom Element			high	2026-03-18-extract-shared-custom-elements	direct match to frontend/src/components/loading-spinner	
localstorage-naming	Unified key naming convention	f704eef1	1	OUT:lint					high	2026-02-26-localstorage-key-naming-convention	[re-audit-2] `[<scope>.]<camelCase>` naming pattern for StorageKeys constants; frontend code-naming convention, not user-observable behavior	openspec/changes/archive/2026-02-26-localstorage-key-naming-convention/design.md (already-covered)
localstorage-naming	Centralized key registry	3465a2d6	2	OUT:lint					high	2026-02-26-localstorage-key-naming-convention	Mandates StorageKeys constants module; developer-facing	openspec/changes/archive/2026-02-26-localstorage-key-naming-convention/design.md (Decisions §2)
localstorage-naming	Domain term alignment	24814048	2	OUT:lint				HISTORIC	medium	2026-02-26-localstorage-key-naming-convention	Naming rule plus a one-time removed-legacy-key migration (guest.adminArea); no ongoing user actor	openspec/changes/archive/2026-02-26-localstorage-key-naming-convention/design.md (already-covered)
logo-color-analysis	Logo Color Extraction	672fe22f	4	KEEP	components/usecase/artist/sync-artist-image	Logo Color Extraction	LOGO-ANALYSIS		medium	2026-03-18-logo-color-analysis	feeds ArtistImageSyncUseCase.SyncArtistImage pipeline; tie-break usecase over entity (result of the sync operation)	
logo-color-analysis	sRGB to OKLCH Conversion	4795f64a	3	OUT:design-doc					high	2026-03-18-logo-color-analysis	[re-audit] sRGB->OKLCH matrix-math conversion algorithm using stdlib-only types; a technology/implementation choice (decision-tree category OUT:design-doc), not itself a distinct product-facing contract	openspec/changes/archive/2026-03-18-logo-color-analysis/design.md (already-covered)
logo-color-analysis	Logo Analysis Integration in Sync Pipeline	122caad3	4	KEEP	components/usecase/artist/sync-artist-image	Logo Analysis Integration in Sync Pipeline	LOGO-ANALYSIS		high	2026-03-18-logo-color-analysis	matches ArtistImageSyncUseCase.SyncArtistImage in vocabulary (CronJob and ARTIST.created consumer)	
logo-color-analysis	LogoColorProfile Proto Message	cbe6cd46	2	KEEP	components/entity/artist	LogoColorProfile Proto Message			high	2026-03-18-logo-color-analysis	entity invariant: LogoColorProfile/Fanart proto fields on the Artist entity	
logo-color-analysis	Frontend Background Color Derivation	06cbaefa	4	KEEP	components/infrastructure/ui/fan/global/live-highway	Frontend Background Color Derivation			high	2026-03-18-logo-color-analysis	[Pass 2 vocab-extension] user-facing (event card --artist-hue) but no matching ui/global surface (e.g. event-card/artist-image) in vocabulary	
lottery-application	Configure a lottery sales phase	eb032c91	3	KEEP	components/usecase/lottery-application/configure-lottery-phase	Configure a lottery sales phase			high	2026-09-05-lottery-application	Matches LotteryUseCase.ConfigureLotteryPhase; organizer-initiated operation on a published event	
lottery-application	Organizer console entry point to lottery configuration	18e6f2e6	2	KEEP	components/infrastructure/ui/fan/route/lottery-application	Organizer console entry point to lottery configuration			high	2026-09-05-lottery-application	Organizer-facing navigation entry point within the lottery-application route	
lottery-application	Apply to a lottery phase	9cc9381f	5	KEEP	components/usecase/lottery-application/apply	Apply to a lottery phase			high	2026-09-05-lottery-application	Matches LotteryUseCase.Apply; fan-initiated operation with Stripe manual-capture hold	
lottery-application	One application per account per phase	ae91fab5	3	KEEP	components/usecase/lottery-application/apply	One application per account per phase			medium	2026-09-05-lottery-application	SPLIT-CANDIDATE: anti-scalp invariant enforced at LotteryUseCase.Apply; the withdraw portion belongs to LotteryUseCase.WithdrawApplication	
lottery-application	Automatic draw against fixed capacity	3ee5fa12	5	KEEP	components/usecase/lottery-application/run-draw	Automatic draw against fixed capacity	LOTTERY-DRAW		high	2026-09-05-lottery-application	Matches LotteryUseCase.RunDraw, the scheduled draw-against-capacity operation	
lottery-application	Capture winners and release losers at the draw	49569bbc	3	KEEP	components/usecase/lottery-application/run-draw	Capture winners and release losers at the draw	LOTTERY-DRAW		high	2026-09-05-lottery-application	Same LotteryUseCase.RunDraw operation as the capacity-draw requirement (capture/release side effects)	
lottery-application	Application results	3d985bc2	1	KEEP	components/usecase/lottery-application/get-result	Application results			high	2026-09-05-lottery-application	Matches LotteryUseCase.GetResult	
lottery-application	Persisted loser waitlist for resale	8c83ce13	1	KEEP	components/usecase/lottery-application/run-draw	Persisted loser waitlist for resale			medium	2026-09-05-lottery-application	Result-of-call from LotteryUseCase.RunDraw, persisted for downstream official-resale consumption	
lottery-application	本人確認 binding carried to issuance	a3c7f2ed	1	KEEP	components/entity/lottery-application	本人確認 binding carried to issuance			medium	2026-09-05-lottery-application	Invariant that identity binding always travels with the TicketApplication entity (entity tie-break: always true)	
m3-design-tokens	Color roles with guaranteed on-color pairing	2e9abc63	3	KEEP	components/infrastructure/ui/fan/global/design-tokens	Color roles with guaranteed on-color pairing			high	2026-09-11-m3-expressive-feedback-foundation	[Pass 2: bound to code layer] [re-audit-2] cross-cutting site-wide design-token layer (contrast pairing, hover/focus/selected state-layer feedback, motion feel, RTL-safe shape, tonal depth) that every fan-facing surface consumes; this is genuine UI behavior a user observes/depends on, not a lint rule -- but vocabulary.tsv has no target_path for a cross-cutting design-token/design-system component (only per-route/per-surface ui/* entries exist), so no valid KEEP target can be assigned without inventing one	
m3-design-tokens	State-layer opacity scale	87078cfb	3	KEEP	components/infrastructure/ui/fan/global/design-tokens	State-layer opacity scale			high	2026-09-11-m3-expressive-feedback-foundation	[Pass 2: bound to code layer] [re-audit-2] cross-cutting site-wide design-token layer (contrast pairing, hover/focus/selected state-layer feedback, motion feel, RTL-safe shape, tonal depth) that every fan-facing surface consumes; this is genuine UI behavior a user observes/depends on, not a lint rule -- but vocabulary.tsv has no target_path for a cross-cutting design-token/design-system component (only per-route/per-surface ui/* entries exist), so no valid KEEP target can be assigned without inventing one	
m3-design-tokens	Motion tokens split by property class	12503c43	3	KEEP	components/infrastructure/ui/fan/global/design-tokens	Motion tokens split by property class			high	2026-09-11-m3-expressive-feedback-foundation	[Pass 2: bound to code layer] [re-audit-2] cross-cutting site-wide design-token layer (contrast pairing, hover/focus/selected state-layer feedback, motion feel, RTL-safe shape, tonal depth) that every fan-facing surface consumes; this is genuine UI behavior a user observes/depends on, not a lint rule -- but vocabulary.tsv has no target_path for a cross-cutting design-token/design-system component (only per-route/per-surface ui/* entries exist), so no valid KEEP target can be assigned without inventing one	
m3-design-tokens	Shape roles including expressive steps	3554ac2a	2	KEEP	components/infrastructure/ui/fan/global/design-tokens	Shape roles including expressive steps			high	2026-09-11-m3-expressive-feedback-foundation	[Pass 2: bound to code layer] [re-audit-2] cross-cutting site-wide design-token layer (contrast pairing, hover/focus/selected state-layer feedback, motion feel, RTL-safe shape, tonal depth) that every fan-facing surface consumes; this is genuine UI behavior a user observes/depends on, not a lint rule -- but vocabulary.tsv has no target_path for a cross-cutting design-token/design-system component (only per-route/per-surface ui/* entries exist), so no valid KEEP target can be assigned without inventing one	
m3-design-tokens	Tonal surface-container tiers	05a05c21	2	KEEP	components/infrastructure/ui/fan/global/design-tokens	Tonal surface-container tiers			high	2026-09-11-m3-expressive-feedback-foundation	[Pass 2: bound to code layer] [re-audit-2] cross-cutting site-wide design-token layer (contrast pairing, hover/focus/selected state-layer feedback, motion feel, RTL-safe shape, tonal depth) that every fan-facing surface consumes; this is genuine UI behavior a user observes/depends on, not a lint rule -- but vocabulary.tsv has no target_path for a cross-cutting design-token/design-system component (only per-route/per-surface ui/* entries exist), so no valid KEEP target can be assigned without inventing one	
migration-rebase-guard	The system MUST detect out-of-order migration timestamps	e75ff790	3	OUT:runbook					high	2026-03-05-add-migration-rebase-guard	[re-audit-2] Still OUT:runbook under corrected criterion: CI/dev-tooling drift-check script (infra/ops/lint mechanics, not what the product does)	openspec/changes/archive/2026-03-05-add-migration-rebase-guard/design.md (already-covered)
migration-rebase-guard	The system MUST auto-fix out-of-order migrations when --fix is passed	6ec56f6c	2	OUT:runbook					high	2026-03-05-add-migration-rebase-guard	Developer-tooling auto-rebase behavior	openspec/changes/archive/2026-03-05-add-migration-rebase-guard/design.md (already-covered)
migration-rebase-guard	The system MUST integrate with Claude Code hooks	8654da0d	2	OUT:runbook					high	2026-03-05-add-migration-rebase-guard	Claude Code PostToolUse hook wiring; developer workflow only	openspec/changes/archive/2026-03-05-add-migration-rebase-guard/design.md (already-covered)
modern-css-platform	Container Queries for component-level responsive design	9c258ab3	3	OUT:design-doc					high	2026-02-25-aurelia-best-practice	CSS platform API choice (Container Queries vs media queries), enforced by stylelint; no distinct user-facing contract	openspec/changes/archive/2026-02-25-aurelia-best-practice/design.md (Decisions §5)
modern-css-platform	View Transitions API for route animations	e872f685	2	OUT:design-doc					high	2026-02-25-aurelia-best-practice	mandates a specific browser API for route transitions; enforcement is implementation-level, not a product behavior contract	openspec/changes/archive/2026-02-25-aurelia-best-practice/design.md (Decisions §4)
modern-css-platform	CSS `:has()` selector for state-based styling	b5008d8a	2	OUT:design-doc					medium	2026-02-25-aurelia-best-practice	[re-audit-2] mandates :has() over JS class toggling for nav/form parent styling; modern-css-platform's own Purpose frames every requirement as a CSS-vs-JS implementation-technique mandate (stylelint-enforced); the underlying user-visible behavior it illustrates belongs to the owning UI component/route spec, not here	openspec/changes/archive/2026-02-25-aurelia-best-practice/design.md (Decisions §7)
modern-css-platform	CSS Logical Properties	e424e586	3	OUT:design-doc					high	2026-02-25-aurelia-best-practice	[re-audit-2] property-disallowed-list stylelint rule banning physical margin/padding/border properties; authoring convention for i18n-readiness, not product behavior	openspec/changes/archive/2026-02-25-aurelia-best-practice/design.md (Decisions §8)
modern-css-platform	CSS `@layer` for cascade management	6969ebf8	2	OUT:design-doc					high	2026-03-13-improve-css-design	[re-audit-2] cube/require-layer stylelint rule enforcing the reset/tokens/global/... cascade order in src/styles/main.css; cascade-architecture decision, not product behavior	openspec/changes/archive/2026-03-13-improve-css-design/design.md (Decisions §2)
modern-css-platform	CSS `@scope` for component isolation	96402e57	2	OUT:design-doc					high	2026-03-13-improve-css-design	[re-audit-2] cube/block-require-scope stylelint rule requiring @scope() per component CSS file; style-isolation implementation technique, not product behavior	openspec/changes/archive/2026-03-13-improve-css-design/design.md (Decisions §1)
modern-css-platform	No viewport media queries for component responsiveness	9881b8f2	1	OUT:design-doc					high	2026-03-13-improve-css-design	[re-audit-2] restates the already-kept Container Queries requirement as a stylelint warn-rule on viewport media queries; enforcement mechanism only	openspec/changes/archive/2026-03-13-improve-css-design/design.md (Decisions §10 (new))
modern-css-platform	OKLCH color enforcement	fd26bfcb	3	OUT:design-doc					high	2026-03-06-introduce-stylelint	[re-audit-2] stylelint rule rejecting rgb()/hsl()/hex in favor of oklch(); color-function technology choice, not user-observable product behavior	openspec/changes/archive/2026-03-06-introduce-stylelint/design.md (Decisions §7)
modern-css-platform	Anchored Container Query for position-dependent child styling	1990468a	2	OUT:design-doc					medium	2026-03-12-replace-js-antipatterns-with-css	[re-audit-2] mandates container-type:anchored over JS getBoundingClientRect() for tooltip arrow direction; modern-css-platform's own Purpose frames every requirement as a CSS-vs-JS implementation-technique mandate (stylelint-enforced); the underlying user-visible behavior it illustrates belongs to the owning UI component/route spec, not here	openspec/changes/archive/2026-03-12-replace-js-antipatterns-with-css/design.md (already-covered)
modern-css-platform	CSS `@starting-style` for entry animations on dynamic elements	4544da24	2	OUT:design-doc					high	2026-03-12-replace-js-antipatterns-with-css	[re-audit-2] mandates @starting-style over requestAnimationFrame deferrals for toast/popover entry animation; animation-implementation technique, not product behavior	openspec/changes/archive/2026-03-12-replace-js-antipatterns-with-css/design.md (Decisions §2)
modern-css-platform	`transitionend` event for post-animation DOM cleanup	59a668ec	3	OUT:design-doc					high	2026-03-12-replace-js-antipatterns-with-css	[re-audit-2] mandates transitionend over setTimeout for post-transition DOM removal; cleanup-implementation technique, not product behavior	openspec/changes/archive/2026-03-12-replace-js-antipatterns-with-css/design.md (Decisions §3)
modern-css-platform	`overscroll-behavior: contain` for scroll isolation	e03e6ede	1	OUT:design-doc					high	2026-03-12-replace-js-antipatterns-with-css	[re-audit-2] CSS property mandate for scroll containment inside bottom-sheet/overlay scroll containers; implementation technique, not product behavior	openspec/changes/archive/2026-03-12-replace-js-antipatterns-with-css/design.md (already-covered)
modern-css-platform	`scrollIntoView` + `scrollend` for scroll-then-act patterns	0d8c9cc3	2	OUT:design-doc					high	2026-03-12-replace-js-antipatterns-with-css	[re-audit-2] mandates scrollIntoView()+scrollend over getBoundingClientRect() polling for coach-mark spotlight sequencing; DOM API choice, not product behavior	openspec/changes/archive/2026-03-12-replace-js-antipatterns-with-css/design.md (already-covered)
modern-css-platform	`data-state` attribute for CSS animation state	1abd4972	1	OUT:design-doc					high	2026-03-12-replace-js-antipatterns-with-css	[re-audit-2] mandates data-state attribute selectors over JS classList toggling for enter/exit CSS transitions; authoring convention, not product behavior	openspec/changes/archive/2026-03-12-replace-js-antipatterns-with-css/design.md (Decisions §6)
modern-css-platform	Total `style` attribute ban in templates	0ae12549	3	OUT:design-doc					high	2026-03-13-css-state-separation	template authoring/lint rule banning inline style attributes; grep-enforced by make check	openspec/changes/archive/2026-03-13-css-state-separation/design.md (already-covered)
modern-css-platform	`color-mix()` for dynamic alpha	d07dedea	1	OUT:design-doc					high	2026-03-13-css-state-separation	[re-audit-2] mandates color-mix(in oklch, ...) over hex-alpha string concatenation; CSS function choice, not product behavior	openspec/changes/archive/2026-03-13-css-state-separation/design.md (already-covered)
modern-css-platform	`translate` shorthand for transforms	6d99ddc3	1	OUT:design-doc					high	2026-03-13-css-state-separation	[re-audit-2] mandates the translate CSS property over transform:translateX/Y(); property-choice implementation detail, not product behavior	openspec/changes/archive/2026-03-13-css-state-separation/design.md (already-covered)
modern-css-platform	No setTimeout for CSS animation timing	61ad462d	3	OUT:design-doc					high	2026-03-13-css-state-separation	[re-audit-2] bans setTimeout durations mirroring CSS transition/animation durations in TypeScript; coding convention, not product behavior	openspec/changes/archive/2026-03-13-css-state-separation/design.md (Decisions §5)
modern-css-platform	CSS scroll snap for bottom sheet dismiss gestures	a89da6fa	3	OUT:design-doc					medium	2026-03-15-css-modern-patterns	[re-audit-2] mandates scroll-snap-type over touchstart/touchmove/touchend handlers for the bottom-sheet swipe-to-dismiss gesture; modern-css-platform's own Purpose frames every requirement as a CSS-vs-JS implementation-technique mandate (stylelint-enforced); the underlying user-visible behavior it illustrates belongs to the owning UI component/route spec, not here	openspec/changes/archive/2026-03-15-css-modern-patterns/design.md (Decisions Decision 1)
modern-css-platform	No JS-to-CSS variable bridge custom attributes	994b5b23	2	OUT:design-doc					high	2026-03-15-css-modern-patterns	[re-audit-2] bans custom attributes that only call element.style.setProperty(); an anti-pattern removal (coding convention), not product behavior	openspec/changes/archive/2026-03-15-css-modern-patterns/design.md (already-covered)
modern-css-platform	Scroll-driven Animations for scroll-linked effects	2ce6b3d2	2	OUT:design-doc					high	2026-03-15-css-modern-patterns	[re-audit-2] mandates animation-timeline:scroll() over JS scroll listeners for progress indicators/parallax; animation-implementation technique, not product behavior	openspec/changes/archive/2026-03-15-css-modern-patterns/design.md (Decisions Decision 5 (new))
my-artists	Hype Change Persisted for Guest Users	42fd997e	3	KEEP	components/infrastructure/ui/fan/route/my-artists	Hype Change Persisted for Guest Users			high	2026-03-25-refine-onboarding	behavior of the My Artists route (guest hype editing decoupled from onboarding)	
my-artists	View Toggle (List / Grid)	6273fef3	1	KEEP	components/infrastructure/ui/fan/route/my-artists	View Toggle (List / Grid)			high	2026-02-22-passion-level	behavior of the My Artists route page header	
my-artists	Grid (Festival) View	86a896c6	3	KEEP	components/infrastructure/ui/fan/route/my-artists	Grid (Festival) View			high	2026-02-22-passion-level	behavior of the My Artists route grid view	
my-artists	My Artists page help content documents all available gestures	fd9e3a88	2	KEEP	components/infrastructure/ui/fan/route/my-artists	My Artists page help content documents all available gestures			medium	2026-04-05-long-press-unfollow	page-specific help content rendered via the shared page-help component; content is scoped to the my-artists route	
my-artists	Default hype tier for new follows is Nearby	f851470f	5	KEEP	components/usecase/follow/follow	Default hype tier for new follows is Nearby			medium	2026-05-21-refine-hype-and-help-sheets	default value set whenever FollowUseCase.Follow creates a follow record (true after the follow operation)	
my-artists	My Artists hype column headers render invariant English	ca145d8c	2	KEEP	components/infrastructure/ui/fan/route/my-artists	My Artists hype column headers render invariant English			high	2026-05-21-refine-hype-and-help-sheets	behavior of the My Artists route table header rendering	
nearby-proximity	Proximity Classification Model	915466c2	5	KEEP	components/entity/proximity	Classify a venue's proximity to the user's home			high	2026-03-11-nearby-proximity-filter	Concert.ProximityTo(home) entity method classifying HOME/NEARBY/AWAY; entity invariant	
nearby-proximity	Home Area Centroid Lookup	00b938c3	4	KEEP	components/usecase/user/update-home	Resolve and store the home area's centroid on write			medium	2026-03-11-nearby-proximity-filter	centroid resolution happens within UserUseCase.UpdateHome (and Create); SPLIT-CANDIDATE (user/create)	
nearby-proximity	Centroid Resolution Unit Coverage	3a5dc12b	2	OUT:lint					high	2026-03-11-introduce-coordinates-vo	[re-audit] Mandates unit-test coverage for the internal ResolveCentroid function; a test-methodology requirement, not product behavior	openspec/changes/archive/2026-03-11-introduce-coordinates-vo/design.md (Decisions §4)
non-blocking-menu-navigation	Menu-tab navigation attaches the view before data resolves	8b869589	2	KEEP	components/infrastructure/ui/fan/global/bottom-nav-bar	Menu-tab navigation attaches the view before data resolves			medium	2026-06-26-non-blocking-menu-navigation	[Pass 2 vocab-extension] cross-route router behavior (My Artists/Dashboard/Discovery loading() hook) with no fitting single vocabulary target	
non-blocking-menu-navigation	In-flight state is shown via the route's existing UI	b01cfa4d	2	KEEP	components/infrastructure/ui/fan/global/bottom-nav-bar	In-flight state is shown via the route's existing UI			medium	2026-06-26-non-blocking-menu-navigation	[Pass 2 vocab-extension] same cross-route (My Artists/Dashboard/Discovery) scope issue as sibling requirement	
non-blocking-menu-navigation	Synchronous prelude remains in loading()	b4b8e05c	2	NEEDS_HUMAN					low	2026-06-26-non-blocking-menu-navigation	[re-audit] Guarantees correct first-render state (loading flag, URL filters, hydrated guest state, banner visibility) for menu-tab routes — a real UX-correctness property (no flash of wrong state), but it applies uniformly across multiple routes (dashboard/discovery/my-artists/tickets) with no single route or global-surface vocabulary target	
non-blocking-menu-navigation	Navigating away cancels the in-flight fetch	0bd54cca	1	KEEP	components/infrastructure/ui/fan/global/error-banner	Navigating away from a route suppresses its cancelled fetch as an error		CLASSNAME	medium	2026-06-26-non-blocking-menu-navigation	"[re-audit] A user-visible-error cross-cutting rule (AbortError from a cancelled in-flight fetch SHALL NOT be logged/shown as an error) — per the tie-break rule ""user-visible errors -> ui/global/<surface>"""	
non-blocking-menu-navigation	Data-ready side effects gate on observed data arrival	178a80cd	2	KEEP	components/infrastructure/ui/fan/route/dashboard	Data-ready side effects gate on observed data arrival			medium	2026-06-26-non-blocking-menu-navigation	explicitly names the Dashboard post-signup/guest celebration; SPLIT-CANDIDATE (also covers onboarding-completion latch)	
non-blocking-menu-navigation	Late-arriving data renders regardless of attach order	a139a9e9	2	KEEP	components/infrastructure/ui/fan/global/bottom-nav-bar	Late-arriving data renders regardless of attach order			medium	2026-06-26-non-blocking-menu-navigation	[Pass 2 vocab-extension] cross-route rendering guarantee (incl. Discovery bubbles canvas), no single fitting vocabulary target	
notification-lifecycle	Notifications are persisted as identified entities	c50919c4	1	KEEP	components/entity/notification	Notification is persisted as an identified record			high	2026-06-30-introduce-notification-service	defines Notification record fields (notification_id, user_id, type, payload, created_at); entity invariant	
notification-lifecycle	Per-notification delivery outcome is recorded	521a0df0	3	KEEP	components/usecase/notification/notify	Notify records the delivery outcome			medium	2026-06-30-introduce-notification-service	NotificationUseCase.Notify records queued/delivered/failed state; SPLIT-CANDIDATE (WARNING log + metric emission is a telemetry cross-cutting concern -> OUT)	
notification-lifecycle	All user-facing notifications flow through the notification service	2a7c796d	1	OUT:design-doc					high	2026-06-30-introduce-notification-service	[re-audit] Requires producers to call the notification service rather than the push sender directly; an internal call-graph/wiring requirement — the requirement itself states user-received content and delivery behavior are unchanged	openspec/changes/archive/2026-06-30-introduce-notification-service/design.md (already-covered)
notification-lifecycle	Read and dismiss state is user-controllable and idempotent	68ef0424	1	KEEP	components/usecase/notification/mark-read	Mark a notification as read or dismissed			medium	2026-06-30-introduce-notification-service	NotificationUseCase.MarkRead is the dominant scenario; SPLIT-CANDIDATE (MarkDismissed)	
notification-lifecycle	The notification identifier is propagated end-to-end	70629db5	1	OUT:design-doc					high	2026-06-30-introduce-notification-service	[re-audit] Carrying notification_id into the push payload for future correlation is internal data-plumbing with no current standalone user-facing behavior (the requirement itself says so)	openspec/changes/archive/2026-06-30-introduce-notification-service/design.md (already-covered)
notification-lifecycle	Delivered notifications are reported to product analytics	c7b637f0	3	OUT:design-doc					high	2026-07-02-emit-notification-analytics-events	product-analytics emission is a telemetry cross-cutting concern per tie-break rule	openspec/changes/archive/2026-07-02-emit-notification-analytics-events/design.md (already-covered)
notification-lifecycle	Notification opens and dismissals are reported to product analytics	1763cdae	3	OUT:design-doc					high	2026-07-02-emit-notification-analytics-events	product-analytics emission is a telemetry cross-cutting concern per tie-break rule	openspec/changes/archive/2026-07-02-emit-notification-analytics-events/design.md (already-covered)
notification-lifecycle	Notification fan-out logs zero-recipient skips	f0edee48	1	OUT:runbook					high	2026-08-16-harden-web-push-subscription-lifecycle	[re-audit] Structured logging of zero-dispatch outcomes for diagnosability is operational/observability plumbing, not product behavior	openspec/changes/archive/2026-08-16-harden-web-push-subscription-lifecycle/design.md (Decisions)
official-site-search	Resolve Official Site URL from MusicBrainz	c6a62d41	4	KEEP	components/usecase/artist/create-official-site	Resolve Official Site URL from MusicBrainz			medium	2026-02-21-official-site-search	resolution algorithm feeding ArtistUseCase.CreateOfficialSite; SPLIT-CANDIDATE (resolver interface vs persistence usecase)	
official-site-search	Async Official Site Persistence on Follow	ab8a3f84	4	KEEP	components/usecase/artist/create-official-site	Async Official Site Persistence on Follow			high	2026-02-21-official-site-search	direct match to ArtistUseCase.CreateOfficialSite triggered after Follow	
onboarding-celebration	Two-Tier Celebration Overlay	aba1b0eb	6	KEEP	components/infrastructure/ui/fan/global/celebration-overlay	Two-Tier Celebration Overlay		CLASSNAME	high	2026-05-30-relax-onboarding-routing	celebration-overlay global component fired from maybeCelebrate() on the Dashboard	
onboarding-celebration	Celebration Reveals the Timetable Behind the Text	f9bad442	3	KEEP	components/infrastructure/ui/fan/global/celebration-overlay	Celebration Reveals the Timetable Behind the Text			high	2026-06-08-unseal-celebration-overlay	celebration-overlay's backdrop/contrast treatment	
onboarding-guidance	Onboarding guidance rendered within unified DiscoverPage	72dcc2f8	3	KEEP	components/infrastructure/ui/fan/route/discovery	Onboarding guidance rendered within unified DiscoverPage			high	2026-03-14-improve-discover-onboarding	matches /discover route in vocabulary (DiscoverPage popover guide)	
onboarding-guidance	Followed count reflects localStorage state	4ae462ec	3	KEEP	components/infrastructure/ui/fan/route/discovery	Followed count reflects localStorage state		CLASSNAME	medium	2026-03-02-fix-onboarding-bubble-counter	LocalArtistClient.followedCount drives discover-page orb/coach-mark; tie-break route over entity-store since the effect is route-scoped	
onboarding-guidance	Orb pulse on follow	7f98f5ef	1	KEEP	components/infrastructure/ui/fan/global/dna-orb	Orb pulse on follow		CLASSNAME	high	2026-03-02-fix-onboarding-bubble-counter	matches <dna-orb> global component (DnaOrbCanvas.followedCountChanged)	
onboarding-guidance	Search and genre filter available during onboarding	8d1ac7bb	1	KEEP	components/infrastructure/ui/fan/route/discovery	Search and genre filter available during onboarding			high	2026-03-14-improve-discover-onboarding	discover route behavior (search bar and genre filter during onboarding)	
onboarding-guidance	No z-index stacking in discovery page CSS	a3e06b1e	2	OUT:lint					high	2026-03-04-fix-onboarding-ux-regressions	CSS anti-pattern convention (z-index prohibition), mirrors the css-linting stacking-context rule	openspec/changes/archive/2026-03-04-fix-onboarding-ux-regressions/design.md (Decisions 2)
onboarding-page-help	Persistent Help Icon in Onboarding Pages	298a98c5	3	KEEP	components/infrastructure/ui/fan/global/page-help	Persistent Help Icon in Onboarding Pages			high	2026-03-25-refine-onboarding	Directly describes the page-help launcher item and its bottom-sheet, matching the page-help global component.	
onboarding-page-help	Auto-open on First Page Visit	97414a11	3	KEEP	components/infrastructure/ui/fan/global/page-help	Auto-open on First Page Visit			high	2026-03-25-refine-onboarding	Auto-open behavior of the page-help bottom-sheet on first visit.	
onboarding-page-help	Page-specific Help Content	97ea35d7	3	KEEP	components/infrastructure/ui/fan/global/page-help	Page-specific Help Content			high	2026-03-25-refine-onboarding	Per-page help content rendered inside the page-help bottom-sheet.	
onboarding-page-help	Multi-section help sheet structure	58ada54b	3	KEEP	components/infrastructure/ui/fan/global/page-help	Multi-section help sheet structure			high	2026-05-21-refine-hype-and-help-sheets	Structural composition of the page-help bottom-sheet's sub-sections.	
onboarding-page-help	Hype tier table is a 3-column grid	6a8abfc3	3	KEEP	components/infrastructure/ui/fan/global/page-help	Hype tier table is a 3-column grid			high	2026-05-21-refine-hype-and-help-sheets	Layout of the hype tier explanation inside the page-help bottom-sheet, fan-observable.	
onboarding-page-help	Help sheet visual readability	2fb576ed	1	KEEP	components/infrastructure/ui/fan/global/page-help	Help sheet visual readability			medium	2026-03-27-improve-help-sheet	Design-token usage for the help sheet; still fan-observable as text readability.	
onboarding-page-help	Top-layer Popover Text Color Inheritance	3f4354a3	2	KEEP	components/infrastructure/ui/fan/global/bottom-sheet	Top-layer Popover Text Color Inheritance			medium	2026-03-27-fix-onboarding-guide-bugs	Cross-cutting popover/dialog text-color rule; bottom-sheet is the dominant fan-observable example given.	
onboarding-page-help	Help seen flags cleared on onboarding reset	49472b48	1	KEEP	components/infrastructure/ui/fan/global/page-help	Help seen flags cleared on onboarding reset			high	2026-03-25-refine-onboarding	Controls whether page-help auto-opens again after an onboarding reset.	
onboarding-popover-guide	Popover guide on discover page entry during onboarding	7bba6202	7	KEEP	components/infrastructure/ui/fan/route/discovery	Popover guide on discover page entry during onboarding			high	2026-03-14-improve-discover-onboarding	closes entirely within the discover route	
onboarding-spotlight	Spotlight Visual Layer via Box-Shadow	172a149f	3	KEEP	components/infrastructure/ui/fan/global/coach-mark	Spotlight Visual Layer via Box-Shadow			high	2026-03-15-fix-onboarding-ux-bugs	frontend/src/components/coach-mark visual cutout behavior	
onboarding-spotlight	Coach Mark Overlay System	5e402074	4	KEEP	components/infrastructure/ui/fan/global/coach-mark	Coach Mark Overlay System			high	2026-03-25-refine-onboarding	frontend/src/components/coach-mark, CoachMarkService-owned overlay state	
onboarding-spotlight	Spotlight Uses Popover Top Layer	f63f3c86	2	KEEP	components/infrastructure/ui/fan/global/coach-mark	Spotlight Uses Popover Top Layer			high	2026-03-15-fix-onboarding-ux-bugs	frontend/src/components/coach-mark popover rendering	
onboarding-spotlight	Route Detach Spotlight Cleanup	e36ee0ca	2	KEEP	components/infrastructure/ui/fan/global/coach-mark	Route Detach Spotlight Cleanup			high	2026-03-23-fix-onboarding-dashboard-bugs	frontend/src/components/coach-mark lifecycle cleanup	
onboarding-spotlight	Coach Mark Target Click Delegates Navigation to Aurelia Router	7b103f15	2	KEEP	components/infrastructure/ui/fan/global/coach-mark	Coach Mark Target Click Delegates Navigation to Aurelia Router			high	2026-03-23-fix-onboarding-dashboard-bugs	frontend/src/components/coach-mark click delegation	
onboarding-spotlight	Smooth Spotlight Movement via View Transitions API	3cba2bc3	3	KEEP	components/infrastructure/ui/fan/global/coach-mark	Smooth Spotlight Movement via View Transitions API			high	2026-03-15-fix-onboarding-ux-bugs	frontend/src/components/coach-mark animation behavior	
onboarding-spotlight	Tooltip Anchor Positioning	c17c2427	1	KEEP	components/infrastructure/ui/fan/global/coach-mark	Tooltip Anchor Positioning			high	2026-03-15-fix-onboarding-ux-bugs	frontend/src/components/coach-mark tooltip placement	
onboarding-spotlight	Tooltip Visual Treatment	ce5afd23	1	KEEP	components/infrastructure/ui/fan/global/coach-mark	Tooltip Visual Treatment			high		frontend/src/components/coach-mark tooltip styling	
onboarding-spotlight	Inline SVG Directional Arrow	ae1af728	4	KEEP	components/infrastructure/ui/fan/global/coach-mark	Inline SVG Directional Arrow			high	2026-03-15-fix-onboarding-ux-bugs	frontend/src/components/coach-mark tooltip arrow	
onboarding-spotlight	Invisible Target Rejection	6e0b2b66	2	KEEP	components/infrastructure/ui/fan/global/coach-mark	Invisible Target Rejection			high	2026-03-27-fix-onboarding-guide-bugs	frontend/src/components/coach-mark findAndHighlight() retry behavior	
onboarding-spotlight	Single Transient Non-Blocking Coach Mark	07e51ec0	3	KEEP	components/infrastructure/ui/fan/global/coach-mark	Single Transient Non-Blocking Coach Mark			high	2026-06-09-simplify-onboarding-to-single-flag	frontend/src/components/coach-mark, single-instance non-blocking behavior	
onboarding-tutorial	Coach Mark Navigation Delegation	09038930	1	KEEP	components/infrastructure/ui/fan/global/coach-mark	Coach Mark Navigation Delegation			high	2026-03-25-refine-onboarding	coach-mark is a shared global surface used across onboarding routes	
organizer-accounts	Admin creates an organizer with an initial operator	cba2f2f5	3	KEEP	components/usecase/organizer/create	Admin creates an organizer with an initial operator			high	2026-08-21-organizer-accounts	matches OrganizerUseCase.Create; admin-observed operation result	
organizer-accounts	Initial operator bootstraps credentials on first sign-in	c9ad7ec6	4	KEEP	stories/bootstrap-operator-credentials-on-first-sign-in	Operator bootstraps credentials on first sign-in			medium	2026-08-21-organizer-accounts	multi-step journey across invitation email, identity-provider credential page, and organizer console redirect; story proposal, not yet in vocabulary	
organizer-accounts	An artist is represented by at most one organizer	8ad9ad5e	4	KEEP	components/usecase/organizer/associate-artist	Associate an artist with at most one organizer			medium	2026-08-21-organizer-accounts	OrganizerUseCase.AssociateArtist rejection rules dominate; SPLIT-CANDIDATE (disassociate-artist)	
organizer-accounts	Admin can list and inspect organizers	1453a725	2	KEEP	components/usecase/organizer/list	Admin lists and inspects organizers			medium	2026-08-21-organizer-accounts	OrganizerUseCase.List is the primary scenario; SPLIT-CANDIDATE (Get, ListArtists)	
organizer-accounts	Organizer provisioning is idempotent and compensating	e69e10cb	2	KEEP	components/usecase/organizer/reconcile-provisioning	Organizer provisioning is idempotent and compensating			high	2026-08-21-organizer-accounts	matches OrganizerUseCase.ReconcileProvisioning exactly	
organizer-accounts	An organizer can be deactivated	1b1f4601	2	KEEP	components/usecase/organizer/deactivate	An organizer can be deactivated			high	2026-08-21-organizer-accounts	matches OrganizerUseCase.Deactivate exactly	
organizer-accounts	Organizer lifecycle emits analytics events	5b9c7d83	2	OUT:design-doc					high	2026-08-21-organizer-accounts	[re-audit] backend analytics-event emission (organizer.created, organizer.artist.associated); pass1-prompt tie-break rule states telemetry -> OUT explicitly	openspec/changes/archive/2026-08-21-organizer-accounts/design.md (already-covered)
organizer-console	Bundle isolation from the consumer SPA and admin console	fc8d391e	1	OUT:design-doc					high	2026-08-22-organizer-console	[re-audit] separate Vite entry point / chunk-graph isolation and Core Web Vitals non-regression; frontend build/bundling implementation choice	openspec/changes/archive/2026-08-22-organizer-console/design.md (already-covered)
organizer-console	Authenticate operators via org-pinned entry, one client for all tenants	daca59b4	4	KEEP	stories/sign-in-as-organizer	Sign in as organizer via org-pinned entry			medium	2026-08-22-organizer-console	multi-step goal spanning IdP invitation flow, passkey setup, and console redirect across screens	
organizer-console	Route guard admits only owner-role operators	c7ff5095	3	KEEP	components/infrastructure/ui/organizer/global/organizer-shell	Route guard admits only owner-role operators			high	2026-08-22-organizer-console	[Pass 2 vocab-extension] guard applies across all organizer-console routes, not one route or an existing global surface in vocabulary	
organizer-console	Organizer runtime config resolves the org at login	c8317014	1	OUT:design-doc					high	2026-08-22-organizer-console	[re-audit] /config.json shape/config-loading detail; the actual org-resolution UX (org-pinned entry) is covered by a separate story, this row is only the config-loading implementation detail	openspec/changes/archive/2026-08-22-organizer-console/design.md (already-covered)
organizer-console-hosting	Serve the organizer console at a dedicated per-env host	f9b600d0	1	OUT:runbook					medium	2026-08-22-organizer-console	HTTPRoute/cert/DNS provisioning for the organizer console host; deployment infra, not a product feature the organizer interacts with directly.	openspec/changes/archive/2026-08-22-organizer-console/design.md (already-covered)
organizer-console-hosting	Serve a per-host organizer config	8fb65d9f	1	OUT:runbook					medium	2026-08-22-organizer-console	Per-host /config.json serving is deployment/runtime-config infra, not user-facing product behavior.	openspec/changes/archive/2026-08-22-organizer-console/design.md (Decisions D3)
organizer-event-authoring	Organizer authors a concert as a draft	9e975862	4	KEEP	components/usecase/concert/create-draft	Organizer authors a concert as a draft			high	2026-08-28-organizer-event-authoring	matches ConcertAuthoringUseCase.CreateDraft	
organizer-event-authoring	Organizer lists and edits its own concerts	991161b2	4	KEEP	components/usecase/concert/list-own	Organizer lists and edits its own concerts			medium	2026-08-28-organizer-event-authoring	SPLIT-CANDIDATE: also touches UpdateDraft and Cancel; ListOwn chosen as dominant/title-led operation	
organizer-event-authoring	Publish makes a concert live, first-party, and notifies once	1c2d77db	5	KEEP	components/usecase/concert/publish	Publish makes a concert live, first-party, and notifies once			high	2026-08-28-organizer-event-authoring	matches ConcertAuthoringUseCase.Publish	
organizer-event-authoring	Publish enforces the complete required-field set	5c4b4ab2	2	KEEP	components/usecase/concert/publish	Publish enforces the complete required-field set			high		matches ConcertAuthoringUseCase.Publish validation gate	
organizer-event-authoring	First-party publish supersedes scraped data without harm	f3a6ad19	4	KEEP	components/usecase/concert/publish	First-party publish supersedes scraped data without harm			high	2026-08-28-organizer-event-authoring	result of the Publish operation reconciling staged/discovered data	
organizer-event-authoring	Represented artists are excluded from scraping	7bd5c270	2	KEEP	components/usecase/organizer/associate-artist	Represented artists are excluded from scraping			medium	2026-08-28-organizer-event-authoring	SPLIT-CANDIDATE: keyed on OrganizerUseCase.AssociateArtist/DisassociateArtist; AssociateArtist chosen as the state-starting operation	
organizer-event-authoring	Visibility controls where a published concert appears	51cad74f	2	KEEP	components/usecase/concert/publish	Visibility controls where a published concert appears			medium	2026-08-28-organizer-event-authoring	visibility (PUBLIC/UNLISTED) is set and enforced at Publish	
organizer-event-authoring	Organizer uploads an image	a3499c28	3	KEEP	components/usecase/media/create-media-upload-url	Organizer uploads an image			medium	2026-09-02-organizer-media-pipeline	SPLIT-CANDIDATE: also touches MediaUseCase.AttachMedia; CreateMediaUploadURL chosen as the dominant first step	
organizer-event-authoring	Uploaded images are processed into safe, responsive variants	89cb91fa	3	KEEP	components/usecase/media/attach-media	Uploaded images are processed into safe, responsive variants			medium	2026-09-02-organizer-media-pipeline	async processing result of MediaUseCase.AttachMedia	
organizer-event-authoring	Replacing an image reclaims the previous one	2cbd3821	1	KEEP	components/usecase/media/attach-media	Replacing an image reclaims the previous one			medium	2026-09-02-organizer-media-pipeline	re-attach flow through MediaUseCase.AttachMedia	
organizer-rpc-server	Dedicated organizer Connect server isolated by audience	ee16cde1	2	OUT:design-doc					medium	2026-08-25-organizer-rpc-server	no single user actor: server topology/CORS/TLS/DNS isolation decision; cross-cutting CORS is OUT per tie-break rule	openspec/changes/archive/2026-08-25-organizer-rpc-server/design.md (already-covered)
organizer-rpc-server	OrganizerService.Get returns the caller's own organizer	5160a528	1	KEEP	components/usecase/organizer/get	OrganizerService.Get returns the caller's own organizer			high	2026-08-25-organizer-rpc-server	matches OrganizerUseCase.Get in vocabulary	
organizer-rpc-server	OrganizerService.ListArtists returns the caller's roster	df5b60ef	3	KEEP	components/usecase/organizer/list-artists	OrganizerService.ListArtists returns the caller's roster			high	2026-08-25-organizer-rpc-server	matches OrganizerUseCase.ListArtists in vocabulary	
organizer-rpc-server	Org-scoped authorization from the role claim	5a9977f7	8	KEEP	components/entity/organizer	Org-scoped authorization from the role claim			high	2026-08-25-organizer-rpc-server	[re-audit] cross-cutting API authorization rule protecting the Organizer entity (role-claim/org validation, active/deactivated precondition, ListArtists org-scoping) spanning multiple RPCs -- fits the entity-authorization-rule pattern exactly like the rpc-auth-scoping per-user rule	
organizer-tenancy	Shared organizer-console project in the product org	0cd7a512	2	OUT:runbook					high	2026-08-13-organizer-tenancy	Zitadel Project/role IaC provisioning; no directly observed organizer feature	openspec/changes/archive/2026-08-13-organizer-tenancy/design.md (Decisions D1/D2)
organizer-tenancy	Organizer console OIDC app and backend API app	649970ae	2	OUT:runbook					high	2026-08-13-organizer-tenancy	Zitadel OIDC app + backend-api audience app IaC provisioning; ops-only	openspec/changes/archive/2026-08-13-organizer-tenancy/design.md (Decisions D2)
organizer-tenancy	Dedicated organizer-provisioner machine user	b3eb0063	1	OUT:runbook					high	2026-08-13-organizer-tenancy	organizer-provisioner machine-user IaC provisioning; ops-only	openspec/changes/archive/2026-08-13-organizer-tenancy/design.md (already-covered)
organizer-tenancy	Organizer-provisioner root key has a finite lifecycle	fae770a7	1	OUT:runbook					high	2026-08-13-organizer-tenancy	Root JWT-profile signing-key expiry/rotation policy; ops-only	openspec/changes/archive/2026-08-13-organizer-tenancy/design.md (already-covered)
organizer-tenancy	Organizer tenant orgs use a passkey-primary login policy with a designed recovery path	0c57290f	6	KEEP	components/infrastructure/ui/hosted-login/route/login	Organizer tenant orgs use a passkey-primary login policy with a designed recovery path			high	2026-08-13-organizer-tenancy	[Pass 2 vocab-extension] Organizer actor directly experiences passkey login + recovery, but no vocabulary route/component covers the Zitadel-hosted organizer login screen	
otel-collector-deployment	OTel Collector Kubernetes Deployment	8019f498	6	OUT:runbook					high	2026-03-06-introduce-otel-collector	[re-audit-2] OTel Collector Kubernetes deployment/metrics-filter pipeline; observability plumbing explicitly excluded by criterion	openspec/changes/archive/2026-03-06-introduce-otel-collector/design.md (already-covered)
otel-collector-deployment	Workload Identity for Cloud Trace Authentication	0345afe4	1	OUT:runbook					high	2026-03-06-introduce-otel-collector	[re-audit-2] OTel Collector Kubernetes deployment/metrics-filter pipeline; observability plumbing explicitly excluded by criterion	openspec/changes/archive/2026-03-06-introduce-otel-collector/design.md (already-covered)
otel-collector-deployment	Backend Trace Export Configuration	9bba4cc2	3	OUT:runbook					high	2026-03-06-introduce-otel-collector	[re-audit-2] OTel Collector Kubernetes deployment/metrics-filter pipeline; observability plumbing explicitly excluded by criterion	openspec/changes/archive/2026-03-06-introduce-otel-collector/design.md (Migration Plan)
otel-collector-deployment	Cost-Optimized Resource Configuration	33096ac2	1	OUT:runbook					high	2026-03-06-introduce-otel-collector	[re-audit-2] OTel Collector Kubernetes deployment/metrics-filter pipeline; observability plumbing explicitly excluded by criterion	openspec/changes/archive/2026-03-06-introduce-otel-collector/design.md (already-covered)
otel-collector-deployment	ArgoCD GitOps Management	6c8db94b	1	OUT:runbook					high	2026-03-06-introduce-otel-collector	[re-audit-2] OTel Collector Kubernetes deployment/metrics-filter pipeline; observability plumbing explicitly excluded by criterion	openspec/changes/archive/2026-03-06-introduce-otel-collector/design.md (Migration Plan)
otel-collector-deployment	Filter rule scope is documented in the ConfigMap	49789034	1	OUT:runbook					high	2026-06-17-prod-cost-optimization	[re-audit-2] OTel Collector Kubernetes deployment/metrics-filter pipeline; observability plumbing explicitly excluded by criterion	openspec/changes/archive/2026-06-17-prod-cost-optimization/design.md (Decisions §1)
otel-collector-deployment	Metric ingest volume is observable	fe118019	1	OUT:runbook					high	2026-06-17-prod-cost-optimization	[re-audit-2] OTel Collector Kubernetes deployment/metrics-filter pipeline; observability plumbing explicitly excluded by criterion	openspec/changes/archive/2026-06-17-prod-cost-optimization/design.md (already-covered)
otel-sdk-configuration	Environment-aware trace sampling	322e796d	2	OUT:design-doc					high	2026-03-27-enhance-backend-observability	[re-audit-2] OTel sampler ratio configuration; telemetry/performance-only implementation choice	openspec/changes/archive/2026-03-27-enhance-backend-observability/design.md (already-covered)
otel-sdk-configuration	Enriched resource attributes	5aa6b4a8	1	OUT:design-doc					high	2026-03-27-enhance-backend-observability	OTel Resource attribute configuration	openspec/changes/archive/2026-03-27-enhance-backend-observability/design.md (already-covered)
otel-sdk-configuration	Explicit text map propagator	c6ab8862	1	OUT:design-doc					high	2026-03-27-enhance-backend-observability	W3C TraceContext propagator wiring	openspec/changes/archive/2026-03-27-enhance-backend-observability/design.md (already-covered)
otel-sdk-configuration	MeterProvider initialization	7ee6767e	3	OUT:design-doc					high	2026-03-27-enhance-backend-observability	OTel MeterProvider bootstrap configuration	openspec/changes/archive/2026-03-27-enhance-backend-observability/design.md (already-covered)
page-header-ce	Page header renders i18n title	8a561770	2	KEEP	components/infrastructure/ui/fan/global/page-header	Page header renders i18n title			high	2026-03-17-extract-page-header-ce	page-header is a shared global surface across routes	
page-header-ce	Page header supports trailing actions via slot	3750476e	2	KEEP	components/infrastructure/ui/fan/global/page-header	Page header supports trailing actions via slot			high	2026-03-17-extract-page-header-ce	page-header shared global surface, slot behavior	
page-header-ce	Page header provides consistent visual styling	cbbe8dcc	1	KEEP	components/infrastructure/ui/fan/global/page-header	Page header provides consistent visual styling			high	2026-03-17-extract-page-header-ce	page-header shared global surface, visual consistency	
page-header-ce	Page header participates in route grid layout	0e915889	1	KEEP	components/infrastructure/ui/fan/global/page-header	Page header participates in route grid layout			high	2026-03-17-extract-page-header-ce	page-header shared global surface, layout integration	
page-header-ce	Page header is globally registered	8bbdad7f	1	KEEP	components/infrastructure/ui/fan/global/page-header	Page header is globally registered		CLASSNAME	medium	2026-03-17-extract-page-header-ce	registration mechanics support the page-header's cross-route availability	
page-header-ce	Page header is a single shell-hosted instance bound to shared state	cda67c34	3	KEEP	components/infrastructure/ui/fan/global/page-header	Page header is a single shell-hosted instance bound to shared state			high	2026-09-12-instant-page-switch	page-header shared global surface, shell-hosted instance behavior	
passion-level	Passion Level Tiers	aae42e68	3	KEEP	components/entity/follow	Passion Level Tiers			medium	2026-02-22-passion-level	the four-tier HypeType enum and its DB default are an invariant of entity.v1.Follow; SPLIT-CANDIDATE: the UI-label-invariance scenario spans multiple UI surfaces (my-artists, page-help, settings)	
passion-level	Existing follow records preserve their stored hype	41a314ff	2	DROP:historic				HISTORIC	medium	2026-05-21-refine-hype-and-help-sheets	documents a one-time completed migration's no-UPDATE guarantee; not an ongoing product requirement	
passion-level	Hype Changes Require Authentication for Server-Side Persistence	48605646	2	KEEP	components/usecase/follow/set-hype	Hype Changes Require Authentication for Server-Side Persistence	SET-HYPE	CLASSNAME	medium		gates FollowUseCase.SetHype for unauthenticated callers; overlaps with SetHype API and Hype Level Persistence requirements	
passion-level	Hype Level Persistence	2c39c75c	1	KEEP	components/usecase/follow/set-hype	Hype Level Persistence	SET-HYPE		medium		cross-device persistence is the result of FollowUseCase.SetHype; overlaps with the SetHype API requirement	
passion-level	SetHype API	e8995e6a	3	KEEP	components/usecase/follow/set-hype	SetHype API	SET-HYPE		high	2026-03-14-fix-nearby-hype-rejection	directly describes FollowUseCase.SetHype's request/response contract	
passion-level	HypeLevel in ListFollowed Response	c9651dee	1	KEEP	components/usecase/follow/list-followed	HypeLevel in ListFollowed Response			high		directly describes FollowUseCase.ListFollowed's response shape	
passion-level	Hype Visual Indicators on Dashboard Cards	38abb130	15	KEEP	components/infrastructure/ui/fan/global/live-highway	Hype Visual Indicators on Dashboard Cards		CLASSNAME	high	2026-03-11-improve-onboarding-ux	matched/unmatched event-card visuals live in the shared live-highway component (LiveEvent, color-generator.ts)	
passive-concert-discovery	Dashboard Mode Toggle	bb2408f8	3	KEEP	components/infrastructure/ui/fan/route/dashboard	Dashboard Mode Toggle			high	2026-08-09-passive-concert-discovery	Dashboard route toggle between My Timetable / All Nearby modes	
passive-concert-discovery	Date Preset Selector	29291c00	9	KEEP	components/infrastructure/ui/fan/route/dashboard	Date Preset Selector			high	2026-08-09-passive-concert-discovery	date filter behavior confined to the Dashboard route's All Nearby mode	
passive-concert-discovery	Area Selector in All Nearby Mode	4c82b731	4	KEEP	components/infrastructure/ui/fan/route/dashboard	Area Selector in All Nearby Mode			medium	2026-08-09-passive-concert-discovery	area chip behavior confined to Dashboard route, invokes shared user-home-selector	
passive-concert-discovery	All Nearby Concert List	49122510	3	KEEP	components/infrastructure/ui/fan/route/dashboard	All Nearby Concert List		CLASSNAME	high	2026-08-09-passive-concert-discovery	ConcertHighway rendering is Dashboard-route behavior	
passive-concert-discovery	Follow CTA in Event Detail Sheet for All Nearby	b4ed78de	4	KEEP	components/infrastructure/ui/fan/route/dashboard	Follow CTA in Event Detail Sheet for All Nearby		CLASSNAME	medium	2026-08-09-passive-concert-discovery	EventDetailSheet follow CTA within Dashboard route's All Nearby mode	
passive-concert-discovery	Compact All Nearby Filter Bar	c1fedd81	2	KEEP	components/infrastructure/ui/fan/route/dashboard	Compact All Nearby Filter Bar		CLASSNAME	high	2026-08-10-redesign-all-nearby-filters	filter-bar layout confined to Dashboard route	
passive-concert-discovery	Localized All Nearby Date Display	08fabd19	3	KEEP	components/infrastructure/ui/fan/route/dashboard	Localized All Nearby Date Display			high	2026-08-10-redesign-all-nearby-filters	date formatting confined to Dashboard route's All Nearby mode	
passive-concert-discovery	Natural Japanese Copy for All Nearby	b7bd2904	1	KEEP	components/infrastructure/ui/fan/route/dashboard	Natural Japanese Copy for All Nearby			medium	2026-08-10-redesign-all-nearby-filters	i18n copy quality confined to Dashboard route's All Nearby surface	
post-signup-dialog	Post-Signup Dialog on First Authentication	a1505e70	10	KEEP	components/infrastructure/ui/fan/global/post-signup-dialog	Post-Signup Dialog on First Authentication			high	2026-03-25-refine-onboarding	PostSignupDialog global surface's first-signup display rules	
post-signup-dialog	Dialog reliably opens when active is true at creation time	b4b88903	1	KEEP	components/infrastructure/ui/fan/global/post-signup-dialog	Dialog reliably opens when active is true at creation time			high	2026-03-28-fix-post-signup-dialog	activeChanged()/binding-phase open behavior of the post-signup-dialog surface	
post-signup-dialog	PostSignupDialog title and aria-label use i18n bindings	4c636a98	4	KEEP	components/infrastructure/ui/fan/global/post-signup-dialog	Dialog title and aria-label use i18n bindings		CLASSNAME	high	2026-03-29-fix-post-signup-dialog-i18n	i18n binding rule for the post-signup-dialog surface's title/aria-label	
post-signup-dialog	PostSignupDialog footer button reflects completion state	08a056f8	1	KEEP	components/infrastructure/ui/fan/global/post-signup-dialog	Dialog footer button reflects completion state		CLASSNAME	high	2026-04-06-refine-post-signup-dialog	Footer-button label logic of the post-signup-dialog surface	
post-signup-dialog	Celebration Precedes Post-Signup Dialog	a469a649	2	KEEP	components/infrastructure/ui/fan/global/post-signup-dialog	Celebration Precedes Post-Signup Dialog			medium	2026-05-30-relax-onboarding-routing	Sequencing between celebration-overlay and post-signup-dialog; dialog is the dominant target per tie-break	
post-signup-dialog	PWA Install Row Shows Fallback Instructions When Native Prompt Unavailable	d8d69862	3	KEEP	components/infrastructure/ui/fan/global/post-signup-dialog	PWA Install Row Shows Fallback Instructions When Native Prompt Unavailable			high	2026-06-23-improve-pwa-install-signup	Install-row fallback UI inside the post-signup-dialog surface	
post-signup-dialog	PwaInstallService Registers beforeinstallprompt Listener Before Routing	1ce0fe75	2	KEEP	components/infrastructure/ui/fan/global/pwa-install-banner	Install-prompt listener registers before routing		CLASSNAME	medium	2026-06-23-improve-pwa-install-signup	beforeinstallprompt capture timing backs both pwa-install-banner and the dialog; banner is the persistent global surface	
private-google-access	Private DNS zone for googleapis.com	9aa99ea0	2	OUT:runbook					high	2026-04-05-private-google-access	[re-audit] Private Cloud DNS zone/VIP configuration for googleapis.com is network infrastructure provisioning	openspec/changes/archive/2026-04-05-private-google-access/design.md (already-covered)
private-google-access	Google API traffic bypasses Cloud NAT	c8f536d0	1	OUT:runbook					high	2026-04-05-private-google-access	[re-audit] Cloud NAT bypass routing behavior for Google API traffic is network infrastructure configuration	openspec/changes/archive/2026-04-05-private-google-access/design.md (already-covered)
private-google-access	Reachability of services not protected by VPC Service Controls	a5150fd9	2	OUT:runbook					high	2026-04-17-unblock-fcm-via-private-vip	PGA VIP reachability for services like FCM; network infra decision, no direct fan/organizer actor even though push delivery depends on it.	openspec/changes/archive/2026-04-17-unblock-fcm-via-private-vip/design.md (Decisions §D4)
prod-environment-bootstrap	Prod GKE cluster SHALL be an Autopilot regional cluster in asia-northeast2	4505456d	4	OUT:design-doc					high	2026-05-14-migrate-prod-to-autopilot	[re-audit-2] prod cluster/network/DNS/config bootstrap decision; infra provisioning or environment-specific config constraint, not a reusable product API/UI spec	openspec/changes/archive/2026-05-14-migrate-prod-to-autopilot/design.md (already-covered)
prod-environment-bootstrap	Prod GKE cluster SHALL enable Dataplane V2	9a136e10	3	OUT:design-doc					high	2026-05-13-provision-prod-gcp-resources	[re-audit-2] prod cluster/network/DNS/config bootstrap decision; infra provisioning or environment-specific config constraint, not a reusable product API/UI spec	openspec/changes/archive/2026-05-13-provision-prod-gcp-resources/design.md (already-covered)
prod-environment-bootstrap	Prod GKE cluster SHALL encrypt Kubernetes Secrets via Cloud KMS (etcd CMEK)	557e5556	2	OUT:design-doc					high	2026-05-13-provision-prod-gcp-resources	[re-audit-2] prod cluster/network/DNS/config bootstrap decision; infra provisioning or environment-specific config constraint, not a reusable product API/UI spec	openspec/changes/archive/2026-05-13-provision-prod-gcp-resources/design.md (already-covered)
prod-environment-bootstrap	Prod project SHALL host the Cloud KMS keyring and key for etcd CMEK	4bcaf0eb	4	OUT:design-doc					high	2026-05-13-provision-prod-gcp-resources	[re-audit-2] prod cluster/network/DNS/config bootstrap decision; infra provisioning or environment-specific config constraint, not a reusable product API/UI spec	openspec/changes/archive/2026-05-13-provision-prod-gcp-resources/design.md (already-covered)
prod-environment-bootstrap	Prod GKE cluster SHALL use the same secondary IP CIDR plan as dev	af1294e8	4	OUT:design-doc					high	2026-05-13-provision-prod-gcp-resources	[re-audit-2] prod cluster/network/DNS/config bootstrap decision; infra provisioning or environment-specific config constraint, not a reusable product API/UI spec	openspec/changes/archive/2026-05-13-provision-prod-gcp-resources/design.md (already-covered)
prod-environment-bootstrap	Prod cluster SHALL NOT enable Confidential GKE Nodes at cluster level	92599649	1	OUT:design-doc					high	2026-05-13-provision-prod-gcp-resources	[re-audit-2] prod cluster/network/DNS/config bootstrap decision; infra provisioning or environment-specific config constraint, not a reusable product API/UI spec	openspec/changes/archive/2026-05-13-provision-prod-gcp-resources/design.md (already-covered)
prod-environment-bootstrap	Prod cluster SHALL bound Google Managed Service for Prometheus (GMP) cost via disabled application auto-monitoring	c096ff46	3	OUT:design-doc					high	2026-05-14-migrate-prod-to-autopilot	[re-audit-2] prod cluster/network/DNS/config bootstrap decision; infra provisioning or environment-specific config constraint, not a reusable product API/UI spec	openspec/changes/archive/2026-05-14-migrate-prod-to-autopilot/design.md (already-covered)
prod-environment-bootstrap	Workload Pods SHALL request Spot scheduling via the `cloud.google.com/gke-spot` label	ed481c9c	2	OUT:design-doc					high	2026-05-14-migrate-prod-to-autopilot	[re-audit-2] prod cluster/network/DNS/config bootstrap decision; infra provisioning or environment-specific config constraint, not a reusable product API/UI spec	openspec/changes/archive/2026-05-14-migrate-prod-to-autopilot/design.md (Decisions §D6)
prod-environment-bootstrap	Prod GCP project SHALL host the same peripheral GCP resources as dev	ed649891	4	OUT:design-doc					high	2026-05-13-provision-prod-gcp-resources	[re-audit-2] prod cluster/network/DNS/config bootstrap decision; infra provisioning or environment-specific config constraint, not a reusable product API/UI spec	openspec/changes/archive/2026-05-13-provision-prod-gcp-resources/design.md (Decisions D10)
prod-environment-bootstrap	Initial prod Pulumi deploy SHALL be manual-triggered	d146a10f	2	OUT:runbook					high	2026-05-13-provision-prod-gcp-resources	[re-audit-2] prod cluster/network/DNS/config bootstrap decision; infra provisioning or environment-specific config constraint, not a reusable product API/UI spec	openspec/changes/archive/2026-05-13-provision-prod-gcp-resources/design.md (already-covered)
prod-environment-bootstrap	Prod public DNS SHALL be managed entirely by Cloudflare, with apex A record bound to the shared GKE Gateway static IP	1aac3520	5	OUT:design-doc					high	2026-05-15-consolidate-public-dns-on-cloudflare	[re-audit-2] prod cluster/network/DNS/config bootstrap decision; infra provisioning or environment-specific config constraint, not a reusable product API/UI spec	openspec/changes/archive/2026-05-15-consolidate-public-dns-on-cloudflare/design.md (already-covered)
prod-environment-bootstrap	Prod backend ConfigMaps SHALL reference the mainnet ticket SBT contract	a177ec6c	2	OUT:runbook					medium	2026-05-16-prepare-prod-service-in	[re-audit-2] prod deployment-config correctness constraint (don't ship the zero-address placeholder); the referenced product behavior itself (zero address disables ticket-minting RPCs) is an existing backend/entity invariant defined elsewhere, not created by this requirement	openspec/changes/archive/2026-05-16-prepare-prod-service-in/design.md (already-covered)
prod-environment-bootstrap	Prod VAPID public key SHALL match the GSM-stored private key	9693d320	3	OUT:runbook					medium	2026-05-16-prepare-prod-service-in	[re-audit-2] prod bootstrap config-consistency constraint across two independently reconciled stores (ArgoCD configmap vs ESO-synced GSM secret); the push-delivery contract itself belongs to the existing push infrastructure spec, not created here	openspec/changes/archive/2026-05-16-prepare-prod-service-in/design.md (already-covered)
prod-environment-bootstrap	Prod blockchain ESC values SHALL reference mainnet	b1a9bb9f	3	OUT:runbook					high	2026-05-16-prepare-prod-service-in	[re-audit-2] prod cluster/network/DNS/config bootstrap decision; infra provisioning or environment-specific config constraint, not a reusable product API/UI spec	openspec/changes/archive/2026-05-16-prepare-prod-service-in/design.md (Decisions D13)
prod-environment-bootstrap	Prod admin Google sub SHALL be issued by the prod OAuth client	a536bc3a	2	OUT:runbook					medium	2026-05-16-prepare-prod-service-in	[re-audit-2] one-time operational bootstrap of a single named admin's IdP-linking value for the prod environment; the general Google-sub-to-HumanUser linking behavior is Zitadel's own product behavior, not defined or owned by this requirement	openspec/changes/archive/2026-05-16-prepare-prod-service-in/design.md (Decisions D14)
prod-image-pipeline	Prod container images SHALL be sourced exclusively from the prod project's Artifact Registry	66748f8b	3	OUT:runbook					high	2026-05-16-prepare-prod-service-in	[re-audit-2] requires fan-api/event-consumer/concert-discovery-app/artist-image-sync-app/fan-web-app images to come from liverty-music-prod AR; cluster image-sourcing/IAM constraint, no product behavior	openspec/changes/archive/2026-05-16-prepare-prod-service-in/design.md (already-covered)
prod-image-pipeline	Prod cluster service accounts SHALL NOT hold cross-project Artifact Registry IAM grants	112eba3c	3	OUT:runbook					high	2026-05-16-prepare-prod-service-in	[re-audit-2] forbids gke-node@/backend-app@liverty-music-prod IAM roles on the dev AR project; IAM security constraint, no product behavior	openspec/changes/archive/2026-05-16-prepare-prod-service-in/design.md (already-covered)
prod-image-pipeline	CI service accounts MAY hold scoped cross-project AR reader for image promotion	f605ee3c	4	OUT:runbook					high	2026-05-18-promote-prod-image-via-retag	[re-audit-2] scopes github-actions@liverty-music-prod's artifactregistry.reader grant to specific dev AR repos; CI IAM constraint, no product behavior	openspec/changes/archive/2026-05-18-promote-prod-image-via-retag/design.md (already-covered)
prod-image-pipeline	Frontend prod image SHALL be env-agnostic at the bundle level	a4000d79	4	OUT:design-doc					high	2026-05-16-adopt-runtime-config-for-frontend	[re-audit-2] requires the frontend Dockerfile/Vite build to emit no env-specific literals so config comes from /config.json at request time; build/bundle architecture decision, no product behavior	openspec/changes/archive/2026-05-16-adopt-runtime-config-for-frontend/design.md (already-covered)
prod-image-pipeline	Backend prod images SHALL be promoted to prod AR on GitHub Release tags	1e592e67	5	OUT:runbook					high	2026-05-19-backend-symmetric-retag	[re-audit-2] deploy.yml crane-copy promotion of dev AR digests to prod AR on GitHub Release; release-CI mechanics, no product behavior	openspec/changes/archive/2026-05-19-backend-symmetric-retag/design.md (Decisions §D5)
prod-image-pipeline	Frontend prod image SHALL be promoted to prod AR on GitHub Release tags	9edab8ce	5	OUT:runbook					high	2026-05-18-promote-prod-image-via-retag	[re-audit-2] push-image.yaml crane-copy promotion of the fan-web dev AR digest to prod AR on GitHub Release; release-CI mechanics, no product behavior	openspec/changes/archive/2026-05-18-promote-prod-image-via-retag/design.md (already-covered)
prod-image-pipeline	Prod kustomize overlays SHALL pin image URIs to prod-AR paths	3a477246	2	OUT:runbook					high	2026-05-16-prepare-prod-service-in	[re-audit-2] kustomize images: transform rewriting rendered image URIs to liverty-music-prod AR paths; overlay mechanics, no product behavior	openspec/changes/archive/2026-05-16-prepare-prod-service-in/design.md (Decisions D5)
prod-image-pipeline	Every main commit SHALL have a resolvable dev AR image	82aec379	6	OUT:runbook					high	2026-05-30-guarantee-dev-image-per-main-commit	[re-audit-2] deploy.yml/push-image.yaml build-or-inherit CI pipeline guaranteeing every main commit has a dev AR image; CI build mechanics, no product behavior	openspec/changes/archive/2026-05-30-guarantee-dev-image-per-main-commit/design.md (already-covered)
prod-image-pipeline	Prod kustomize pin-bumps SHALL be automated via repository_dispatch	a0dcc1c5	5	OUT:runbook					high	2026-06-01-automate-prod-pin-bump	[re-audit-2] deploy.yml/push-image.yaml emitting a bump-prod-pin repository_dispatch to cloud-provisioning; cross-repo CI dispatch mechanics, no product behavior	openspec/changes/archive/2026-06-01-automate-prod-pin-bump/design.md (already-covered)
prod-image-pipeline	A cloud-provisioning workflow SHALL apply the prod pin-bump on dispatch	b3129170	8	OUT:runbook					high	2026-06-01-automate-prod-pin-bump	[re-audit-2] bump-prod-pin.yml rewriting kustomization.yaml newTag/version-label and pushing to main; CI workflow mechanics, no product behavior	openspec/changes/archive/2026-06-01-automate-prod-pin-bump/design.md (already-covered)
prod-image-pipeline	cloud-provisioning main ruleset SHALL allow the ci-bot App to bypass for the pin-bump push	47cfb4ff	2	OUT:runbook					high	2026-06-01-automate-prod-pin-bump	[re-audit-2] repo ruleset bypass-actor configuration for the liverty-music-ci-bot GitHub App; repo governance mechanics, no product behavior	openspec/changes/archive/2026-06-01-automate-prod-pin-bump/design.md (already-covered)
prod-image-pipeline	The manual pin-bump fallback SHALL be admin-gated	9d12ec00	2	OUT:runbook					high	2026-06-01-automate-prod-pin-bump	[re-audit-2] workflow_dispatch fallback on bump-prod-pin.yml gated by the prod-pin GitHub Environment reviewer rule; admin-approval workflow mechanics, no product behavior	openspec/changes/archive/2026-06-01-automate-prod-pin-bump/design.md (already-covered)
prod-image-tag-immutability	Non-dev Artifact Registry Docker repositories SHALL enforce tag immutability at the registry API level	290bcab1	5	OUT:runbook					high	2026-05-16-enable-prod-ar-immutable-tags	[re-audit-2] gcp.artifactregistry.Repository dockerConfig.immutableTags=true Pulumi provisioning for non-dev projects; registry provisioning policy, no product behavior	openspec/changes/archive/2026-05-16-enable-prod-ar-immutable-tags/design.md (already-covered)
prod-image-tag-immutability	Prod kustomize overlays SHALL pin image URIs to semantic version tags	45ea5586	4	OUT:runbook					high	2026-05-16-enable-prod-ar-immutable-tags	[re-audit-2] kustomization.yaml newTag: semver regex + banned :latest/:sha values; overlay convention, no product behavior	openspec/changes/archive/2026-05-16-enable-prod-ar-immutable-tags/design.md (Decisions D1)
prod-image-tag-immutability	Prod workload Deployments and CronJobs SHALL carry the app.kubernetes.io/version Recommended Label, propagated to the Pod template	bce0898d	6	OUT:runbook					high	2026-05-16-enable-prod-ar-immutable-tags	[re-audit-2] kustomize labels: patch propagating app.kubernetes.io/version to Deployment/CronJob/Pod templates for Prometheus/OTel; observability labeling convention, no product behavior	openspec/changes/archive/2026-05-16-enable-prod-ar-immutable-tags/design.md (Decisions D5)
prod-image-tag-immutability	A runbook SHALL document the prod image tag pinning policy	55d968e2	2	OUT:runbook					high	2026-05-16-enable-prod-ar-immutable-tags	[re-audit-2] explicitly requires docs/runbooks/prod-image-tag-pinning.md; documentation deliverable, no product behavior	openspec/changes/archive/2026-05-16-enable-prod-ar-immutable-tags/design.md (Migration Plan)
prod-k8s-manifests	Prod cluster SHALL run a full ArgoCD Application set matching dev's structure	8c8b1f6f	3	OUT:design-doc					high	2026-05-14-prod-k8s-manifests	[re-audit-2] requires the 14 ArgoCD Application manifests under k8s/argocd-apps/prod/ mirroring dev's sync-wave structure; deployment topology decision, no product behavior	openspec/changes/archive/2026-05-14-prod-k8s-manifests/design.md (already-covered)
prod-k8s-manifests	Every prod namespace under `k8s/namespaces/` SHALL have a `prod/` overlay	de9fbda3	2	OUT:design-doc					high	2026-05-14-prod-k8s-manifests	[re-audit-2] requires overlays/prod/kustomization.yaml to exist and render for each of the 11 namespaces; Kustomize overlay structure requirement, no product behavior	openspec/changes/archive/2026-05-14-prod-k8s-manifests/design.md (already-covered)
prod-k8s-manifests	Prod overlays SHALL diverge from dev only by ESC secret refs, hostnames, ArgoCD project labels, and replica counts	e3bf89c5	2	OUT:design-doc					high	2026-05-14-prod-k8s-manifests	[re-audit-2] constrains the scope of prod-overlay kustomize patches (design D8); overlay patch-scope decision, no product behavior	openspec/changes/archive/2026-05-14-prod-k8s-manifests/design.md (Decisions §D2)
prod-k8s-manifests	Every Pod template in prod overlays SHALL include the gke-spot nodeSelector	7459695d	2	OUT:lint					high	2026-05-14-prod-k8s-manifests	enforced by check-spot-nodeselector.sh in make lint-k8s	openspec/changes/archive/2026-05-14-prod-k8s-manifests/design.md (already-covered)
prod-k8s-manifests	Prod Gateway SHALL bind to the existing api-gateway-static-ip and serve api./auth. hostnames	cc617de0	3	OUT:design-doc					high	2026-05-14-prod-k8s-manifests	[re-audit-2] Gateway CR static-IP binding and HTTPRoute hostname config for api.liverty-music.app/auth.liverty-music.app, applying the already-canonical zitadel-self-hosted-deployment routing split to the prod overlay; infra topology convergence, no new product behavior	openspec/changes/archive/2026-05-14-prod-k8s-manifests/design.md (Decisions §D3)
prod-k8s-manifests	Prod cluster SHALL opt application workloads into GMP via per-workload PodMonitoring CRDs	51c776a1	3	OUT:design-doc					high	2026-05-14-prod-k8s-manifests	[re-audit-2] PodMonitoring CRD opt-in pattern (backend/zitadel podmonitoring.yaml) for Google Managed Prometheus ingestion; metrics-ingestion configuration, no product behavior	openspec/changes/archive/2026-05-14-prod-k8s-manifests/design.md (already-covered)
product-analytics	PostHog Cloud EU is the sole product-analytics platform	d1f0143b	2	OUT:design-doc					high	2026-06-26-introduce-analytics-tool	[re-audit] Analytics-vendor choice and prohibition on alternative SDKs is internal measurement-platform architecture, not the product itself	openspec/changes/archive/2026-06-26-introduce-analytics-tool/design.md (already-covered)
product-analytics	Analytics `distinct_id` is the platform-internal `UserId`	7ee614a7	2	OUT:design-doc					high	2026-06-26-introduce-analytics-tool	analytics identity-mapping implementation decision	openspec/changes/archive/2026-06-26-introduce-analytics-tool/design.md (already-covered)
product-analytics	Event names follow `domain.action[.qualifier][.outcome]` in dot.case	0273e643	2	OUT:lint					high	2026-06-26-introduce-analytics-tool	[re-audit] Event-naming/property-casing convention enforced at code-review time is a naming-convention rule	openspec/changes/archive/2026-06-26-introduce-analytics-tool/design.md (Decisions §4)
product-analytics	Event sourcing is partitioned between frontend and backend	af11b926	3	OUT:design-doc					high	2026-06-26-introduce-analytics-tool	architecture decision for where analytics events originate	openspec/changes/archive/2026-06-26-introduce-analytics-tool/design.md (already-covered)
product-analytics	Backend analytics flow uses NATS and an `analytics-consumer`	87651c25	3	OUT:design-doc					high	2026-06-26-introduce-analytics-tool	[re-audit] NATS + analytics-consumer worker pipeline for forwarding events to PostHog is backend analytics-pipeline architecture, invisible to any product user	openspec/changes/archive/2026-06-26-introduce-analytics-tool/design.md (already-covered)
product-analytics	PostHog SDK initialisation is deferred until after first paint	5d2997a6	2	OUT:design-doc					high	2026-06-26-introduce-analytics-tool	SDK init timing implementation detail, telemetry cross-cutting	openspec/changes/archive/2026-06-26-introduce-analytics-tool/design.md (already-covered)
product-analytics	Frontend disables autocapture and automatic page-view capture	0a6cf193	2	OUT:design-doc					high	2026-06-26-introduce-analytics-tool	analytics SDK configuration decision	openspec/changes/archive/2026-06-26-introduce-analytics-tool/design.md (Decisions §8)
product-analytics	Session replay masks PII by default	d1aacdd9	4	OUT:design-doc					medium	2026-06-26-introduce-analytics-tool	session-replay privacy configuration (deferred/not in current scope per spec note); telemetry cross-cutting	openspec/changes/archive/2026-06-26-introduce-analytics-tool/design.md (already-covered)
product-analytics	Product analytics and OpenTelemetry remain separated; only `trace_id` bridges	c00d51fd	3	OUT:design-doc					high	2026-06-26-introduce-analytics-tool	telemetry/analytics architecture boundary, cross-cutting per tie-break rule	openspec/changes/archive/2026-06-26-introduce-analytics-tool/design.md (already-covered)
product-analytics	Event catalogue is the single source of truth	ebaaec53	4	OUT:runbook					high	2026-06-26-introduce-analytics-tool	PR-review process gate requiring catalogue updates, operational not user-facing	openspec/changes/archive/2026-06-26-introduce-analytics-tool/design.md (already-covered)
product-analytics	Internal and E2E traffic is excluded from product analytics	de75e6e9	2	OUT:design-doc					high	2026-06-26-introduce-analytics-tool	[re-audit] Filtering internal/E2E sessions out of analytics dashboards is internal measurement-data-quality plumbing, not product behavior	openspec/changes/archive/2026-06-26-introduce-analytics-tool/design.md (Decisions §16)
product-analytics	Account authentication events are emitted server-side	54dce072	4	OUT:design-doc					high	2026-07-08-emit-auth-events-via-webhook	backend analytics-event emission mechanics tied to Zitadel Actions webhook, telemetry cross-cutting	openspec/changes/archive/2026-07-08-emit-auth-events-via-webhook/design.md (already-covered (Decisions 1-5))
product-analytics	Every active catalogue event has a verified emission call site	d0b92b4e	2	OUT:runbook					high	2026-07-09-prune-analytics-event-collection	catalogue-hygiene process check during PR review	openspec/changes/archive/2026-07-09-prune-analytics-event-collection/design.md (Decisions §D5)
product-analytics	The event catalogue records a per-event collection status	ebd63f93	5	OUT:runbook					high	2026-07-09-prune-analytics-event-collection	documentation/process convention for the event catalogue	openspec/changes/archive/2026-07-09-prune-analytics-event-collection/design.md (Decisions §D1)
prompt-timing	PWA Install Prompt Blocked During Onboarding	c6c26c7b	2	KEEP	components/infrastructure/ui/fan/global/pwa-install-banner	PWA Install Prompt Blocked During Onboarding			high	2026-04-01-pwa-install-fab	pwa-install-banner suppressed during onboarding	
prompt-timing	Notification Prompt Blocked When Not Authenticated	c95a01a0	2	KEEP	components/infrastructure/ui/fan/global/notification-prompt	Notification Prompt Blocked When Not Authenticated			high		notification-prompt gated on auth state	
prompt-timing	Notification Prompt Blocked During Onboarding	7d1963ac	1	KEEP	components/infrastructure/ui/fan/global/notification-prompt	Notification Prompt Blocked During Onboarding			high		notification-prompt suppressed during onboarding	
prompt-timing	Single Prompt Per Session	9863dfb2	3	KEEP	components/infrastructure/ui/fan/global/notification-prompt	Single Prompt Per Session			medium		SPLIT-CANDIDATE: arbitrates between notification-prompt and pwa-install-banner; notification-prompt chosen as dominant surface	
prompt-timing	Notification Prompt Priority Over Disruptive PWA Prompts	4fa94c75	2	KEEP	components/infrastructure/ui/fan/global/notification-prompt	Notification Prompt Priority Over Disruptive PWA Prompts			medium	2026-08-21-promote-pwa-install-with-banner	notification-prompt takes priority over pwa-install-banner (SPLIT-CANDIDATE, also touches pwa-install-banner)	
prompt-timing	Notification Prompt Eligible on First Post-Completion Session	87cc1ab7	2	KEEP	components/infrastructure/ui/fan/global/notification-prompt	Notification Prompt Eligible on First Post-Completion Session			high		notification-prompt eligibility timing	
prompt-timing	PWA Install Banner Eligible After Onboarding Completion	dfb67358	3	KEEP	components/infrastructure/ui/fan/global/pwa-install-banner	PWA Install Banner Eligible After Onboarding Completion			high	2026-08-21-promote-pwa-install-with-banner	pwa-install-banner eligibility timing	
prompt-timing	Dismissed Prompts Do Not Reappear	0db12636	3	KEEP	components/infrastructure/ui/fan/global/notification-prompt	Dismissed Prompts Do Not Reappear			medium	2026-08-21-promote-pwa-install-with-banner	primarily notification-prompt permanent dismissal; also restates pwa-install-banner session dismiss (SPLIT-CANDIDATE, see pwa-install-banner spec)	
proximity-model	Proximity Enum in Proto	15ba957a	2	KEEP	components/entity/proximity	Proximity Enum in Proto			high	2026-03-12-refactor-usecase-layer-boundaries	Proximity enum is the canonical proto entity type	
proximity-model	Concert.ProximityTo Entity Method	2c42bcbc	6	KEEP	components/entity/concert	Concert classifies its proximity to a user's home		CLASSNAME	high	2026-03-12-refactor-usecase-layer-boundaries	pure classification method on the Concert entity, always-true invariant not tied to a specific operation	
proximity-model	Haversine in pkg/geo	c2e9153d	1	OUT:design-doc				CLASSNAME	medium	2026-03-12-refactor-usecase-layer-boundaries	generic great-circle-distance math utility (pkg/geo.Haversine), not itself a domain concept or user-observable behavior	openspec/changes/archive/2026-03-12-refactor-usecase-layer-boundaries/design.md (already-covered)
pulumi-state-recovery	State-Recovery Operator Runbook	d090ca66	3	OUT:runbook					high	2026-05-11-pulumi-state-recovery-runbook	[re-audit-2] docs/runbooks/pulumi-state-recovery.md documenting `pulumi state delete`/`pulumi stack import` incident recovery; operator runbook, no product behavior	openspec/changes/archive/2026-05-11-pulumi-state-recovery-runbook/design.md (already-covered)
push-notification-localization	Localized Notification Copy	5cb90279	4	KEEP	components/infrastructure/locale/push-notification-copy	Select push notification copy by recipient's preferred language			medium	2026-06-24-localize-push-notification-text	user-experience infrastructure (locale kind) selecting notification title/body language; proposed name, not yet in vocabulary	
push-notification-localization	Concert Discovery Notification Content	a9273aed	3	KEEP	components/usecase/push-subscription/notify-new-concerts	Localize the concert-discovery follower notification body			high	2026-06-24-localize-push-notification-text	matches PushNotificationUseCase.NotifyNewConcerts content generation	
push-notification-service	PushSubscription entity model	9a1fc912	2	KEEP	components/entity/push-subscription	PushSubscription entity model			high	2026-04-15-fix-push-notification-toggle-sync	matches entity/v1/push_subscription.proto	
push-notification-service	Create RPC registers the calling browser's subscription	f4a28920	3	KEEP	components/usecase/push-subscription/create	Create RPC registers the calling browser's subscription			high	2026-04-15-fix-push-notification-toggle-sync	matches PushNotificationUseCase.Create	
push-notification-service	Get RPC returns the subscription for a specific browser	c0a5a278	4	KEEP	components/usecase/push-subscription/get	Get RPC returns the subscription for a specific browser			high	2026-04-15-fix-push-notification-toggle-sync	matches PushNotificationUseCase.Get	
push-notification-service	Delete RPC removes only the specified browser's subscription	3e5c6df3	4	KEEP	components/usecase/push-subscription/delete	Delete RPC removes only the specified browser's subscription			high	2026-04-15-fix-push-notification-toggle-sync	matches PushNotificationUseCase.Delete	
push-notification-service	Per-browser scoping for repository operations	587801da	2	OUT:design-doc					high	2026-04-15-fix-push-notification-toggle-sync	[re-audit] PushSubscriptionRepository interface surface constraints; internal repository-interface architecture, the actual Create/Get/Delete/Notify behaviors are separately covered by their own usecase requirements	openspec/changes/archive/2026-04-15-fix-push-notification-toggle-sync/design.md (already-covered)
push-notification-service	Stale subscription self-healing on the client	f432f155	4	KEEP	components/infrastructure/ui/fan/route/settings	Stale subscription self-healing on settings load			medium	2026-04-15-fix-push-notification-toggle-sync	all scenarios trigger on settings page load; tie-break toward route over broader app-startup phrasing	
push-notification-service	Delivery scope limited to newly created concerts	19e310ac	5	KEEP	components/usecase/push-subscription/notify-new-concerts	Delivery scope limited to newly created concerts			high	2026-04-16-scope-new-concert-notifications	matches PushNotificationUseCase.NotifyNewConcerts filtering logic	
push-notification-service	CONCERT.created event carries identifiers of newly created concerts	1b8820e7	3	KEEP	components/usecase/push-subscription/notify-new-concerts	CONCERT.created event carries identifiers of newly created concerts			medium	2026-04-16-scope-new-concert-notifications	event contract consumed by NotifyNewConcerts; SPLIT-CANDIDATE with the concert-creation producer side	
push-notification-service	Notification consumer is a thin adapter over the use case	a364fdda	2	OUT:design-doc					high	2026-04-16-scope-new-concert-notifications	[re-audit] consumer-handler architecture (thin adapter, no direct repo deps); internal handler-layering pattern	openspec/changes/archive/2026-04-16-scope-new-concert-notifications/design.md (Decisions D4)
push-notification-service	NotifyNewConcerts debug RPC for deterministic invocation	172ba817	5	KEEP	components/usecase/push-subscription/notify-new-concerts	NotifyNewConcerts debug RPC for deterministic invocation			high	2026-04-16-scope-new-concert-notifications	matches PushNotificationUseCase.NotifyNewConcerts debug entrypoint	
push-notification-service	New-concert notification deep-links to the earliest matched concert	d35d3ed0	3	KEEP	components/usecase/push-subscription/notify-new-concerts	New-concert notification deep-links to the earliest matched concert			high	2026-08-10-deeplink-push-to-concert-detail	payload computed inside NotifyNewConcerts	
push-notification-service	Service Worker renews the subscription on pushsubscriptionchange	cf27fe01	2	KEEP	components/infrastructure/service-worker/push-subscription-renewal	Service Worker renews the subscription on pushsubscriptionchange			medium	2026-08-16-harden-web-push-subscription-lifecycle	non-UI push/service-worker infra kind; name proposed	
push-notification-service	Subscription registration failures are observable on the client	b2380b2e	1	KEEP	components/infrastructure/ui/fan/route/settings	Subscription registration failures are observable on the client			medium	2026-08-16-harden-web-push-subscription-lifecycle	observed via the settings notification toggle	
pwa-install-banner	Banner Visible to Authenticated Non-Installed Users After Onboarding	c5963f92	4	KEEP	components/infrastructure/ui/fan/global/pwa-install-banner	Banner Visible to Authenticated Non-Installed Users After Onboarding			high	2026-08-21-promote-pwa-install-with-banner	pwa-install-banner visibility gating	
pwa-install-banner	Banner CTA Install Flow by Platform	4119cdd2	6	KEEP	components/infrastructure/ui/fan/global/pwa-install-banner	Banner CTA Install Flow by Platform			high	2026-08-21-promote-pwa-install-with-banner	pwa-install-banner CTA behavior	
pwa-install-banner	Banner Disappears Permanently After Installation	5cbde489	2	KEEP	components/infrastructure/ui/fan/global/pwa-install-banner	Banner Disappears Permanently After Installation			high	2026-08-21-promote-pwa-install-with-banner	pwa-install-banner removal after install	
pwa-install-banner	Session-Level Dismiss	04d937d5	3	KEEP	components/infrastructure/ui/fan/global/pwa-install-banner	Session-Level Dismiss			high	2026-08-21-promote-pwa-install-with-banner	pwa-install-banner session dismiss behavior	
pwa-install-banner	Banner Suppressed While PostSignupDialog Is Open	25572bdf	2	KEEP	components/infrastructure/ui/fan/global/pwa-install-banner	Banner Suppressed While PostSignupDialog Is Open		CLASSNAME	high	2026-08-21-promote-pwa-install-with-banner	pwa-install-banner suppressed by post-signup-dialog	
pwa-install-banner	Banner Visual Presentation	3eb41063	5	KEEP	components/infrastructure/ui/fan/global/pwa-install-banner	Banner Visual Presentation			high	2026-08-21-promote-pwa-install-with-banner	pwa-install-banner visual design	
pwa-install-banner	Banner Accessibility	1372c5f1	3	KEEP	components/infrastructure/ui/fan/global/pwa-install-banner	Banner Accessibility			high	2026-08-21-promote-pwa-install-with-banner	pwa-install-banner accessibility	
pwa-install-banner	PwaInstallService Banner Visibility API	71f5e962	4	KEEP	components/infrastructure/ui/fan/global/pwa-install-banner	Banner visibility state and installed confirmation		CLASSNAME	medium	2026-08-21-promote-pwa-install-with-banner	PwaInstallService reactive state gates pwa-install-banner visibility; renamed to drop implementation type from title	
pwa-update-lifecycle	The SPA SHALL register its Service Worker via `virtual:pwa-register`	29b27100	2	KEEP	components/infrastructure/service-worker/update-lifecycle	The SPA registers its Service Worker on boot		CLASSNAME	high	2026-07-28-pwa-version-management	SW registration is non-UI UX infra, kind=service-worker	
pwa-update-lifecycle	The Service Worker SHALL handle `SKIP_WAITING` messages and claim clients on activate	f14b8527	2	KEEP	components/infrastructure/service-worker/update-lifecycle	The Service Worker handles SKIP_WAITING messages and claims clients on activate			high	2026-07-28-pwa-version-management	SW lifecycle message handling, kind=service-worker	
pwa-update-lifecycle	The SPA SHALL show a persistent update toast when a waiting SW is detected after user interaction	6c9da1b6	3	KEEP	components/infrastructure/ui/fan/global/snack-bar	The SPA shows a persistent update toast when a waiting SW is detected after user interaction			medium	2026-07-28-pwa-version-management	user-visible Snack notification; SPLIT-CANDIDATE: trigger mechanics (SKIP_WAITING/controllerchange) are service-worker infra	
pwa-update-lifecycle	The SPA SHALL apply a waiting SW silently on boot before user interaction	d34c4ed1	2	KEEP	components/infrastructure/service-worker/update-lifecycle	The SPA applies a waiting SW silently on boot before user interaction			high	2026-07-28-pwa-version-management	silent update path, no UI, kind=service-worker	
pwa-update-lifecycle	The SPA SHALL trigger SW update checks on boot and on page resume	a67403bd	2	KEEP	components/infrastructure/service-worker/update-lifecycle	The SPA triggers SW update checks on boot and on page resume			high	2026-07-28-pwa-version-management	registration.update() polling on boot/resume, kind=service-worker	
pwa-update-lifecycle	The update action button SHALL be visually prominent	4a510247	2	KEEP	components/infrastructure/ui/fan/global/snack-bar	The update action button is visually prominent			high	2026-07-29-dashboard-ui-polish	visual styling of the update Snack's action button	
rpc-auth-scoping	Explicit user_id in authenticated per-user RPC bodies	73eb80a9	4	KEEP	components/entity/user	Explicit user_id in authenticated per-user RPC bodies	RPC-USER-ID-SCOPING		high	2026-04-20-standardize-user-scoped-rpc-auth	"[re-audit] textbook cross-cutting API authorization rule protecting the User entity (""per-user RPCs require the caller's own user_id"") -- this is the exact example given in pass1-prompt for components/entity/<entity> placement"	
rpc-auth-scoping	Creation RPCs are exempt from the user_id convention	b7af17c1	1	KEEP	components/entity/user	Creation RPCs are exempt from the user_id convention	RPC-USER-ID-SCOPING		high	2026-04-20-standardize-user-scoped-rpc-auth	[re-audit] corollary exemption of the same cross-cutting per-user user_id authorization rule; belongs with the same User entity invariant	
rpc-auth-scoping	Shared JWT-match helper	9e4581a4	2	OUT:design-doc					high	2026-04-20-standardize-user-scoped-rpc-auth	[re-audit] internal helper-function reuse/location convention (requireMatchingUserID in internal/adapter/rpc/); code-organization convention, distinct from the authorization rule itself which is captured separately	openspec/changes/archive/2026-04-20-standardize-user-scoped-rpc-auth/design.md (already-covered)
sales-phase	SalesPhase Entity	0b1cb02b	2	KEEP	components/entity/sales-phase	SalesPhase represents one ticket-sales opportunity			high	2026-06-07-add-sales-phase-timeline	defines SalesPhase fields (series_id, method, channel, timeline fields); entity invariant	
sales-phase	SalesPhase Identity	de715c0d	1	KEEP	components/entity/sales-phase	SalesPhaseId is a UUID value object			high	2026-06-07-add-sales-phase-timeline	defines SalesPhaseId format; entity invariant	
sales-phase	Sales Method and Channel Classification	859491ec	3	KEEP	components/entity/sales-phase	SalesMethod and SalesChannel are orthogonal classifications			high	2026-06-07-add-sales-phase-timeline	defines SalesMethod/SalesChannel enum values; entity invariant	
sales-phase	Timeline Fields Are Nullable Except the Start	9c5ae284	1	KEEP	components/entity/sales-phase	Only apply_start_time is required on a sales phase			high	2026-06-07-add-sales-phase-timeline	defines nullability of SalesPhase timeline fields; entity invariant	
sales-phase	Best-Effort Stable Phase Identity	6e7d77aa	3	KEEP	components/usecase/sales-phase/discover-for-artist	Re-discovered sales phases converge to the same phase			medium	2026-06-07-add-sales-phase-timeline	matching/reconciliation behavior of SalesPhaseDiscoveryUseCase.DiscoverForArtist on re-extraction; SPLIT-CANDIDATE (entity identity semantics)	
sales-phase	Persist Only Phases With a Known Start	7c959ac7	2	KEEP	components/usecase/sales-phase/discover-for-artist	Only persist a discovered phase with a known start			medium	2026-06-26-simplify-sales-phase-model	conditional-persist business rule applied during discovery, not a passive field constraint	
sales-phase	SalesPhase Database Schema	368eb127	1	OUT:design-doc					high	2026-06-07-add-sales-phase-timeline	[re-audit] sales_phases table column layout (id/series_id/method/channel/timestamps) is a persistence-schema detail; the sales-phase behavior clients observe is specified by the entity/usecase requirements, not by table shape	openspec/changes/archive/2026-06-07-add-sales-phase-timeline/design.md (Decisions §5)
sales-phase-discovery	Dedicated Sales-Phase Searcher	1efb3929	3	KEEP	components/usecase/sales-phase/discover-for-artist	Dedicated Sales-Phase Searcher			high	2026-06-07-add-sales-phase-timeline	describes SalesPhaseDiscoveryUseCase.DiscoverForArtist's searcher contract	
sales-phase-discovery	Verbatim Extraction Discipline	d6192fdf	2	KEEP	components/usecase/sales-phase/discover-for-artist	Verbatim Extraction Discipline			high	2026-06-07-add-sales-phase-timeline	extraction discipline within DiscoverForArtist's searcher step	
sales-phase-discovery	Scheduled Sales-Phase Discovery Job	2b9a0e18	3	KEEP	components/usecase/sales-phase/discover-for-artist	Scheduled Sales-Phase Discovery Job			medium	2026-06-07-add-sales-phase-timeline	the scheduled job orchestrates DiscoverForArtist per series	
sales-phase-discovery	Event-Driven Announcement on New Phase	7039a1b3	3	KEEP	components/usecase/sales-phase/announce-discovered-phase	Event-Driven Announcement on New Phase			high	2026-06-07-add-sales-phase-timeline	directly describes SalesPhaseAnnouncementUseCase.AnnounceDiscoveredPhase	
sales-phase-discovery	Play-guide sales are classified as プレイガイド even when general	13f27f40	2	KEEP	components/usecase/sales-phase/discover-for-artist	Play-guide sales are classified as プレイガイド even when general			medium	2026-08-25-harden-gemini-discovery-extraction	channel-classification rule within DiscoverForArtist's extraction step	
sales-phase-discovery	Lottery phases extract the application deadline and result date when published	13eb3df0	2	KEEP	components/usecase/sales-phase/discover-for-artist	Lottery phases extract the application deadline and result date when published			medium	2026-08-25-harden-gemini-discovery-extraction	lottery-field extraction rule within DiscoverForArtist's extraction step	
sales-reminders	Multi-Stage Reminder Scan	2e5ab342	6	KEEP	components/usecase/sales-phase/scan-due-reminders	Multi-Stage Reminder Scan			high	2026-06-07-add-sales-phase-timeline	direct match to SalesReminderUseCase.ScanDueReminders	
sales-reminders	Reminder Audience	20550ed2	2	KEEP	components/usecase/sales-phase/scan-due-reminders	Reminder Audience			high	2026-06-07-add-sales-phase-timeline	audience resolution logic within SalesReminderUseCase.ScanDueReminders	
sales-reminders	Once-Only Delivery	8dae3574	1	KEEP	components/usecase/sales-phase/scan-due-reminders	Once-Only Delivery			medium	2026-06-07-add-sales-phase-timeline	dedup guarantee enforced across scan runs of SalesReminderUseCase.ScanDueReminders	
sales-reminders	Quiet Hours	07c99058	3	KEEP	components/usecase/sales-phase/scan-due-reminders	Quiet Hours			high	2026-06-07-add-sales-phase-timeline	scan-timing business rule within SalesReminderUseCase.ScanDueReminders	
sales-reminders	Notification Content	a69ee980	1	KEEP	components/usecase/sales-phase/deliver-reminder	Notification Content			medium	2026-06-07-add-sales-phase-timeline	per-recipient payload construction, part of SalesReminderDeliveryUseCase.DeliverReminder	
sales-reminders	Reminder Delivery Reuses Web Push	ac187a2e	1	KEEP	components/usecase/sales-phase/deliver-reminder	Reminder Delivery Reuses Web Push			high	2026-06-07-add-sales-phase-timeline	direct match to SalesReminderDeliveryUseCase.DeliverReminder	
schema-lint	SERIAL and BIGSERIAL detection	178e7842	2	OUT:lint					high	2026-03-09-add-schema-lint	[re-audit-2] schema.sql linter rule banning SERIAL/BIGSERIAL; DB code-style rule, no product behavior	openspec/changes/archive/2026-03-09-add-schema-lint/design.md (already-covered)
schema-lint	Bare TIMESTAMP detection	1ade96c5	2	OUT:lint					high	2026-03-09-add-schema-lint	[re-audit-2] schema.sql linter rule banning bare TIMESTAMP (requires TIMESTAMPTZ); DB code-style rule, no product behavior	openspec/changes/archive/2026-03-09-add-schema-lint/design.md (already-covered)
schema-lint	Audit column detection	c466722a	2	OUT:lint					high	2026-03-09-add-schema-lint	[re-audit-2] schema.sql linter rule banning created_at/updated_at/deleted_at columns; DB code-style rule, no product behavior	openspec/changes/archive/2026-03-09-add-schema-lint/design.md (already-covered)
schema-lint	VARCHAR detection	8238a672	2	OUT:lint					high	2026-03-09-add-schema-lint	[re-audit-2] schema.sql linter rule banning VARCHAR(n) in favor of TEXT+CHECK; DB code-style rule, no product behavior	openspec/changes/archive/2026-03-09-add-schema-lint/design.md (already-covered)
schema-lint	COMMENT ON TABLE coverage	dc05323c	2	OUT:lint					high	2026-03-09-add-schema-lint	[re-audit-2] schema.sql linter rule requiring COMMENT ON TABLE per CREATE TABLE; documentation-coverage lint rule, no product behavior	openspec/changes/archive/2026-03-09-add-schema-lint/design.md (already-covered)
schema-lint	COMMENT ON COLUMN coverage	0122b55d	2	OUT:lint					high	2026-03-09-add-schema-lint	[re-audit-2] schema.sql linter rule requiring one COMMENT ON COLUMN per column; documentation-coverage lint rule, no product behavior	openspec/changes/archive/2026-03-09-add-schema-lint/design.md (already-covered)
schema-lint	Makefile integration	a7087e4f	2	OUT:lint					high	2026-03-09-add-schema-lint	[re-audit-2] `make lint-schema` / `make check` wiring for the schema linter; build-tooling wiring, no product behavior	openspec/changes/archive/2026-03-09-add-schema-lint/design.md (already-covered)
schema-lint	CI integration	74a09816	2	OUT:lint					high	2026-03-09-add-schema-lint	[re-audit-2] lint.yml CI job triggered on schema.sql changes; CI wiring, no product behavior	openspec/changes/archive/2026-03-09-add-schema-lint/design.md (already-covered)
schema-lint	Comment-line exclusion	3a31eb09	2	OUT:lint					high	2026-03-09-add-schema-lint	[re-audit-2] schema linter ignores `--` comment lines when checking violations; linter implementation detail, no product behavior	openspec/changes/archive/2026-03-09-add-schema-lint/design.md (already-covered)
schema-lint	Database migration workflow includes schema lint	c06f209f	1	DROP:duplicate				DEDUP:a7087e4f	medium	2026-03-09-add-schema-lint	duplicates 'Makefile integration' (make check runs lint, lint-schema, and test)	
search-follow-absorption	Search result follow triggers bubble view transition and absorption animation	5e559d83	3	KEEP	components/infrastructure/ui/fan/route/discovery	Search result follow triggers bubble view transition and absorption animation			high	2026-03-17-improve-search-bar	Follow-from-search-result absorption animation happens on the discovery route's bubble canvas	
secret-management	GCP Secret Manager provisioning	2e7a24d0	2	OUT:runbook					high	2026-02-20-secret-manager	[re-audit-2] GCP Secret Manager / External Secrets Operator secret-delivery plumbing; infra, not product API/UI	openspec/changes/archive/2026-02-20-secret-manager/design.md (Decision 4)
secret-management	IAM access control for secrets	a703e69c	2	OUT:runbook					high	2026-02-20-secret-manager	[re-audit-2] GCP Secret Manager / External Secrets Operator secret-delivery plumbing; infra, not product API/UI	openspec/changes/archive/2026-02-20-secret-manager/design.md (Decision 3)
secret-management	External Secrets Operator deployment	4389da9a	2	OUT:runbook					high	2026-02-20-secret-manager	[re-audit-2] GCP Secret Manager / External Secrets Operator secret-delivery plumbing; infra, not product API/UI	openspec/changes/archive/2026-02-20-secret-manager/design.md (Decision 2)
secret-management	ClusterSecretStore configuration	8a784072	2	OUT:runbook					high	2026-02-20-secret-manager	[re-audit-2] GCP Secret Manager / External Secrets Operator secret-delivery plumbing; infra, not product API/UI	openspec/changes/archive/2026-02-20-secret-manager/design.md (Decision 3)
secret-management	ExternalSecret for backend secrets	6aa85357	3	OUT:runbook					high	2026-02-20-secret-manager	[re-audit-2] GCP Secret Manager / External Secrets Operator secret-delivery plumbing; infra, not product API/UI	openspec/changes/archive/2026-02-20-secret-manager/design.md (Decisions Decision 4b)
secret-management	Backend Deployment secret consumption	50d8ae22	2	OUT:runbook					high	2026-02-20-secret-manager	[re-audit-2] GCP Secret Manager / External Secrets Operator secret-delivery plumbing; infra, not product API/UI	openspec/changes/archive/2026-02-20-secret-manager/design.md (Decisions Decision 1 / Decision 4b)
secret-management	Postmark Server API Token in Pulumi ESC	a83ead79	3	OUT:runbook					high	2026-03-18-email-provider-setup	[re-audit-2] GCP Secret Manager / External Secrets Operator secret-delivery plumbing; infra, not product API/UI	openspec/changes/archive/2026-03-18-email-provider-setup/design.md (Decisions §3)
secret-management	Secret rotation propagation	d1b01a6b	2	OUT:runbook					high	2026-02-20-secret-manager	[re-audit-2] GCP Secret Manager / External Secrets Operator secret-delivery plumbing; infra, not product API/UI	openspec/changes/archive/2026-02-20-secret-manager/design.md (already-covered)
semantic-dom	Semantic HTML element usage	4405aea2	3	OUT:lint					high	2026-03-17-make-dom-semantic	[re-audit] Markup-element-choice convention (dialog/footer/section/output over div) phrased purely as element-selection rules with no described behavioral/accessibility difference; a code-style convention	openspec/changes/archive/2026-03-17-make-dom-semantic/design.md (already-covered (Decisions 1/2/4))
semantic-dom	Minimal div nesting depth	de34c46e	1	OUT:lint					high	2026-03-17-make-dom-semantic	[re-audit] Div-nesting-depth limit is a template-structure style convention with no observable behavioral effect	openspec/changes/archive/2026-03-17-make-dom-semantic/design.md (Decisions 6 (new))
semantic-dom	Dialog consolidation to bottom-sheet CE	f7c51d0e	2	OUT:design-doc					high	2026-03-18-extract-shared-custom-elements	Architecture/refactor decision to route all dialogs through the bottom-sheet primitive; same visual outcome, no fan-observable difference.	openspec/changes/archive/2026-03-18-extract-shared-custom-elements/design.md (already-covered)
semantic-dom	Prompt consolidation to toast CE	c58939a3	1	OUT:design-doc					high	2026-03-18-extract-shared-custom-elements	Architecture/refactor decision to route all top prompts through the toast primitive; same visual outcome, no fan-observable difference.	openspec/changes/archive/2026-03-18-extract-shared-custom-elements/design.md (already-covered)
settings	My Home Area Preference	e10629fb	5	KEEP	components/infrastructure/ui/fan/global/user-home-selector	My Home Area Preference			medium	2026-03-15-hydrate-user-profile-on-startup	user-home-selector dialog is a shared surface (also used in onboarding); SPLIT-CANDIDATE: the row-display scenario is Settings-route-specific	
settings	Push Notification Toggle	6b430c37	6	KEEP	components/infrastructure/ui/fan/route/settings	Push Notification Toggle		CLASSNAME	high	2026-04-15-fix-push-notification-toggle-sync	Settings route's push toggle UI and PushNotificationService wiring	
settings	About Section	6125218d	1	KEEP	components/infrastructure/ui/fan/route/settings	About Section			high	2026-02-27-i18n-frontend	Settings route's legal-links section	
settings	Language Preference	202b7dda	5	KEEP	components/infrastructure/ui/fan/route/settings	Language Preference		CLASSNAME	high	2026-02-27-i18n-frontend	Settings route's language row and UserService.UpdatePreferredLanguage call	
settings	Sign Out	157329e7	2	KEEP	components/infrastructure/ui/fan/route/settings	Sign Out			high	2026-05-30-relax-onboarding-routing	Settings route's sign-out control	
settings	Guest-Adaptive Account Section	4f35beae	2	KEEP	components/infrastructure/ui/fan/route/settings	Guest-Adaptive Account Section			high	2026-05-30-relax-onboarding-routing	Settings route's guest-vs-authenticated layout	
settings	Guest Language Preference	b9042996	3	KEEP	components/infrastructure/ui/fan/route/settings	Guest Language Preference		CLASSNAME	high	2026-05-30-relax-onboarding-routing	Settings route's guest-only language change path (UserStore)	
settings	Settings Page Layout and Scroll	6b282b21	3	KEEP	components/infrastructure/ui/fan/route/settings	Settings Page Layout and Scroll			high	2026-06-17-fix-settings-layout	Settings route's header/content scroll layout	
settings	Toggle Control Layout Integrity	e2f06646	2	KEEP	components/infrastructure/ui/fan/route/settings	Toggle Control Layout Integrity			high	2026-06-01-redesign-settings-ui	Settings route's toggle sizing behavior	
settings	Expandable Toggle Description	b3a903f1	4	KEEP	components/infrastructure/ui/fan/route/settings	Expandable Toggle Description			high	2026-06-01-redesign-settings-ui	Settings route's collapsible toggle description	
settings	Privacy & Analytics Consent Toggle Labeling	625236d9	3	KEEP	components/infrastructure/ui/fan/route/settings	Privacy & Analytics Consent Toggle Labeling			high	2026-06-01-redesign-settings-ui	Settings route's consent-toggle copy	
settings	Platform-Conditional Sound Effects Hint	143d0fd5	2	KEEP	components/infrastructure/ui/fan/route/settings	Platform-Conditional Sound Effects Hint			high	2026-06-01-redesign-settings-ui	Settings route's iOS-only hint	
settings	Language Selector Single-Select Semantics	299ce57b	2	KEEP	components/infrastructure/ui/fan/route/settings	Language Selector Single-Select Semantics			high	2026-06-02-settings-ui-polish	Settings route's language-selector a11y	
settings	Home Area Selected-State Indicator	9687f5b1	1	KEEP	components/infrastructure/ui/fan/global/user-home-selector	Home Area Selected-State Indicator			medium	2026-06-02-settings-ui-polish	explicitly the home-area selector's own selected-state treatment, a shared dialog component	
settings	Settings Async Status Live Region	b9a9a010	1	KEEP	components/infrastructure/ui/fan/route/settings	Settings Async Status Live Region			high	2026-06-02-settings-ui-polish	Settings route's live-region status announcements	
settings	Toggle Hint Association And Disabled Push Row	4d81e1d9	2	KEEP	components/infrastructure/ui/fan/route/settings	Toggle Hint Association And Disabled Push Row			high	2026-06-02-settings-ui-polish	Settings route's toggle-row a11y associations	
settings	Settings Group List Semantics	446b68ac	1	KEEP	components/infrastructure/ui/fan/route/settings	Settings Group List Semantics			high	2026-06-02-settings-ui-polish	Settings route's card list-semantics	
settings	Email And Verification Badge Association	163284e5	1	KEEP	components/infrastructure/ui/fan/route/settings	Email And Verification Badge Association			high	2026-06-02-settings-ui-polish	Settings route's account-section a11y	
settings	Consent Toggle Observable Binding	14d6480b	2	KEEP	components/infrastructure/ui/fan/route/settings	Consent Toggle Observable Binding		CLASSNAME	medium	2026-06-02-settings-ui-polish	Settings route's consent toggles bind to ConsentService's observable state	
settings	Language Selection Sheet Dismiss And Error Surfacing	9b78c364	3	KEEP	components/infrastructure/ui/fan/route/settings	Language Selection Sheet Dismiss And Error Surfacing			high	2026-06-02-settings-ui-polish	Settings route's language-sheet dismiss/error behavior	
settings	Settings Page Header Label	8fe39d4c	2	KEEP	components/infrastructure/ui/fan/route/settings	Settings Page Header Label			high	2026-08-10-fix-brand-label-consistency	Settings route's page-header label source	
shell-layout	Overlay elements excluded from grid flow	05931e6e	5	KEEP	components/infrastructure/ui/fan/global/app-shell	Overlay elements excluded from grid flow			high	2026-03-13-fix-sticky-layout	[Pass 2 vocab-extension] app-shell-level CSS Grid architecture spanning multiple overlay CEs; no 'app-shell' surface in vocabulary	
shell-layout	Dashboard uses semantic HTML structure	9fe11d31	3	KEEP	components/infrastructure/ui/fan/route/dashboard	Dashboard uses semantic HTML structure			high	2026-03-16-fix-header-footer	dashboard-route semantic markup (ol/li/time elements)	
shell-layout	live-highway component eliminated	ab408bc8	2	KEEP	components/infrastructure/ui/fan/route/dashboard	Dashboard handles event selection directly		HISTORIC	medium	2026-03-16-fix-header-footer	live-highway removed and inlined into dashboard-route; prohibits reintroducing the removed custom element	
shell-layout	Document root is a non-scrolling frame	861a43d5	3	KEEP	components/infrastructure/ui/fan/global/app-shell	Document root is a non-scrolling frame			high	2026-07-25-fix-pwa-app-shell-scroll-lock	[Pass 2 vocab-extension] app-shell-level html/body scroll-containment architecture, no fitting vocabulary surface	
signup-prompt-banner	Guest Signup Prompt Banner	980dfdf0	2	KEEP	components/infrastructure/ui/fan/global/signup-prompt-banner	Guest Signup Prompt Banner			high	2026-03-25-refine-onboarding	signup-prompt-banner component is shared across My Artists and Dashboard routes	
signup-prompt-banner	Signup Banner on My Artists	fff2bb68	4	KEEP	components/infrastructure/ui/fan/route/my-artists	Signup Banner on My Artists			high	2026-05-21-refine-hype-and-help-sheets	Visibility rules for the banner are specific to the My Artists route	
signup-prompt-banner	Signup Banner on Dashboard	458cc836	3	KEEP	components/infrastructure/ui/fan/route/dashboard	Signup Banner on Dashboard			high		Visibility rules for the banner are specific to the Dashboard route	
signup-prompt-banner	Shared Banner Component	0f78015c	7	KEEP	components/infrastructure/ui/fan/global/signup-prompt-banner	Shared Banner Component			high	2026-03-13-improve-onboarding-hype-ux	Styling, animation, and no-dismiss-control contract of the shared component itself	
signup-prompt-banner	Dashboard auth guard for journey fetch	16433aea	2	KEEP	components/infrastructure/ui/fan/route/dashboard	Dashboard auth guard for journey fetch			medium	2026-03-23-fix-signup-prompt-banner	Dashboard SHALL NOT call TicketJourneyService/ListByUser while unauthenticated; UI-observed guard is dominant over the usecase result (SPLIT-CANDIDATE)	
state-management	OnboardingService as singleton state owner	7847c6de	3	OUT:design-doc					high	2026-03-21-migrate-state-to-di	[re-audit] Aurelia @singleton DI registration and @observable annotation choices for OnboardingService are internal state-management implementation architecture	openspec/changes/archive/2026-03-21-migrate-state-to-di/design.md (already-covered)
state-management	GuestService as singleton state owner	aa6bc055	8	OUT:design-doc					high	2026-03-21-migrate-state-to-di	[re-audit] Singleton DI registration plus specific array-mutation implementation (push/splice) for guest follow/home state; the underlying guest-follow/onboarding product behavior is specified separately in route/story requirements, this row is about the service implementation pattern	openspec/changes/archive/2026-03-21-migrate-state-to-di/design.md (already-covered)
state-management	GuestFollow type in entities	5d5764b0	1	OUT:design-doc					high	2026-03-21-migrate-state-to-di	[re-audit] src/entities/ TypeScript interface shape for GuestFollow ({artist, home}) is a type-definition implementation detail	openspec/changes/archive/2026-03-21-migrate-state-to-di/design.md (already-covered)
state-management	Service-level persistence via propertyChanged	13127827	3	OUT:design-doc				CLASSNAME	high	2026-03-21-migrate-state-to-di	localStorage persistence wiring (propertyChanged callbacks, key names) is implementation detail	openspec/changes/archive/2026-03-21-migrate-state-to-di/design.md (already-covered)
state-management	Service hydration from localStorage	9e2cb3d1	4	OUT:design-doc					high	2026-03-21-migrate-state-to-di	[re-audit] Field-initializer hydration timing (to avoid propertyChanged firing during hydration) and localStorage read ordering is internal implementation detail	openspec/changes/archive/2026-03-21-migrate-state-to-di/design.md (already-covered)
state-management	Simplified guest-storage POJO-only serialization	13521b4e	4	OUT:design-doc				CLASSNAME	high	2026-03-21-migrate-state-to-di	serialization format for adapter/storage/guest-storage.ts is implementation detail	openspec/changes/archive/2026-03-21-migrate-state-to-di/design.md (already-covered)
state-management	OnboardingStep string values	202a948d	3	OUT:design-doc					high	2026-03-16-refine-state-naming	[re-audit] Internal const-object/enum shape and STEP_ORDER array for OnboardingStep is implementation detail with no distinct external behavior	openspec/changes/archive/2026-03-16-refine-state-naming/design.md (already-covered)
state-management	FollowServiceClient as follow state SSoT	046ad7c4	5	KEEP	components/usecase/follow/follow	Follow an artist		CLASSNAME	medium	2026-03-22-simplify-concert-search-flow	FollowServiceClient.follow() mirrors FollowUseCase.Follow with optimistic update/rollback the user experiences; SPLIT-CANDIDATE (derived followedIds/followedCount getters are implementation detail)	
state-management	ConcertServiceClient concert search and tracking	ad3f4edd	9	KEEP	components/usecase/concert/search-new-concerts	Search and track new concerts for followed artists		CLASSNAME	medium	2026-03-22-simplify-concert-search-flow	ConcertServiceClient.searchAndTrack wraps ConcertUseCase.SearchNewConcerts polling to completion, a user-observed result; SPLIT-CANDIDATE (polling interval/timeout mechanics are implementation detail)	
state-management	Single DI access path	884f0921	1	OUT:lint					high	2026-03-21-migrate-state-to-di	[re-audit] Grep-verifiable prohibition on resolveStore()/IStore usage in favor of resolve(IOnboardingService)/resolve(IGuestService) is a code convention	openspec/changes/archive/2026-03-21-migrate-state-to-di/design.md (already-covered)
state-transition-diagram	Onboarding is a one-way latched boolean	79e8a995	6	KEEP	stories/complete-onboarding	Onboarding is a one-way latched boolean		CLASSNAME	medium		OnboardingService's latch spans dashboard-route and auth-callback-route; multi-route -> story proposal	
state-transition-diagram	Coach mark is an independent, non-blocking hint	87540baa	3	KEEP	components/infrastructure/ui/fan/global/coach-mark	Coach mark is an independent, non-blocking hint		CLASSNAME	high		coach-mark global component activated from DiscoveryRoute, matches vocabulary global/coach-mark	
state-transition-diagram	Guest data accumulates before signup and clears after merge	2d69ca51	5	KEEP	stories/accumulate-guest-data-before-signup	Guest data accumulates before signup and clears after merge		CLASSNAME	medium		guest state bag spans discovery-route, my-artists-route, area-selector modal, and welcome-route; multi-route -> story proposal	
storybook-component-testing	Presentational components have isolated stories	85945a5d	3	OUT:lint					high	2026-09-04-adopt-storybook-component-testing	[re-audit-2] Storybook/CI test-harness mechanics; testing-process convention, not itself the product's UI behavior spec	openspec/changes/archive/2026-09-04-adopt-storybook-component-testing/design.md (already-covered)
storybook-component-testing	Component stories run as tests in CI	41a5f39e	4	OUT:runbook					high	2026-09-04-adopt-storybook-component-testing	[re-audit-2] Storybook/CI test-harness mechanics; testing-process convention, not itself the product's UI behavior spec	openspec/changes/archive/2026-09-04-adopt-storybook-component-testing/design.md (already-covered)
storybook-component-testing	Accessibility checks run on component stories	007cb563	2	OUT:runbook					high	2026-09-04-adopt-storybook-component-testing	[re-audit-2] Storybook/CI test-harness mechanics; testing-process convention, not itself the product's UI behavior spec	openspec/changes/archive/2026-09-04-adopt-storybook-component-testing/design.md (already-covered)
storybook-component-testing	Component-level visual regression detects unintended changes	1db1a8e9	3	OUT:runbook					high	2026-09-04-adopt-storybook-component-testing	[re-audit-2] Storybook/CI test-harness mechanics; testing-process convention, not itself the product's UI behavior spec	openspec/changes/archive/2026-09-04-adopt-storybook-component-testing/design.md (already-covered)
storybook-component-testing	A single visual-regression pipeline is maintained	fb494241	1	OUT:runbook					high	2026-09-04-adopt-storybook-component-testing	[re-audit-2] Storybook/CI test-harness mechanics; testing-process convention, not itself the product's UI behavior spec	openspec/changes/archive/2026-09-04-adopt-storybook-component-testing/design.md (already-covered)
storybook-component-testing	Unit and component test suites are isolated but jointly gated	50754c36	3	OUT:runbook					high	2026-09-04-adopt-storybook-component-testing	[re-audit-2] Storybook/CI test-harness mechanics; testing-process convention, not itself the product's UI behavior spec	openspec/changes/archive/2026-09-04-adopt-storybook-component-testing/design.md (already-covered)
tap-press-feedback	Global button press feedback baseline	eef56daa	3	OUT:lint					low	2026-06-26-add-tap-press-feedback	global :active press-cue baseline is a cross-cutting CSS/style convention, akin to cube-css rules	openspec/changes/archive/2026-06-26-add-tap-press-feedback/design.md (already-covered)
tap-press-feedback	Non-button primary tappables give press feedback	7de7e6fc	3	OUT:lint					low	2026-06-26-add-tap-press-feedback	non-button tappable press-cue convention is a CSS styling rule	openspec/changes/archive/2026-06-26-add-tap-press-feedback/design.md (already-covered)
tap-press-feedback	List rows give press feedback	79df2900	1	OUT:lint					low	2026-06-26-add-tap-press-feedback	list-row press-cue convention is a CSS styling rule	openspec/changes/archive/2026-06-26-add-tap-press-feedback/design.md (already-covered)
tap-press-feedback	Reduced motion fallback for press feedback	8ddb683b	2	OUT:lint					low	2026-06-26-add-tap-press-feedback	reduced-motion press-cue fallback is a CSS styling rule	openspec/changes/archive/2026-06-26-add-tap-press-feedback/design.md (Risks / Trade-offs)
tap-press-feedback	Touch activation reliability on iOS Safari	406c5df4	2	OUT:lint					low	2026-06-26-add-tap-press-feedback	iOS :active activation rule is a CSS implementation constraint	openspec/changes/archive/2026-06-26-add-tap-press-feedback/design.md (already-covered)
ticket-journey	Ticket Journey Entity	1fc3751e	2	KEEP	components/entity/ticket-journey	Ticket Journey Entity			high	2026-03-18-manage-ticket-status	TicketJourney fields/identity — entity/v1/ticket_journey.proto invariant	
ticket-journey	Set Ticket Journey Status	7670237b	7	KEEP	components/usecase/ticket-journey/set-status	Set Ticket Journey Status			high	2026-03-18-manage-ticket-status	backend/internal/usecase/ticket_journey_uc.go:TicketJourneyUseCase.SetStatus, response/state change for one operation	
ticket-journey	Delete Ticket Journey	4385c3f2	2	KEEP	components/usecase/ticket-journey/delete	Delete Ticket Journey			high	2026-03-18-manage-ticket-status	backend/internal/usecase/ticket_journey_uc.go:TicketJourneyUseCase.Delete	
ticket-journey	List Ticket Journeys by User	3b844bbf	2	KEEP	components/usecase/ticket-journey/list-by-user	List Ticket Journeys by User			high	2026-03-18-manage-ticket-status	backend/internal/usecase/ticket_journey_uc.go:TicketJourneyUseCase.ListByUser	
ticket-journey	Ticket Journey Database Schema	b56ca8de	2	OUT:design-doc					high	2026-03-18-manage-ticket-status	[re-audit] physical Postgres table/column/type layout and SQL upsert clause; the entity composite-key identity semantics it overlaps with are already captured as a TicketJourney entity invariant elsewhere, this row is storage-layer implementation only	openspec/changes/archive/2026-03-18-manage-ticket-status/design.md (already-covered)
ticket-journey	Ticket Status UI visibility	403ab48d	2	NEEDS_HUMAN					low	2026-03-30-hide-ticket-status-for-guests	EventDetailSheet Ticket Status section is a cross-route UI surface with no matching components/infrastructure/ui/global/<surface> entry in vocabulary.tsv	
ticket-journey	Ticket Status UI two-phase layout	c3cac2c9	2	NEEDS_HUMAN					low	2026-06-02-redesign-journey-status-ui	same EventDetailSheet Ticket Status surface, no matching vocabulary target	
ticket-journey	Ticket Status cumulative progress display	8534efcd	3	NEEDS_HUMAN					low	2026-06-02-redesign-journey-status-ui	same EventDetailSheet Ticket Status surface, no matching vocabulary target	
ticket-journey	Ticket Status selection contrast	9be3c600	1	NEEDS_HUMAN					low	2026-06-02-redesign-journey-status-ui	same EventDetailSheet Ticket Status surface, no matching vocabulary target	
ticket-journey	Ticket Status semantic color and non-color cues	74180f46	2	NEEDS_HUMAN					low	2026-06-02-redesign-journey-status-ui	same EventDetailSheet Ticket Status surface, no matching vocabulary target	
ticket-journey	Ticket Status outcome gating	c19ad4f2	3	NEEDS_HUMAN					low	2026-06-02-redesign-journey-status-ui	same EventDetailSheet Ticket Status surface, no matching vocabulary target	
ticket-journey	Ticket Status radiogroup accessibility	e88aa6ab	1	NEEDS_HUMAN					low	2026-06-02-redesign-journey-status-ui	same EventDetailSheet Ticket Status surface, no matching vocabulary target	
ticket-journey	Ticket Journey UI is independent of ticket sales	e461279d	2	NEEDS_HUMAN					low	2026-07-31-restore-journey-status-ui	governs visibility of the same unregistered EventDetailSheet Ticket Status surface plus concert-card badge, no matching vocabulary target	
ticket-purchase-and-issuance	Issue from ④'s captured winning payment	c1d24f5c	3	NEEDS_HUMAN					low	2026-09-15-ticket-purchase-and-issuance	Order-creation usecase triggered by lottery capture signal; vocabulary has no order/ticket-issuance usecase entries yet	
ticket-purchase-and-issuance	Order record	9a5c5577	2	KEEP	components/entity/order	Order record			high	2026-09-15-ticket-purchase-and-issuance	Order's fields/status/invariants (paid/refunded/failed, opaque tokens) match the Order entity	
ticket-purchase-and-issuance	Issue account-bound covered tickets on the captured win	6582d0a3	4	KEEP	components/entity/ticket	Issue account-bound covered tickets on the captured win			medium	2026-09-15-ticket-purchase-and-issuance	Covered-ticket (特定興行入場券) legal-condition fields are Ticket entity invariants	
ticket-purchase-and-issuance	Idempotent issuance	024ecd53	1	NEEDS_HUMAN					low	2026-09-15-ticket-purchase-and-issuance	Issuance-replay-safety usecase behavior; no order/ticket-issuance usecase in vocabulary	
ticket-purchase-and-issuance	Capture succeeded but issuance failed	8dbf2550	1	NEEDS_HUMAN					low	2026-09-15-ticket-purchase-and-issuance	Post-capture reconciliation/refund usecase behavior; no matching usecase target	
ticket-purchase-and-issuance	Settlement and payout are delegated to ticket-settlement-and-payout	dfd6a483	1	OUT:design-doc					medium	2026-09-15-ticket-purchase-and-issuance	Capability-boundary declaration between this capability and ticket-settlement-and-payout; architecture decision, not user-facing	openspec/changes/archive/2026-09-15-ticket-purchase-and-issuance/design.md (already-covered (Decisions bullets))
ticket-purchase-and-issuance	収納代行 scheme — discharge on payment + 代理受領権限	8d79ebfe	1	OUT:design-doc					medium	2026-09-15-ticket-purchase-and-issuance	収納代行 legal/financial structuring decision (payments-design counsel flag); not a testable product behavior	openspec/changes/archive/2026-09-15-ticket-purchase-and-issuance/design.md (Decisions (new bullet))
ticket-purchase-and-issuance	Refund taxonomy — cancellation vs postponement	18ed1bbb	4	NEEDS_HUMAN					low	2026-09-15-ticket-purchase-and-issuance	Refund-policy usecase spans Event/Ticket/Order with execution owned by an out-of-batch capability; no matching usecase target	
ticket-purchase-and-issuance	No stored card data (PCI SAQ A)	a387fd5d	1	OUT:design-doc					medium	2026-09-15-ticket-purchase-and-issuance	PCI-scope/Stripe-Elements compliance decision; overlaps the Order entity's opaque-token invariant already captured in the Order record requirement	openspec/changes/archive/2026-09-15-ticket-purchase-and-issuance/design.md (Decisions (new bullet))
toast-ce	Toast Custom Element	a00742f0	6	KEEP	components/infrastructure/ui/fan/global/toast	Toast custom element as a top-positioned popover banner			high	2026-03-18-extract-shared-custom-elements	matches existing frontend/src/components/toast global UI surface exactly	
typography-focused-dashboard	Three-Lane Live Highway Layout	f74f28f8	11	KEEP	components/infrastructure/ui/fan/global/live-highway	Three-Lane Live Highway Layout			high	2026-02-15-frontend-live-dashboard-ui	matches the live-highway component (vocabulary name)	
unified-check-interface	Makefile with standard targets in every repo	1f4236a6	16	OUT:delete					high	2026-03-05-unify-lint-test-ops	[re-audit-2] cross-repo Makefile/CI tooling convention; no lasting product value	openspec/changes/archive/2026-03-05-unify-lint-test-ops/design.md (already-covered)
unified-check-interface	CI workflows use Makefile targets	5f29dbc8	7	OUT:delete					high	2026-03-05-unify-lint-test-ops	[re-audit-2] cross-repo Makefile/CI tooling convention; no lasting product value	openspec/changes/archive/2026-03-05-unify-lint-test-ops/design.md (already-covered)
usecase-test-coverage	TicketEmailUsecase Create Tests	b74403ed	6	DROP:obsolete				CLASSNAME	low	2026-03-26-add-usecase-test-coverage	[re-audit-2] TicketEmailUseCase no longer exists in backend (removed by 2026-09-11-remove-ticket-email-import); requirement describes retired behavior	
usecase-test-coverage	TicketEmailUsecase Update Tests	06d88adc	4	DROP:obsolete				CLASSNAME	low	2026-03-26-add-usecase-test-coverage	[re-audit-2] TicketEmailUseCase no longer exists in backend (removed by 2026-09-11-remove-ticket-email-import); requirement describes retired behavior	
usecase-test-coverage	TicketEmailUsecase Helper Tests	6e79be2d	3	OUT:lint					high	2026-03-26-add-usecase-test-coverage	[re-audit-2] Still OUT:lint under corrected criterion: test inventory requirement per spec Purpose; names TicketEmailUsecase implementation type (infra/ops/lint mechanics, not what the product does)	openspec/changes/archive/2026-03-26-add-usecase-test-coverage/design.md (already-covered)
usecase-test-coverage	ArtistImageSyncUsecase SyncArtistImage Tests	b0ef3711	5	KEEP	components/usecase/artist/sync-artist-image	Artist image sync resolves image, logo color, and fanart update with graceful degradation		CLASSNAME	medium	2026-03-26-add-usecase-test-coverage	[re-audit-2] Behavior of ArtistImageSyncUseCase.SyncArtistImage (vocab entry): empty MBID short-circuits, NotFound image resolver still marks synced, logo-fetch failure keeps image URL without color -- background usecase contract, not a test-inventory-only item	
usecase-test-coverage	Adapter mapper test coverage	372e9507	5	OUT:lint					high	2026-03-29-refine-backend	[re-audit-2] Still OUT:lint under corrected criterion: test inventory requirement per spec Purpose (infra/ops/lint mechanics, not what the product does)	openspec/changes/archive/2026-03-29-refine-backend/design.md (already-covered (D6))
usecase-test-coverage	Messaging layer test coverage	b8f5f431	3	KEEP	components/adapter/event/cloudevents-envelope	Messaging layer test coverage			high	2026-03-29-refine-backend	[Pass 2: bound to code layer] [re-audit-2] CloudEvents envelope field contract (id/source/type/time/datacontenttype) is an event-publishing contract per pass1 criterion, but it is cross-cutting messaging infra with no 'messaging' kind or entity home in vocabulary.tsv	
usecase-test-coverage	User event consumer test coverage	c0438570	2	NEEDS_HUMAN				CLASSNAME	low	2026-03-29-refine-backend	[re-audit-2] Describes real background-job behavior (USER.created CloudEvent drives a usecase call; malformed payload is rejected with wrapped error context) but the spec text does not name which usecase method it delegates to, so the vocabulary target is unclear	
usecase-test-coverage	Package utility test coverage	2e32c368	2	KEEP	components/adapter/rpc/error-mapping	Package utility test coverage	ERROR-MAPPING		high	2026-03-29-refine-backend	[Pass 2: bound to code layer] [re-audit-2] Haversine part is pure math-utility testing (stays OUT), but 'API error mapping tested' hides a real cross-cutting contract -- every apperr.Error code deterministically maps to an HTTP status -- not specified anywhere else in openspec and has no entity home in vocabulary.tsv	
user-account-sync	User Account Provisioning on Signup	4a7a9870	5	KEEP	components/usecase/user/create	User Account Provisioning on Signup			medium	2026-02-15-user-account-sync	idempotent resolve-or-provision contract of UserUseCase.Create; frontend localStorage caching scenarios are SPLIT-CANDIDATE	
user-auth	Sign Up / Sign In	4feada93	6	KEEP	stories/sign-up-or-sign-in	Sign Up / Sign In			medium	2026-02-06-implement-frontend-auth	Spans the landing-page login link, the tutorial Step 6 modal, and the /auth/callback route — multi-step goal across screens, story proposal	
user-auth	Session Restoration on App Cold Start	6e3ca315	3	KEEP	stories/restore-session-on-cold-start	Session Restoration on App Cold Start			medium	2026-06-25-extend-auth-session-lifetime	Spans boot-time signinSilent(), route guards, and pre-render UI signed-in state — multi-step goal across layers, story proposal; alternatively NEEDS_HUMAN since it is app-boot automation rather than a user-initiated goal	
user-auth	Server-Side Session Monitoring Disabled	55d53cca	1	OUT:design-doc					high	2026-06-25-extend-auth-session-lifetime	monitorSession=false is a technology decision forced by Zitadel's CSP frame-ancestors 'none' on check_session_iframe; no fan/organizer actor observes this config	openspec/changes/archive/2026-06-25-extend-auth-session-lifetime/design.md (already-covered)
user-home	User Home Area Data Model	e76b8579	6	KEEP	components/entity/user	User Home Area Data Model		CLASSNAME	medium	2026-02-28-normalize-admin-area	Home is a field on the User entity (proto/db/entity.Home struct); entity invariant, always true	
user-home	Create User with Home	d4abfe2d	2	KEEP	components/usecase/user/create	Create User with Home			high	2026-02-28-normalize-admin-area	UserUseCase.Create accepting optional home	
user-home	Update Home RPC	03687617	5	KEEP	components/usecase/user/update-home	Update Home RPC			high	2026-02-28-normalize-admin-area	UserUseCase.UpdateHome response/state change	
user-home	Home included in User retrieval	a3ec45d1	3	KEEP	components/usecase/user/get	Home included in User retrieval			high	2026-02-28-normalize-admin-area	UserUseCase.Get response includes home field	
user-home	Frontend home area persistence via RPC	ae323978	6	KEEP	stories/set-home-area	Home area persists across onboarding, settings, and dashboard		CLASSNAME	medium	2026-02-28-normalize-admin-area	spans onboarding/settings/dashboard routes via UserStore; multi-step goal across screens (story proposal)	
user-home	Unified Home Area Selector Component	28ba240d	8	KEEP	components/infrastructure/ui/fan/global/user-home-selector	Unified home area selector		CLASSNAME	high	2026-03-05-choose-user-home	user-home-selector component shared across onboarding, settings, and All Nearby	
user-home	Home area i18n namespace	74fb8dda	2	KEEP	components/infrastructure/ui/fan/global/user-home-selector	Home area i18n namespace			medium	2026-03-05-choose-user-home	copy displayed within the user-home-selector component	
user-language-preference	User Preferred Language Field on User Entity	d0858130	2	KEEP	components/entity/user	User Preferred Language Field on User Entity			high	2026-05-25-persist-user-language	entity.v1.User field distinguishable from unset state is an invariant of the User entity itself	
user-language-preference	Create RPC Captures Preferred Language at Signup	92dc9e36	6	KEEP	components/usecase/user/create	Create RPC Captures Preferred Language at Signup			high	2026-05-25-persist-user-language	UserService.Create maps to UserUseCase.Create (backend/internal/usecase/user_uc.go)	
user-language-preference	UpdatePreferredLanguage RPC	c5154740	5	KEEP	components/usecase/user/update-preferred-language	UpdatePreferredLanguage RPC			high	2026-05-25-persist-user-language	UserService.UpdatePreferredLanguage maps directly to UserUseCase.UpdatePreferredLanguage	
user-language-preference	"DB Column Semantics — NULL Means ""Not Yet Set by Client"""	4212b60b	4	DROP:duplicate					medium	2026-05-25-persist-user-language	Restates the unset-state semantics already covered by the User entity field requirement and the client-backfill trigger already covered by the UpdatePreferredLanguage/UserStore requirements; migration and column-comment scenarios have no fan/organizer actor	
user-language-preference	Repository NULL-Safe Reads on Nullable users Columns	27a58266	4	OUT:lint					high	2026-05-25-persist-user-language	"[re-audit] sql.NullString/COALESCE NULL-safe scan pattern is explicitly ""enforced by code review"" — a Go coding convention with no externally observable difference"	openspec/changes/archive/2026-05-25-persist-user-language/design.md (Decisions §D8)
user-language-preference	Guest Language as Observable Store State	51876e5c	2	KEEP	components/infrastructure/locale/language-resolution	Preferred Language Resolution in UserStore	LANG-RESOLUTION	CLASSNAME	medium	2026-06-04-introduce-entity-store-layer	UserStore owns guest+authenticated language as observable state instead of a render-time I18N.getLocale() read; locale is a seeded infra kind, name proposed	
user-language-preference	UserStore Handles NULL Server Preferred Language	3f534392	1	KEEP	components/infrastructure/locale/language-resolution	Preferred Language Resolution in UserStore	LANG-RESOLUTION	CLASSNAME	medium	2026-06-04-introduce-entity-store-layer	UserStore backfills a NULL preferred_language via UpdatePreferredLanguage; same locale-resolution infra unit as the guest-language requirement	
user-profile-hydration	User profile hydration at app startup	082b67f3	2	OUT:design-doc					high	2026-03-15-hydrate-user-profile-on-startup	[re-audit] startup timing/orchestration of UserService.Get into an in-memory store; internal fetch-timing/caching strategy, not a distinct entity or API contract	openspec/changes/archive/2026-03-15-hydrate-user-profile-on-startup/design.md
user-profile-hydration	User profile hydration after auth callback	26245679	2	OUT:design-doc					high	2026-03-15-hydrate-user-profile-on-startup	[re-audit] ensureLoaded() orchestration timing around the auth callback; internal orchestration detail	openspec/changes/archive/2026-03-15-hydrate-user-profile-on-startup/design.md
user-profile-hydration	Idempotent profile loading	6206645b	2	OUT:design-doc					high	2026-03-15-hydrate-user-profile-on-startup	[re-audit] ensureLoaded() idempotency guard against redundant RPCs; internal caching-strategy implementation detail, not RPC-level idempotency contract	openspec/changes/archive/2026-03-15-hydrate-user-profile-on-startup/design.md
user-profile-hydration	Graceful degradation on hydration failure	9cdd404a	1	OUT:design-doc					high	2026-03-15-hydrate-user-profile-on-startup	[re-audit] startup error-handling fallback keeping current undefined; internal resilience of the in-memory cache orchestration	openspec/changes/archive/2026-03-15-hydrate-user-profile-on-startup/design.md
user-profile-hydration	Write-through on user mutation	ffc7c544	2	OUT:design-doc					high	2026-03-15-hydrate-user-profile-on-startup	[re-audit] in-memory cache write-through on mutation RPC responses; internal state-sync implementation detail	openspec/changes/archive/2026-03-15-hydrate-user-profile-on-startup/design.md
user-profile-hydration	Apply Preferred Language to i18n After Hydration	526ee4e1	2	KEEP	components/infrastructure/locale/preferred-language-sync	Apply Preferred Language to i18n After Hydration			medium	2026-05-25-persist-user-language	applies DB-sourced preferred language to i18n locale; locale infra kind, name proposed	
user-profile-hydration	Backfill Preferred Language When Missing	95a098c6	2	KEEP	components/infrastructure/locale/preferred-language-sync	Backfill Preferred Language When Missing			medium	2026-05-25-persist-user-language	backfills missing preferred_language via UpdatePreferredLanguage RPC; same locale-sync surface	
user-profile-hydration	Remove Legacy localStorage Language Key After Authenticated Session Begins	f79d5bd1	2	KEEP	components/infrastructure/locale/preferred-language-sync	Remove Legacy localStorage Language Key After Authenticated Session Begins			medium	2026-05-25-persist-user-language	clears legacy localStorage locale key on authenticated session start; same locale-sync surface	
user-profile-hydration	Profile cleared on sign-out	ca36f2ea	1	OUT:design-doc					high	2026-03-15-hydrate-user-profile-on-startup	[re-audit] in-memory cache clear on sign-out; internal cache-lifecycle cleanup of the same frontend caching architecture	openspec/changes/archive/2026-03-15-hydrate-user-profile-on-startup/design.md
venue-name-cache	Venue lookup by listed name before Places API call	5ed41020	3	KEEP	components/usecase/concert/create-from-discovered	Venue lookup by listed name before Places API call		CLASSNAME	medium	2026-04-06-cache-google-maps-venue-lookup	VenueRepository.GetByListedName is called from ConcertCreationUseCase.CreateFromDiscovered's venue resolution	
venue-name-cache	Unique index on venue listed name and admin area	2d940e7a	2	KEEP	components/entity/venue	Unique index on venue listed name and admin area			medium	2026-04-06-cache-google-maps-venue-lookup	uniqueness constraint is an identity invariant of entity.v1.Venue	
venue-name-localization	Venue Name Display Respects User's Preferred Language	ce6c5d20	5	KEEP	components/infrastructure/locale/venue-name-display	Venue name display respects user's preferred language			medium	2026-07-29-venue-name-localization	locale-kind non-UI infra selecting display name by language; cross-cutting across surfaces that show venue name	
venue-normalization	Venue Resolution During Concert Creation	b5cffdc8	5	KEEP	components/usecase/concert/create-from-discovered	Venue Resolution During Concert Creation			medium	2026-03-14-remove-venue-enrichment	venue resolution is a state-change step of ConcertCreationUseCase.CreateFromDiscovered	
venue-normalization	Skip Unresolvable Venues	49fcae57	2	KEEP	components/usecase/concert/create-from-discovered	Skip Unresolvable Venues			medium	2026-03-14-remove-venue-enrichment	unresolvable-venue skip behavior is part of the create-from-discovered pipeline	
venue-normalization	PlaceSearcher Is Required	5c9914dd	1	OUT:design-doc					high	2026-03-14-remove-venue-enrichment	[re-audit] nil-dependency constructor guard on ConcertCreationUseCase; defensive-programming/DI-wiring implementation detail	openspec/changes/archive/2026-03-14-remove-venue-enrichment/design.md (already-covered (Decision 4))
venue-normalization	Idempotent venue get-or-create with place_id-authoritative identity	070135aa	6	KEEP	components/usecase/concert/approve	Idempotent venue get-or-create with place_id-authoritative identity			medium	2026-07-27-fix-concert-approval-dedup	runs only on AdminConcertUseCase.Approve, the sole caller creating a venues row	
venue-normalization	Google Places API Request Includes Language Code	4a6bf4ba	4	KEEP	components/usecase/concert/create-from-discovered	Google Places API Request Includes Language Code			medium	2026-07-29-venue-name-localization	language-code selection is part of the venue-resolution step of concert creation	
venue-normalization	listed_venue_name Is Normalized Before Storage	ee5f4d87	3	KEEP	components/usecase/concert/create-from-discovered	listed_venue_name Is Normalized Before Storage			medium	2026-07-29-venue-name-localization	normalization occurs during the create-from-discovered pipeline before persistence	
watermill-structured-logging	Watermill logs use structured JSON output	4ec3e8b2	2	OUT:design-doc					high	2026-03-11-watermill-structured-logging	[re-audit-2] Still OUT:design-doc under corrected criterion: backend logging-library technology decision, (infra/ops/lint mechanics, not what the product does)	openspec/changes/archive/2026-03-11-watermill-structured-logging/design.md (already-covered)
watermill-structured-logging	Watermill and application logs share the same slog handler	5c822c0e	1	OUT:design-doc					high	2026-03-11-watermill-structured-logging	logger-configuration consistency decision	openspec/changes/archive/2026-03-11-watermill-structured-logging/design.md (already-covered)
web-push-delivery-alerting	Alert on sustained push delivery failure	38eff45b	2	OUT:runbook					high	2026-08-16-harden-web-push-subscription-lifecycle	[re-audit-2] Still OUT:runbook under corrected criterion: Cloud Monitoring alert on delivery-failure ratio; operational, (infra/ops/lint mechanics, not what the product does)	openspec/changes/archive/2026-08-16-harden-web-push-subscription-lifecycle/design.md (already-covered)
web-push-delivery-alerting	Alert on active-subscription starvation	39b85fb5	1	OUT:runbook					high	2026-08-16-harden-web-push-subscription-lifecycle	[re-audit-2] Still OUT:runbook under corrected criterion: Cloud Monitoring alert on subscription starvation; operational, (infra/ops/lint mechanics, not what the product does)	openspec/changes/archive/2026-08-16-harden-web-push-subscription-lifecycle/design.md (already-covered)
welcome-dashboard-preview	Live Dashboard Preview on Welcome Page	0553ef68	6	KEEP	components/infrastructure/ui/fan/route/welcome	Live Dashboard Preview on Welcome Page			high	2026-03-25-refine-onboarding	matches /welcome route in vocabulary	
workload-naming-convention	Workload names follow the audience-tier scheme	37ea1f33	3	OUT:design-doc					high	2026-08-20-unify-workload-naming	[re-audit-2] Still OUT:design-doc under corrected criterion: Kubernetes workload naming convention (infra/ops/lint mechanics, not what the product does)	openspec/changes/archive/2026-08-20-unify-workload-naming/design.md (already-covered)
workload-naming-convention	Derived resources share the workload stem with uniform suffixes	18c7b60a	2	OUT:design-doc					high	2026-08-20-unify-workload-naming	[re-audit-2] Still OUT:design-doc under corrected criterion: resource naming convention (Service/HTTPRoute/etc suffixes) (infra/ops/lint mechanics, not what the product does)	openspec/changes/archive/2026-08-20-unify-workload-naming/design.md (Decisions §D8)
workload-naming-convention	GCP identities and image repositories key off the same principal	67aff0f5	1	OUT:design-doc					high	2026-08-20-unify-workload-naming	[re-audit-2] Still OUT:design-doc under corrected criterion: GCP identity/image-repo naming convention (infra/ops/lint mechanics, not what the product does)	openspec/changes/archive/2026-08-20-unify-workload-naming/design.md (already-covered)
workload-naming-convention	A canonical name mapping is the authoritative reference	c87e5845	1	OUT:design-doc					high	2026-08-20-unify-workload-naming	[re-audit-2] Still OUT:design-doc under corrected criterion: maintenance of a naming-migration reference table (infra/ops/lint mechanics, not what the product does)	openspec/changes/archive/2026-08-20-unify-workload-naming/design.md (Decisions §D1)
workload-naming-convention	Renames use an additive create-new then cutover then delete-old migration	7c872f18	2	OUT:runbook					high	2026-08-20-unify-workload-naming	"[re-audit-2] Still OUT:runbook under corrected criterion: operational migration procedure for renaming live workloads; ""brief"" interruption is qualitative, (infra/ops/lint mechanics, not what the product does)"	openspec/changes/archive/2026-08-20-unify-workload-naming/design.md (already-covered)
zitadel-action-webhook	Pre-Access-Token Webhook Endpoint	58dcc538	2	KEEP	components/adapter/webhook/pre-access-token	Pre-Access-Token Webhook Endpoint	WEBHOOK-PRE-ACCESS-TOKEN	CLASSNAME	high	2026-05-11-self-hosted-zitadel	[Pass 2: bound to code layer] [re-audit-2 sibling] webhook endpoint API contract (request/response, status codes); same class as the auth requirement — no vocabulary slot for webhooks	
zitadel-action-webhook	Webhook Authentication via Zitadel-Issued JWT Signature	aed4c899	3	KEEP	components/adapter/webhook/pre-access-token	Webhook Authentication via Zitadel-Issued JWT Signature	WEBHOOK-PRE-ACCESS-TOKEN		high	2026-05-11-self-hosted-zitadel	[Pass 2: bound to code layer] [re-audit-2] defines a real API auth contract for POST /pre-access-token (JWKS signature check, no iss/aud enforcement, HTTP 401 on bad signature, HTTP 400 on missing/malformed JWT body) which the corrected criterion explicitly includes ('authorization rules', 'error codes'); no vocabulary usecase/entity fits a webhook handler (sibling requirement 'Pre-Access-Token Webhook Endpoint' was also OUT'd under the old criterion in pass1/batch-07 and is outside this batch) so target_path cannot be assigned confidently	
zitadel-action-webhook	Webhook Reachable Only Within Cluster	2490c752	3	OUT:runbook					high	2026-05-11-self-hosted-zitadel	[re-audit-2] fan-api-webhook-svc on :9090 ClusterIP-only vs public fan-api-svc :8080/authn.Middleware; in-cluster Service/port network topology, no product behavior	openspec/changes/archive/2026-05-11-self-hosted-zitadel/design.md (Decisions D5)
zitadel-observability	Alert on Zitadel API request latency p99	8837e7de	4	OUT:runbook					high	2026-05-03-zitadel-observability	[re-audit-2] Cloud Monitoring alert/dashboard/CronJob/runbook for ops incident response; observability plumbing and runbook, not product API/UI	openspec/changes/archive/2026-05-03-zitadel-observability/design.md (already-covered)
zitadel-observability	Alert on backend JWT validation error rate	d5fe4e39	3	OUT:runbook					high	2026-05-03-zitadel-observability	[re-audit-2] Cloud Monitoring alert/dashboard/CronJob/runbook for ops incident response; observability plumbing and runbook, not product API/UI	openspec/changes/archive/2026-05-03-zitadel-observability/design.md (Decisions §5)
zitadel-observability	Cloud SQL connection-pool dashboard panel for Zitadel database	71ec3438	2	OUT:runbook					high	2026-05-03-zitadel-observability	[re-audit-2] Cloud Monitoring alert/dashboard/CronJob/runbook for ops incident response; observability plumbing and runbook, not product API/UI	openspec/changes/archive/2026-05-03-zitadel-observability/design.md (Decisions §8)
zitadel-observability	Weekly Zitadel API restart CronJob in dev	ab3b25a7	3	OUT:runbook					high	2026-05-03-zitadel-observability	[re-audit-2] Cloud Monitoring alert/dashboard/CronJob/runbook for ops incident response; observability plumbing and runbook, not product API/UI	openspec/changes/archive/2026-05-03-zitadel-observability/design.md (Decisions §6)
zitadel-observability	Operator runbook for the Zitadel hang incident shape	2889fc74	3	OUT:runbook					high	2026-05-03-zitadel-observability	[re-audit-2] Cloud Monitoring alert/dashboard/CronJob/runbook for ops incident response; observability plumbing and runbook, not product API/UI	openspec/changes/archive/2026-05-03-zitadel-observability/design.md (Decisions §7)
zitadel-self-hosted-deployment	Self-Hosted Zitadel Runtime in Each Environment Cluster	44895c14	4	OUT:design-doc					high	2026-05-14-prod-k8s-manifests	in-cluster K8s runtime placement; no fan/organizer actor observes deployment topology	openspec/changes/archive/2026-05-14-prod-k8s-manifests/design.md (Decisions §D4)
zitadel-self-hosted-deployment	Two-Container Deployment with Path-Based Routing	ab9fc2db	4	OUT:design-doc					high	2026-05-11-self-hosted-zitadel	[re-audit-2] Still OUT:design-doc under corrected criterion: container/routing topology is infra deployment shape, (infra/ops/lint mechanics, not what the product does)	openspec/changes/archive/2026-05-11-self-hosted-zitadel/design.md (Decisions D2)
zitadel-self-hosted-deployment	TLS Terminated at Gateway, Cluster Traffic Unencrypted	0236d0b9	2	OUT:design-doc					high	2026-05-11-self-hosted-zitadel	[re-audit-2] Still OUT:design-doc under corrected criterion: TLS termination point is infra config, (infra/ops/lint mechanics, not what the product does)	openspec/changes/archive/2026-05-11-self-hosted-zitadel/design.md (already-covered (D1))
zitadel-self-hosted-deployment	Cloud SQL Connection via Auth Proxy Sidecar with IAM Authentication	d82df351	2	OUT:design-doc					high	2026-05-11-self-hosted-zitadel	[re-audit-2] Still OUT:design-doc under corrected criterion: Cloud SQL sidecar auth wiring is infra config, (infra/ops/lint mechanics, not what the product does)	openspec/changes/archive/2026-05-11-self-hosted-zitadel/design.md (already-covered (D3))
zitadel-self-hosted-deployment	Cloud SQL Database and IAM User Pre-Provisioned by Pulumi	3c414b62	2	OUT:design-doc					high	2026-05-11-self-hosted-zitadel	[re-audit-2] Still OUT:design-doc under corrected criterion: Pulumi-provisioned DB/IAM resources, (infra/ops/lint mechanics, not what the product does)	openspec/changes/archive/2026-05-11-self-hosted-zitadel/design.md (Decisions D3)
zitadel-self-hosted-deployment	Connection Pool Sized Within Dev Connection Budget	578956e3	1	OUT:runbook					high	2026-05-11-self-hosted-zitadel	[re-audit-2] Still OUT:runbook under corrected criterion: connection pool sizing is an operational budget constraint, (infra/ops/lint mechanics, not what the product does)	openspec/changes/archive/2026-05-11-self-hosted-zitadel/design.md (Decisions D4)
zitadel-self-hosted-deployment	Bootstrap Admin Machine Key Stored in Secret Manager	b0175238	3	OUT:runbook					high	2026-05-11-self-hosted-zitadel	[re-audit-2] Still OUT:runbook under corrected criterion: bootstrap secret lifecycle; legacy GSM name renamed, (infra/ops/lint mechanics, not what the product does)	openspec/changes/archive/2026-05-11-self-hosted-zitadel/design.md (Decisions D7)
zitadel-self-hosted-deployment	Backend MachineKey Lifecycle Tied to Zitadel-Side Identity	dbc37c2d	4	OUT:runbook					high	2026-05-11-self-hosted-zitadel	[re-audit-2] Still OUT:runbook under corrected criterion: GSM naming/rotation lifecycle tied to legacy incident, (infra/ops/lint mechanics, not what the product does)	openspec/changes/archive/2026-05-11-self-hosted-zitadel/design.md (Decisions D11 (new))
zitadel-self-hosted-deployment	Masterkey Generated Once and Stored Immutably	4b73a014	2	OUT:runbook					high	2026-05-11-self-hosted-zitadel	[re-audit-2] Still OUT:runbook under corrected criterion: masterkey generation/storage is an operational secrets constraint, (infra/ops/lint mechanics, not what the product does)	openspec/changes/archive/2026-05-11-self-hosted-zitadel/design.md (already-covered (D7))
zitadel-self-hosted-deployment	Resilient Scheduling on Shared Spot Node Pool	94459a55	4	OUT:runbook					high	2026-05-11-self-hosted-zitadel	[re-audit-2] Still OUT:runbook under corrected criterion: pod scheduling/PDB posture is operational resilience, (infra/ops/lint mechanics, not what the product does)	openspec/changes/archive/2026-05-11-self-hosted-zitadel/design.md (already-covered (D8))
zitadel-self-hosted-deployment	GSM Naming Convention for Zitadel MachineKey Credentials	ac64c315	2	OUT:design-doc					high	2026-05-13-rename-zitadel-machine-keys	[re-audit-2] Still OUT:design-doc under corrected criterion: GSM secret naming convention is an infra naming decision, (infra/ops/lint mechanics, not what the product does)	openspec/changes/archive/2026-05-13-rename-zitadel-machine-keys/design.md (already-covered)
zitadel-self-hosted-deployment	Per-Environment Overlay Topology	30ca2556	7	OUT:design-doc					high	2026-05-13-k8s-naming-cleanup	[re-audit-2] Still OUT:design-doc under corrected criterion: Kustomize overlay topology is deployment structure, (infra/ops/lint mechanics, not what the product does)	openspec/changes/archive/2026-05-13-k8s-naming-cleanup/design.md (Decisions §7 (new))
zitadel-self-hosted-deployment	Single Unified Zitadel Class Across All Environments	14b4f9a6	3	OUT:design-doc					high	2026-05-15-refactor-unify-env-dispatch	[re-audit-2] Still OUT:design-doc under corrected criterion: Pulumi class structure is IaC code organization, (infra/ops/lint mechanics, not what the product does)	openspec/changes/archive/2026-05-15-refactor-unify-env-dispatch/design.md (Decisions D2)
zitadel-self-hosted-deployment	Per-Environment Configuration Values Sourced From Env-Keyed Map	68c43661	3	OUT:lint					high	2026-05-15-refactor-unify-env-dispatch	[re-audit-2] Still OUT:lint under corrected criterion: env-keyed config-map convention is an IaC coding convention, (infra/ops/lint mechanics, not what the product does)	openspec/changes/archive/2026-05-15-refactor-unify-env-dispatch/design.md (already-covered (Goals + D2/D4/D6))
zitadel-self-hosted-deployment	Backend MachineUser Lives in Product Org Across All Environments	96fac2e7	3	OUT:design-doc					high	2026-05-15-refactor-unify-env-dispatch	[re-audit-2] Still OUT:design-doc under corrected criterion: Zitadel org/MachineUser placement is a security architecture decision, (infra/ops/lint mechanics, not what the product does)	openspec/changes/archive/2026-05-15-refactor-unify-env-dispatch/design.md (Decisions D11 (new))
zitadel-self-hosted-deployment	Cost Guardrails and Observability Applied to All Environments	d7813885	3	OUT:runbook					high	2026-05-15-refactor-unify-env-dispatch	[re-audit-2] Still OUT:runbook under corrected criterion: monitoring/budget provisioning is operational, (infra/ops/lint mechanics, not what the product does)	openspec/changes/archive/2026-05-15-refactor-unify-env-dispatch/design.md (already-covered (D4))
zitadel-self-hosted-deployment	Zitadel Deployment Rendered by Official Helm Chart	9c5c2b45	4	OUT:design-doc					high	2026-05-20-migrate-zitadel-to-helm-chart	[re-audit-2] Still OUT:design-doc under corrected criterion: Helm chart rendering choice is a deployment technology decision, (infra/ops/lint mechanics, not what the product does)	openspec/changes/archive/2026-05-20-migrate-zitadel-to-helm-chart/design.md (already-covered)
zitadel-self-hosted-deployment	Login V2 UI Routes Outbound Calls Via Cluster-Internal Service Using CUSTOM_REQUEST_HEADERS	202ed740	6	OUT:design-doc					high	2026-05-20-migrate-zitadel-to-helm-chart	[re-audit-2] Still OUT:design-doc under corrected criterion: outbound header routing for in-cluster calls is infra config, (infra/ops/lint mechanics, not what the product does)	openspec/changes/archive/2026-05-20-migrate-zitadel-to-helm-chart/design.md (already-covered)
zitadel-self-hosted-deployment	Zitadel Version Upgrades Applied by Pinned-Tag Edit with Boot-Time Migration and Post-Upgrade Verification	938a18d5	4	OUT:runbook					high	2026-08-23-upgrade-zitadel-v4-17	[re-audit-2] Still OUT:runbook under corrected criterion: version upgrade procedure is an operational runbook item, (infra/ops/lint mechanics, not what the product does)	openspec/changes/archive/2026-08-23-upgrade-zitadel-v4-17/design.md (already-covered)
zitadel-self-hosted-deployment	Outbound HTTP Client Permits In-Cluster Webhook Targets While Retaining SSRF Protection	b6ebc4e9	4	OUT:design-doc					high	2026-08-23-fix-zitadel-httpclient-denylist-blocks-webhook	[re-audit-2] Still OUT:design-doc under corrected criterion: SSRF deny-list CIDR configuration is infra security config, (infra/ops/lint mechanics, not what the product does)	openspec/changes/archive/2026-08-23-fix-zitadel-httpclient-denylist-blocks-webhook/design.md (already-covered)
