old_spec	old_req_name	scen_idx	scen_hash	scen_title	routing	verified_by
admin-area-normalization	Admin Area Normalization Function	0	b01e20d1	Japanese prefecture name to ISO code	FOLLOW_PARENT	
admin-area-normalization	Admin Area Normalization Function	1	f03d3522	English prefecture name to ISO code	FOLLOW_PARENT	
admin-area-normalization	Admin Area Normalization Function	2	71b43924	Unrecognized input	FOLLOW_PARENT	
admin-area-normalization	Admin Area Normalization Function	3	c05344fb	Empty or whitespace-only input	FOLLOW_PARENT	
admin-area-normalization	Country Code Extraction	0	99845cce	Extract country code from subdivision	FOLLOW_PARENT	
admin-area-normalization	Country Code Extraction	1	8a4ea153	Construct structured Home from normalization result	FOLLOW_PARENT	
admin-area-normalization	Normalization in Concert Discovery Pipeline	0	e6d727a3	Gemini returns recognizable admin_area	FOLLOW_PARENT	
admin-area-normalization	Normalization in Concert Discovery Pipeline	1	adae6ddc	Gemini returns unrecognizable admin_area	FOLLOW_PARENT	
admin-area-normalization	Normalization in Concert Discovery Pipeline	2	2b00e2fc	Gemini prompt unchanged	FOLLOW_PARENT	
admin-area-normalization	Existing Data Migration	0	6386e6ef	Known prefecture migrated	FOLLOW_PARENT	
admin-area-normalization	Existing Data Migration	1	b47eb7b7	Unknown value set to NULL	FOLLOW_PARENT	
admin-concert-management	Admin concert operations are served by a single ConcertService	0	85765f38	Admin concert service identity	FOLLOW_PARENT	
admin-concert-management	Admin concert operations are served by a single ConcertService	1	a3e6c3ef	No collision with the consumer concert service	FOLLOW_PARENT	
admin-concert-management	Admin lists every published concert	0	3440615c	List returns all published concerts	FOLLOW_PARENT	
admin-concert-management	Admin lists every published concert	1	bde1172a	Pending concerts are excluded from List	FOLLOW_PARENT	
admin-concert-management	Admin hard-deletes a published concert	0	3e45f7db	Delete removes the concert and cascades	FOLLOW_PARENT	
admin-concert-management	Admin hard-deletes a published concert	1	eed9c855	Delete records a suppression entry	FOLLOW_PARENT	
admin-concert-management	Admin hard-deletes a published concert	2	132b8941	Delete is unconditional	FOLLOW_PARENT	
admin-concert-management	Admin hard-deletes a published concert	3	aefbb68c	Delete is idempotent	FOLLOW_PARENT	
admin-concert-management	Admin hard-deletes a published concert	4	b30acc63	Malformed event id is rejected	FOLLOW_PARENT	
admin-concert-management	Admin console presents approved concerts grouped by artist and series	0	a608e891	Concerts shown grouped by artist then series	FOLLOW_PARENT	
admin-concert-management	Admin console presents approved concerts grouped by artist and series	1	7a6b76b9	Expanding a series reveals its events	FOLLOW_PARENT	
admin-concert-management	Admin console presents approved concerts grouped by artist and series	2	d23132ef	Delete requires confirmation in a modal dialog	FOLLOW_PARENT	
admin-concert-management	Approve resolves duplicate-event conflicts via a resolution selector	0	2d51342a	First approve of a duplicate returns a conflict	FOLLOW_PARENT	
admin-concert-management	Approve resolves duplicate-event conflicts via a resolution selector	1	cd6df9af	Approve with KEEP_EXISTING resolves the conflict	FOLLOW_PARENT	
admin-concert-management	Approve resolves duplicate-event conflicts via a resolution selector	2	9831688f	Approve with ADOPT_STAGED resolves the conflict	FOLLOW_PARENT	
admin-concert-management	Approve resolves duplicate-event conflicts via a resolution selector	3	d0b3b142	Non-duplicate approve is unaffected by the selector	FOLLOW_PARENT	
admin-console	Bundle isolation from the consumer SPA	0	3d576f62	Consumer page loads no admin code	FOLLOW_PARENT	
admin-console	Bundle isolation from the consumer SPA	1	bad13fd3	Consumer bundle size unchanged	FOLLOW_PARENT	
admin-console	Authentication via the admin org with Google Workspace IDP	0	021cd233	Internal developer signs in	FOLLOW_PARENT	
admin-console	Authentication via the admin org with Google Workspace IDP	1	f7c3d042	Non-Workspace account cannot enter	FOLLOW_PARENT	
admin-console	Authentication via the admin org with Google Workspace IDP	2	43ddfbd7	Org scope drives the login policy	FOLLOW_PARENT	
admin-console	Authenticated route guard	0	ac83e893	Unauthenticated access is redirected	FOLLOW_PARENT	
admin-console	Authenticated route guard	1	b03d6874	Callback completes the session	FOLLOW_PARENT	
admin-console	Post-login welcome placeholder	0	39c89845	Welcome page after login	FOLLOW_PARENT	
admin-console	Dedicated source directory with an enforced import boundary	0	524ea571	Cross-import fails lint	FOLLOW_PARENT	
admin-console	Dedicated source directory with an enforced import boundary	1	c6b0fb9c	Shared code is importable by both	FOLLOW_PARENT	
admin-console-hosting	Dedicated container image and Kubernetes workload	0	8df9bb2f	Independent workloads	FOLLOW_PARENT	
admin-console-hosting	Dedicated container image and Kubernetes workload	1	b0b4ec32	Isolated config reload	FOLLOW_PARENT	
admin-console-hosting	Dedicated hostname on the shared external gateway	0	c1ea8ca5	Admin hostname routes to admin workload	FOLLOW_PARENT	
admin-console-hosting	Dedicated hostname on the shared external gateway	1	b6d0261a	Consumer hostname unaffected	FOLLOW_PARENT	
admin-console-hosting	Per-host runtime config delivery	0	daf1fb6f	Admin receives admin configuration	FOLLOW_PARENT	
admin-console-hosting	Per-host runtime config delivery	1	5f594c99	Shared config contract preserved	FOLLOW_PARENT	
admin-console-hosting	Admin-org OIDC application provisioning	0	705e9d97	Admin OIDC app exists per environment	FOLLOW_PARENT	
admin-console-hosting	Admin-org OIDC application provisioning	1	007ea75a	Consumer application untouched	FOLLOW_PARENT	
admin-console-hosting	TLS certificate and DNS for the admin hostname	0	169fb247	Admin hostname is reachable over TLS	FOLLOW_PARENT	
admin-console-hosting	GitOps delivery for the admin image	0	4ce4bcc6	Admin image is auto-reconciled	FOLLOW_PARENT	
admin-rpc-server	Dedicated admin Connect server	0	308415bd	Admin service served only on the admin port	FOLLOW_PARENT	
admin-rpc-server	Dedicated admin Connect server	1	71068fe5	Consumer service served only on the consumer port	FOLLOW_PARENT	
admin-rpc-server	Dedicated admin Connect server	2	700e263c	Both servers drain on shutdown	FOLLOW_PARENT	
admin-rpc-server	Boundary-level admin authorization	0	7c7a6279	Admin caller is allowed	FOLLOW_PARENT	
admin-rpc-server	Boundary-level admin authorization	1	017dc768	Authenticated non-admin caller is denied	FOLLOW_PARENT	
admin-rpc-server	Boundary-level admin authorization	2	bf8a3b36	Unauthenticated caller is denied	FOLLOW_PARENT	
admin-rpc-server	Boundary-level admin authorization	3	4e0b7ee7	Admin RPCs carry no per-method role check	FOLLOW_PARENT	
admin-rpc-server	Admin-only CORS allowlist	0	7c31c9e1	Admin origin allowed on the admin server	FOLLOW_PARENT	
admin-rpc-server	Admin-only CORS allowlist	1	ed0084ac	Admin origin not required on the consumer server	FOLLOW_PARENT	
admin-rpc-server	Shared server construction to prevent interceptor drift	0	d4c2fb21	Both servers share the base interceptor chain	FOLLOW_PARENT	
admin-rpc-server	Dedicated admin API ingress host	0	f2250fd8	Admin API host routes to the admin server	FOLLOW_PARENT	
admin-rpc-server	Dedicated admin API ingress host	1	09907593	Consumer API host unchanged	FOLLOW_PARENT	
admin-rpc-server	Dedicated admin API ingress host	2	b72d0d30	Admin Service is internal and h2c with a health check	FOLLOW_PARENT	
admin-rpc-server	Admin console resolves the admin API host from runtime config	0	b53d8164	Admin client targets the admin API host	FOLLOW_PARENT	
admin-rpc-server	Admin console resolves the admin API host from runtime config	1	45501a1a	Consumer client unchanged	FOLLOW_PARENT	
analytics-consent	Analytics operates under an EU-adequacy opt-out model, not a consent gate	0	fb254ae2	Authenticated user is analysed by default	FOLLOW_PARENT	
analytics-consent	Analytics operates under an EU-adequacy opt-out model, not a consent gate	1	2a3f531c	Purpose of use is published rather than gated	FOLLOW_PARENT	
analytics-consent	Settings exposes Analytics and Session-replay opt-out toggles	0	e71027f8	Both toggles default to on	FOLLOW_PARENT	
analytics-consent	Settings exposes Analytics and Session-replay opt-out toggles	1	56a7cdd5	User disables session replay but keeps event analytics	FOLLOW_PARENT	
analytics-consent	Full non-PII catalogue is captured anonymously before identification	0	761b0f5f	Anonymous visitor's full discovery behaviour is captured	FOLLOW_PARENT	
analytics-consent	Full non-PII catalogue is captured anonymously before identification	1	15cbc199	Opted-out authenticated user generates no telemetry	FOLLOW_PARENT	
analytics-consent	Anonymous behaviour is merged into the identified profile on login	0	f9788322	Pre-signup discovery connects to post-signup conversion	FOLLOW_PARENT	
analytics-consent	Sensitive personal information is structurally excluded; minor-user legality is deferred to legal review	0	8e5c6692	A sensitive property is rejected before emission	FOLLOW_PARENT	
analytics-consent	Sensitive personal information is structurally excluded; minor-user legality is deferred to legal review	1	bc873284	Session replay never records a sensitive region	FOLLOW_PARENT	
analytics-consent	Analytics opt-out state is persisted and user-controllable from settings	0	a26626a4	User opts out of analytics from settings	FOLLOW_PARENT	
analytics-consent	Analytics opt-out state is persisted and user-controllable from settings	1	35010e23	User re-enables analytics after opting out	FOLLOW_PARENT	
apex-frontend-serving	Apex hostname SHALL be served end-to-end via the GKE Gateway with a Google-managed TLS certificate	0	ddf1f74e	Apex A record resolves to the shared prod static IP	FOLLOW_PARENT	
apex-frontend-serving	Apex hostname SHALL be served end-to-end via the GKE Gateway with a Google-managed TLS certificate	1	9009d786	Apex receives a Google-managed Certificate scoped to the single hostname	FOLLOW_PARENT	
apex-frontend-serving	Apex hostname SHALL be served end-to-end via the GKE Gateway with a Google-managed TLS certificate	2	d50971ae	Apex certificate bound to the shared certificate map	FOLLOW_PARENT	
apex-frontend-serving	Apex hostname SHALL be served end-to-end via the GKE Gateway with a Google-managed TLS certificate	3	355d0aa7	ACME DNS-01 challenge CNAME is hosted in the Cloudflare zone	FOLLOW_PARENT	
apex-frontend-serving	Apex serving SHALL route to the `fan-web-app` frontend Service via HTTPRoute hostname matching	0	27631d56	Frontend HTTPRoute binds apex hostname	FOLLOW_PARENT	
apex-frontend-serving	Apex serving SHALL route to the `fan-web-app` frontend Service via HTTPRoute hostname matching	1	68932e95	Apex traffic reaches the frontend SPA	FOLLOW_PARENT	
apex-frontend-serving	Apex serving SHALL NOT use Cloudflare Proxy on initial deploy	0	5a6b9ebc	Apex A record is DNS-only	FOLLOW_PARENT	
apex-frontend-serving	Apex serving SHALL NOT use Cloudflare Proxy on initial deploy	1	f008d530	Cert pinning observation	FOLLOW_PARENT	
apex-frontend-serving	Apex serving prod-stack resources SHALL be `protect: true`	0	10035cbd	Apex A record is protect-flagged	FOLLOW_PARENT	
apex-frontend-serving	Apex serving prod-stack resources SHALL be `protect: true`	1	cafc552e	Apex cert chain is protect-flagged	FOLLOW_PARENT	
apex-frontend-serving	Apex serving prod-stack resources SHALL be `protect: true`	2	53f64a44	Dev-stack apex-equivalent resources are NOT protect-flagged	FOLLOW_PARENT	
api-rate-limiting	Per-user rate limiting for authenticated endpoints	0	adc7134d	Authenticated user within rate limit	FOLLOW_PARENT	
api-rate-limiting	Per-user rate limiting for authenticated endpoints	1	ee8e202f	Authenticated user exceeds rate limit	FOLLOW_PARENT	
api-rate-limiting	Per-user rate limiting for authenticated endpoints	2	a7e23f11	Different users have independent rate limits	FOLLOW_PARENT	
api-rate-limiting	Per-IP rate limiting for unauthenticated endpoints	0	aea77caa	Anonymous client within rate limit	FOLLOW_PARENT	
api-rate-limiting	Per-IP rate limiting for unauthenticated endpoints	1	e1c4ccfb	Anonymous client exceeds rate limit	FOLLOW_PARENT	
api-rate-limiting	Per-IP rate limiting for unauthenticated endpoints	2	ce3dd0d9	IP extraction from X-Forwarded-For	FOLLOW_PARENT	
api-rate-limiting	Rate limiter interceptor placement	0	695500fe	Rate-limited request is traced and logged	FOLLOW_PARENT	
api-rate-limiting	Rate limiter interceptor placement	1	9a2f80d6	Health check endpoints are exempt	FOLLOW_PARENT	
api-rate-limiting	Rate limiter memory management	0	5fd44523	Idle limiter eviction	FOLLOW_PARENT	
api-rate-limiting	Rate limiter memory management	1	d4d176d6	Evicted user resumes activity	FOLLOW_PARENT	
api-rate-limiting	Rate limit configuration via environment variables	0	8a9bbb16	Custom authenticated rate limit	FOLLOW_PARENT	
api-rate-limiting	Rate limit configuration via environment variables	1	c8f62a63	Default values when not configured	FOLLOW_PARENT	
app-error-log-alerting	Error log detection per workload	0	91025eda	Server emits an ERROR log	FOLLOW_PARENT	
app-error-log-alerting	Error log detection per workload	1	83d47842	Consumer emits an ERROR log	FOLLOW_PARENT	
app-error-log-alerting	Error log detection per workload	2	ae08b59e	Concert-discovery CronJob emits an ERROR log	FOLLOW_PARENT	
app-error-log-alerting	Error log detection per workload	3	b84f3523	Sales-phase-discovery CronJob emits an ERROR log	FOLLOW_PARENT	
app-error-log-alerting	Error log detection per workload	4	e9a3ddcf	WARN-level log does not trigger alert	FOLLOW_PARENT	
app-error-log-alerting	Discovery CronJob failure observability	0	169e2786	Handled failure — job logs ERROR and exits 0	FOLLOW_PARENT	
app-error-log-alerting	Discovery CronJob failure observability	1	412367dc	Abrupt termination is out of scope	FOLLOW_PARENT	
app-error-log-alerting	Discovery CronJob failure observability	2	91cc4bd8	New discovery CronJob is introduced	FOLLOW_PARENT	
app-error-log-alerting	Atlas Operator migration failure detection	0	d65b82b0	Atlas migration fails with a transient error	FOLLOW_PARENT	
app-error-log-alerting	Atlas Operator migration failure detection	1	06545592	Atlas migration exceeds backoff limit	FOLLOW_PARENT	
app-error-log-alerting	Atlas Operator migration failure detection	2	97e41fe1	Atlas migration succeeds	FOLLOW_PARENT	
app-error-log-alerting	Atlas migration alert uses same notification and rate limiting as backend alerts	0	e43ff2d9	Multiple migration failures within 12 hours	FOLLOW_PARENT	
app-error-log-alerting	Notification via Slack	0	56593073	ERROR log triggers Slack notification	FOLLOW_PARENT	
app-error-log-alerting	Notification via Slack	1	15b88819	Slack Notification Channel is created via GCP Console	FOLLOW_PARENT	
app-error-log-alerting	Notification via Google Chat	0	8fe69bf4	ERROR log triggers Google Chat notification	FOLLOW_PARENT	
app-error-log-alerting	Notification via Google Chat	1	00a51eb5	Atlas migration failure triggers Google Chat notification	FOLLOW_PARENT	
app-error-log-alerting	Notification via Google Chat	2	1c90e3fc	Google Chat Notification Channel is created via Pulumi	FOLLOW_PARENT	
app-error-log-alerting	Notification via Google Chat	3	d150b8c2	Google Chat space requires Monitoring app pre-installed	FOLLOW_PARENT	
app-error-log-alerting	Notification rate limiting	0	89c3d158	Multiple ERROR logs within 12 hours	FOLLOW_PARENT	
app-error-log-alerting	Incident auto-close	0	c804f474	ERROR logs stop for 1 hour	FOLLOW_PARENT	
app-error-log-alerting	Incident auto-close	1	357766ae	New ERROR after auto-close	FOLLOW_PARENT	
app-error-log-alerting	Error context in alert labels	0	04ef63c3	Notification includes error context	FOLLOW_PARENT	
app-error-log-alerting	Error Reporting API enabled	0	2bff330e	Error Reporting detects errors	FOLLOW_PARENT	
app-error-log-alerting	Infrastructure as Code	0	5be78310	Pulumi deployment creates monitoring resources	FOLLOW_PARENT	
app-error-log-alerting	Gemini client-cancelled errors classified as client error	0	228e1c77	Gemini API returns HTTP 499	FOLLOW_PARENT	
app-error-log-alerting	Gemini client-cancelled errors classified as client error	1	ad622cab	Server-side deadline exceeded is still logged	FOLLOW_PARENT	
app-error-log-alerting	Infrastructure layer preserves original error types	0	f88ed9de	context.Canceled from database query	FOLLOW_PARENT	
app-error-log-alerting	Infrastructure layer preserves original error types	1	860837b2	Known pgx error is still mapped to AppErr	FOLLOW_PARENT	
app-error-log-alerting	Infrastructure layer preserves original error types	2	4f1b92ca	PostgreSQL constraint violation is still mapped to AppErr	FOLLOW_PARENT	
app-error-log-alerting	Standard slog output uses structured JSON format	0	7bca78e3	NATS connection retry logged as INFO/WARN	FOLLOW_PARENT	
app-error-log-alerting	Standard slog output uses structured JSON format	1	15d975ba	NATS connection established after retry	FOLLOW_PARENT	
app-shell-layout	Brand Identity Elements	0	76316c76	Page title displays service name	FOLLOW_PARENT	
app-shell-layout	Brand Identity Elements	1	20436cdd	Favicon and PWA icons	FOLLOW_PARENT	
app-shell-layout	Brand Identity Elements	2	626ab20d	Web app manifest declares the service name	FOLLOW_PARENT	
app-shell-layout	Brand Identity Elements	3	d9db6a8a	Theme color is consistent across HTML and manifest	FOLLOW_PARENT	
app-shell-layout	Conditional Navigation Display	0	3c430eae	App shell uses CSS Grid layout with named areas	FOLLOW_PARENT	
app-shell-layout	Conditional Navigation Display	1	ad70e1d0	Navigation hidden on Landing Page and auth callback only	FOLLOW_PARENT	
app-shell-layout	Conditional Navigation Display	2	1512ec46	Navigation shown during onboarding (discover, dashboard, my-artists)	FOLLOW_PARENT	
app-shell-layout	Conditional Navigation Display	3	bc0893d2	Navigation shown on post-onboarding routes	FOLLOW_PARENT	
app-shell-layout	Conditional Navigation Display	4	3145125a	Navigation remains visible beneath area setup dialog	FOLLOW_PARENT	
app-shell-layout	Conditional Navigation Display	5	abc9f3bf	Dashboard icon data attribute for coach mark targeting	FOLLOW_PARENT	
app-shell-layout	Conditional Navigation Display	6	c4e31f97	Pages do not compensate for navigation bar height	FOLLOW_PARENT	
app-shell-layout	Route components own page structure	0	a1a4f31b	Route provides header and main landmarks	FOLLOW_PARENT	
app-shell-layout	Route components own page structure	1	fa9b36f0	Route `:scope` declares grid layout with areas	FOLLOW_PARENT	
app-shell-layout	Route components own page structure	2	75226e13	No page-shell wrapper	FOLLOW_PARENT	
app-shell-layout	Route components own page structure	3	07c877b7	App-shell does not style child custom elements	FOLLOW_PARENT	
app-shell-layout	Stale-data warning uses overlay pattern	0	57ae7c2e	Stale banner appears as fixed overlay	FOLLOW_PARENT	
app-shell-layout	Stale-data warning uses overlay pattern	1	d3416b57	Stale banner does not affect scroll behavior	FOLLOW_PARENT	
app-shell-layout	Semantic HTML structure	0	e7027820	Lists use list elements	FOLLOW_PARENT	
app-shell-layout	Semantic HTML structure	1	24925714	Page headers use header element	FOLLOW_PARENT	
app-shell-layout	Semantic HTML structure	2	c0668a2d	Search UI uses search element	FOLLOW_PARENT	
app-shell-layout	Semantic HTML structure	3	af0dd4bb	Supplementary banners use aside element	FOLLOW_PARENT	
app-shell-layout	Semantic HTML structure	4	caefef1d	Loading states use ARIA busy	FOLLOW_PARENT	
app-shell-layout	Page Transition Animations	0	aacd0f7d	Forward navigation transition	FOLLOW_PARENT	
app-shell-layout	Page Transition Animations	1	f2e1023c	Backward navigation transition	FOLLOW_PARENT	
app-shell-layout	Page Transition Animations	2	85c3755c	Reduced motion preference	FOLLOW_PARENT	
app-shell-layout	Auth Status UI Redesign	0	e5aaaf40	Authenticated user display	FOLLOW_PARENT	
app-shell-layout	Auth Status UI Redesign	1	23461db3	Unauthenticated user display	FOLLOW_PARENT	
app-shell-layout	Notification Prompt Placement	0	2a4954b7	Notification prompt rendered in app shell when eligible	FOLLOW_PARENT	
app-shell-layout	Notification Prompt Placement	1	61ccaea2	Notification prompt hidden during onboarding routes	FOLLOW_PARENT	
app-shell-layout	Notification Prompt Placement	2	693367b6	Notification prompt removed from dashboard route	FOLLOW_PARENT	
app-shell-layout	PWA Install Prompt i18n	0	2cf975b0	PWA install prompt displays localized text	FOLLOW_PARENT	
app-shell-layout	Prompt Entrance and Exit Animations	0	af51cbca	Prompt entrance animation	FOLLOW_PARENT	
app-shell-layout	Prompt Entrance and Exit Animations	1	02a68218	Prompt exit animation	FOLLOW_PARENT	
app-shell-layout	Prompt Entrance and Exit Animations	2	4bcd99b1	Reduced motion preference	FOLLOW_PARENT	
app-shell-layout	App shell hosts the global FAB action launcher	0	e188bfa0	Launcher present with the navigation bar	FOLLOW_PARENT	
app-shell-layout	App shell hosts the global FAB action launcher	1	2592a275	Launcher absent on fullscreen routes	FOLLOW_PARENT	
app-shell-layout	App shell hosts the global FAB action launcher	2	ef7f0aac	Navigation height is published for offset	FOLLOW_PARENT	
app-shell-layout	Instant page-identity switch on navigation intent	0	4140fd6a	Header title and active tab switch on tap before content loads	FOLLOW_PARENT	
app-shell-layout	Instant page-identity switch on navigation intent	1	3517e8d1	Optimistic switch on navigation start	FOLLOW_PARENT	
app-shell-layout	Instant page-identity switch on navigation intent	2	2e091eb5	Confirmation on navigation end	FOLLOW_PARENT	
app-shell-layout	Instant page-identity switch on navigation intent	3	6f54bf86	Rollback on navigation error	FOLLOW_PARENT	
app-shell-layout	Instant page-identity switch on navigation intent	4	841b9566	Header and nav are not gated by the content transition	FOLLOW_PARENT	
app-shell-layout	Instant page-identity switch on navigation intent	5	83ef25bb	Dynamic route titles update the shared state	FOLLOW_PARENT	
argocd-deployment-alerts	ArgoCD Notifications controller is enabled	0	76cf36f4	Notifications controller is running	FOLLOW_PARENT	
argocd-deployment-alerts	ArgoCD Notifications controller is enabled	1	d4680e1e	Notifications controller has resource constraints	FOLLOW_PARENT	
argocd-deployment-alerts	Google Chat webhook service is configured	0	de58892a	Service references webhook URL from Secret	FOLLOW_PARENT	
argocd-deployment-alerts	Google Chat webhook service is configured	1	d99dc1ea	Webhook URL is managed through ESO	FOLLOW_PARENT	
argocd-deployment-alerts	Default triggers notify on error conditions	0	a0527985	Sync failure triggers notification	FOLLOW_PARENT	
argocd-deployment-alerts	Default triggers notify on error conditions	1	ae1db11a	Health degradation triggers notification	FOLLOW_PARENT	
argocd-deployment-alerts	Default triggers notify on error conditions	2	efd7e9ca	Unknown sync status triggers notification	FOLLOW_PARENT	
argocd-deployment-alerts	Default triggers notify on error conditions	3	b97e708d	New applications automatically receive triggers	FOLLOW_PARENT	
argocd-deployment-alerts	ArgoCD secrets are isolated from backend secrets	0	574183f2	Dedicated ClusterSecretStore for ArgoCD	FOLLOW_PARENT	
argocd-deployment-alerts	ArgoCD secrets are isolated from backend secrets	1	b18b9622	Backend ClusterSecretStore is unchanged	FOLLOW_PARENT	
argocd-deployment-alerts	Webhook URL is stored in Pulumi ESC and GCP Secret Manager	0	0e4797a6	Webhook URL is provisioned via Pulumi	FOLLOW_PARENT	
argocd-deployment-alerts	Webhook URL is stored in Pulumi ESC and GCP Secret Manager	1	2243d440	Only ESO SA has access to the webhook secret	FOLLOW_PARENT	
argocd-gateway-deployment	Cluster-Level Application	0	c5b978aa	Cluster app deployed	FOLLOW_PARENT	
argocd-gateway-deployment	Cluster-Level Application	1	a2143053	Namespace isolation ensured	FOLLOW_PARENT	
argocd-gateway-deployment	Gateway-Level Application	0	c569fe35	Gateway app deployed independently	FOLLOW_PARENT	
argocd-gateway-deployment	Gateway-Level Application	1	36b1f71f	Gateway app does not trigger backend redeploy	FOLLOW_PARENT	
argocd-gateway-deployment	Backend Application	0	baf394d9	Backend app deployed	FOLLOW_PARENT	
argocd-gateway-deployment	Backend Application	1	39e8c94c	Backend app independent lifecycle	FOLLOW_PARENT	
argocd-gateway-deployment	GitOps Synchronization	0	c9daf8a3	Manual sync	FOLLOW_PARENT	
argocd-gateway-deployment	GitOps Synchronization	1	ec375d72	Automated sync (future)	FOLLOW_PARENT	
argocd-gateway-deployment	Application Dependency Ordering	0	3592611b	Cluster created first	FOLLOW_PARENT	
argocd-gateway-deployment	Application Dependency Ordering	1	da7727da	Gateway and backend independent	FOLLOW_PARENT	
argocd-gateway-deployment	Application Status Visibility	0	3329de7e	Application status reported	FOLLOW_PARENT	
argocd-gateway-deployment	Rollback Capability	0	6f79337d	Rollback to previous config	FOLLOW_PARENT	
argocd-gateway-deployment	Prod overlay minimizes Argo CD Pod count	0	0bd95c2e	argocd-server runs with single replica in prod	FOLLOW_PARENT	
argocd-gateway-deployment	Prod overlay minimizes Argo CD Pod count	1	666b72eb	image-updater-controller replicas are 0 in prod	FOLLOW_PARENT	
argocd-gateway-deployment	Prod overlay minimizes Argo CD Pod count	2	14c1fdf9	Disabled non-essential controllers are documented	FOLLOW_PARENT	
argocd-gateway-deployment	dev overlay is unaffected	0	ffed9759	dev overlay does not patch replicas	FOLLOW_PARENT	
argocd-image-automation	Image Updater monitors container registry	0	593d8fcd	New image digest detected	FOLLOW_PARENT	
argocd-image-automation	Image Updater monitors container registry	1	1e368933	No update for same digest	FOLLOW_PARENT	
argocd-image-automation	In-cluster parameter override for dev	0	3a5c3212	Dev Application parameter override updated	FOLLOW_PARENT	
argocd-image-automation	In-cluster parameter override for dev	1	435da1bf	ArgoCD syncs after parameter override	FOLLOW_PARENT	
argocd-image-automation	Parameter override recovery after Application recreation	0	5f74f60a	Application recreated by root-app sync	FOLLOW_PARENT	
argocd-image-automation	Production deployments remain manual	0	1133cf44	Prod image requires manual update	FOLLOW_PARENT	
argocd-image-automation	Production deployments remain manual	1	9f417343	Prod overlay has no ImageUpdater CR	FOLLOW_PARENT	
argocd-image-automation	Production deployments remain manual	2	c9c9f443	image-updater-controller is not running in prod cluster	FOLLOW_PARENT	
argocd-image-automation	Production deployments remain manual	3	413eb1e8	dev cluster continues to run image-updater	FOLLOW_PARENT	
argocd-image-automation	Image pull policy enforcement	0	38be7956	Always pull for latest tag	FOLLOW_PARENT	
argocd-image-automation	Multiple image support	0	7fb3a841	Backend server image auto-update	FOLLOW_PARENT	
argocd-image-automation	Multiple image support	1	08d0a7d1	Frontend fan-web image auto-update	FOLLOW_PARENT	
argocd-image-automation	Rollback capability	0	2e98450f	Rollback via ArgoCD UI	FOLLOW_PARENT	
argocd-image-automation	Rollback capability	1	d8d2a4cd	Manual image override	FOLLOW_PARENT	
argocd-image-automation	Failure handling	0	bf234da5	Registry connection failure	FOLLOW_PARENT	
argocd-image-automation	Failure handling	1	c7a96ded	ArgoCD API failure	FOLLOW_PARENT	
artist-auto-persist	Auto-persist external artists during ListTop	0	df042291	First call for a country with no cached artists	FOLLOW_PARENT	
artist-auto-persist	Auto-persist external artists during ListTop	1	15f51681	Repeated call returns artists with stable IDs	FOLLOW_PARENT	
artist-auto-persist	Auto-persist external artists during ListTop	2	206d9c6d	External artist already exists in database	FOLLOW_PARENT	
artist-auto-persist	Auto-persist external artists during ListSimilar	0	4b4e2826	Similar artists persisted on discovery	FOLLOW_PARENT	
artist-auto-persist	Handle artists without MBID	0	9aba78fc	Artist with empty MBID	FOLLOW_PARENT	
artist-discovery-dna-orb-ui	DNA Extraction UI Concept	0	6aaad2f0	Initial bubble display with DNA Orb	FOLLOW_PARENT	
artist-discovery-dna-orb-ui	DNA Extraction UI Concept	1	8495c038	Per-artist bubble color differentiation	FOLLOW_PARENT	
artist-discovery-dna-orb-ui	DNA Extraction UI Concept	2	8b4e8230	Onboarding guidance overlay	FOLLOW_PARENT	
artist-discovery-dna-orb-ui	DNA Extraction UI Concept	3	2f9a77a9	Background visual depth	FOLLOW_PARENT	
artist-discovery-dna-orb-ui	Bubble Absorption Animation	0	a149edcc	Artist selection bursts then absorbs	FOLLOW_PARENT	
artist-discovery-dna-orb-ui	Bubble Absorption Animation	1	6e380e4c	Color injection uses bubble's existing hue	FOLLOW_PARENT	
artist-discovery-dna-orb-ui	Bubble Absorption Animation	2	32667bc7	Orb visual evolution with stage-level escalation	FOLLOW_PARENT	
artist-discovery-dna-orb-ui	Bubble Absorption Animation	3	7df5da97	First follow has maximum visual impact	FOLLOW_PARENT	
artist-discovery-dna-orb-ui	Bubble Absorption Animation	4	b8890ac5	Effective swirl combines base and transient	FOLLOW_PARENT	
artist-discovery-dna-orb-ui	Bubble Burst On Tap	0	c9d54f38	Bubble over-inflates then ruptures	FOLLOW_PARENT	
artist-discovery-dna-orb-ui	Bubble Burst On Tap	1	b34006ef	Burst sprays luminous droplets in the bubble's hue	FOLLOW_PARENT	
artist-discovery-dna-orb-ui	Bubble Burst On Tap	2	a5fdae05	Burst hands off to absorption	FOLLOW_PARENT	
artist-discovery-dna-orb-ui	Bubble Burst On Tap	3	132899cb	Reduced motion suppresses the burst	FOLLOW_PARENT	
artist-discovery-dna-orb-ui	Orb respects prefers-reduced-motion	0	3ce03260	Reduced motion user follows an artist	FOLLOW_PARENT	
artist-discovery-dna-orb-ui	Dynamic Toast Notifications for Live Events	0	66bf759e	Live event notification on artist follow	FOLLOW_PARENT	
artist-discovery-dna-orb-ui	Dynamic Toast Notifications for Live Events	1	e018f28f	No notification for artists without events	FOLLOW_PARENT	
artist-discovery-dna-orb-ui	Similar Artist Chain Reaction	0	56da0fda	Similar artist bubble spawning	FOLLOW_PARENT	
artist-discovery-dna-orb-ui	Similar Artist Chain Reaction	1	9d6ccf26	Follow RPC called on bubble tap	FOLLOW_PARENT	
artist-discovery-dna-orb-ui	Similar Artist Chain Reaction	2	c1857791	Similar artist spawning after search follow	FOLLOW_PARENT	
artist-discovery-dna-orb-ui	Search result item is fully tappable	0	2afb6913	Full row tap to follow	FOLLOW_PARENT	
artist-discovery-dna-orb-ui	Search result item is fully tappable	1	ca547561	Visual affordance for tappable rows	FOLLOW_PARENT	
artist-discovery-dna-orb-ui	Search result item is fully tappable	2	b70961da	Followed artist row is visually distinct and non-interactive	FOLLOW_PARENT	
artist-discovery-dna-orb-ui	Spawn and absorb API on canvas	0	6e620be2	spawnAndAbsorb creates and absorbs a bubble	FOLLOW_PARENT	
artist-discovery-dna-orb-ui	Completion Action via DNA Orb	0	e9452c80	Dashboard navigation button	FOLLOW_PARENT	
artist-discovery-dna-orb-ui	Physics-Based Bubble Animation	0	1a48b95d	Realistic bubble physics	FOLLOW_PARENT	
artist-discovery-dna-orb-ui	List followed artists from backend	0	25fdcf8d	Fetching followed artists	FOLLOW_PARENT	
artist-discovery-dna-orb-ui	List followed artists from backend	1	f6a62a1d	Bug fix verification	FOLLOW_PARENT	
artist-discovery-dna-orb-ui	Small-screen bubble and orb density adaptation	0	66b863cb	Bubble count is capped on narrow screens	FOLLOW_PARENT	
artist-discovery-dna-orb-ui	Small-screen bubble and orb density adaptation	1	ed87594f	Bubble count is uncapped on wider screens	FOLLOW_PARENT	
artist-discovery-dna-orb-ui	Small-screen bubble and orb density adaptation	2	02f66419	DNA Orb radius is constrained on narrow screens	FOLLOW_PARENT	
artist-discovery-dna-orb-ui	Small-screen bubble and orb density adaptation	3	1fec8272	DNA Orb radius follows follow-count on wider screens	FOLLOW_PARENT	
artist-discovery-dna-orb-ui	Small-screen bubble and orb density adaptation	4	1c9ec3a4	Bubble area top edge fades gracefully	FOLLOW_PARENT	
artist-discovery-dna-orb-ui	Small-screen bubble and orb density adaptation	5	1bd5fe89	DNA Orb grows from a fixed bottom baseline on narrow screens	FOLLOW_PARENT	
artist-discovery-dna-orb-ui	Small-screen bubble and orb density adaptation	6	2f83b743	Bubble field fills toward the orb on narrow screens	FOLLOW_PARENT	
artist-discovery-dna-orb-ui	Small-screen bubble and orb density adaptation	7	2321f35f	Bubble distribution is unchanged on wider screens	FOLLOW_PARENT	
artist-discovery-dna-orb-ui	Orb Activation Separates Gesture Celebration From Follow-Count State	0	95eaf5d2	Orb enters dormant regardless of total follow count	FOLLOW_PARENT	
artist-discovery-dna-orb-ui	Orb Activation Separates Gesture Celebration From Follow-Count State	1	a238afee	Non-gesture follow-count changes do not move the orb	FOLLOW_PARENT	
artist-discovery-dna-orb-ui	Orb Activation Separates Gesture Celebration From Follow-Count State	2	782bdd8f	A genuine follow both advances the stage and celebrates	FOLLOW_PARENT	
artist-discovery-dna-orb-ui	Orb Activation Separates Gesture Celebration From Follow-Count State	3	b82293d5	Unfollow does not move the orb or celebrate	FOLLOW_PARENT	
artist-discovery-dna-orb-ui	Orb Activation Separates Gesture Celebration From Follow-Count State	4	9dcd62c9	Stage transitions are eased and preserve transient effects	FOLLOW_PARENT	
artist-discovery-dna-orb-ui	Orb Activation Separates Gesture Celebration From Follow-Count State	5	faecb4ac	Zero follows this session is dormant with no spurious activation	FOLLOW_PARENT	
artist-following	Follow Relationship Data Model	0	8aa6363a	Passion level stored on follow relationship	FOLLOW_PARENT	
artist-following	Follow Relationship Data Model	1	5cb56280	Successfully following an artist	FOLLOW_PARENT	
artist-following	Follow Relationship Data Model	2	0fba703b	User record not found during follow	FOLLOW_PARENT	
artist-following	ListFollowed Response	0	3e83b0dc	Response uses FollowedArtist wrapper	FOLLOW_PARENT	
artist-following	ListFollowed Response	1	0f92a297	followedArtists observable updated after fetch (authenticated)	FOLLOW_PARENT	
artist-following	ListFollowed Response	2	865f7e05	followedArtists observable updated after fetch (guest)	FOLLOW_PARENT	
artist-following	ListFollowed Response	3	66b1fd93	followedArtists observable set to empty when no follows exist	FOLLOW_PARENT	
artist-following	ArtistFilterBar sheet initializes pendingIds from followedArtists	0	47ccd2bf	Empty followedArtists on openSheet	FOLLOW_PARENT	
artist-following	ArtistFilterBar sheet initializes pendingIds from followedArtists	1	fd30d256	Multiple followed artists on openSheet	FOLLOW_PARENT	
artist-following	ArtistFilterBar sheet initializes pendingIds from followedArtists	2	f8ee64dc	openSheet called twice resets pendingIds	FOLLOW_PARENT	
artist-following	Idempotent Unfollow Logic	0	f92e7e3b	Unfollowing an artist	FOLLOW_PARENT	
artist-following	Follow CTA in Event Detail Sheet	0	1ce012ce	Follow button visible for unfollowed artist in All Nearby context	FOLLOW_PARENT	
artist-following	Follow CTA in Event Detail Sheet	1	99ec3625	Follow button hidden in My Timetable context	FOLLOW_PARENT	
artist-following	Follow CTA in Event Detail Sheet	2	b94e4e1d	Follow action from detail sheet	FOLLOW_PARENT	
artist-following	Follow CTA in Event Detail Sheet	3	017a5cea	Follow button absent when artist data is unresolved	FOLLOW_PARENT	
artist-following	Follow CTA in Event Detail Sheet	4	0a6e14c2	No follow button for already-followed artist	FOLLOW_PARENT	
artist-following	Follow CTA in Event Detail Sheet	5	f5ca36b8	Follow prompt for unauthenticated user	FOLLOW_PARENT	
artist-image	Fanart Entity	0	5e126a8a	Fanart with all image types populated	FOLLOW_PARENT	
artist-image	Fanart Entity	1	83260519	Fanart with partial image types	FOLLOW_PARENT	
artist-image	Fanart Entity	2	703f7d09	Fanart with logo analysis	FOLLOW_PARENT	
artist-image	Best Image Selection	0	f2c8a7f6	Multiple images with different likes	FOLLOW_PARENT	
artist-image	Best Image Selection	1	801fa63e	Empty image slice	FOLLOW_PARENT	
artist-image	Fanart Proto Message	0	f787c3be	Artist with fanart data	FOLLOW_PARENT	
artist-image	Fanart Proto Message	1	34778b3c	Artist without fanart data	FOLLOW_PARENT	
artist-image	Fanart Proto Message	2	1628b4c4	Artist with logo analysis in fanart	FOLLOW_PARENT	
artist-image	Fanart Proto Mapper	0	f59d2e17	Mapper selects best images	FOLLOW_PARENT	
artist-image	Fanart Proto Mapper	1	00486ee4	Mapper includes logo analysis	FOLLOW_PARENT	
artist-image	Fanart Database Storage	0	20672b59	Fanart data persisted with analysis	FOLLOW_PARENT	
artist-image	Fanart Database Storage	1	1ea59ab2	Fanart data persisted without analysis	FOLLOW_PARENT	
artist-image	Fanart Database Storage	2	757832d8	Fanart data updated	FOLLOW_PARENT	
artist-image	ArtistImageResolver Interface	0	f3371ba1	Successful image resolution	FOLLOW_PARENT	
artist-image	ArtistImageResolver Interface	1	616f6386	No images found	FOLLOW_PARENT	
artist-image	ArtistImageResolver Interface	2	9c3c3e66	External service failure	FOLLOW_PARENT	
artist-image	fanart.tv API Client	0	5695c552	Successful API call	FOLLOW_PARENT	
artist-image	fanart.tv API Client	1	c4eeaf96	Artist not found on fanart.tv	FOLLOW_PARENT	
artist-image	fanart.tv API Client	2	acde3423	Rate limited	FOLLOW_PARENT	
artist-image	Immediate Image Fetch on Artist Creation	0	93723e13	New artist created with MBID	FOLLOW_PARENT	
artist-image	Immediate Image Fetch on Artist Creation	1	e0dfd73d	fanart.tv has no data for the artist	FOLLOW_PARENT	
artist-image	Immediate Image Fetch on Artist Creation	2	6d22ccb8	fanart.tv is unavailable	FOLLOW_PARENT	
artist-image	Periodic Image Sync CronJob	0	4fa49aac	Backfill artist without fanart	FOLLOW_PARENT	
artist-image	Periodic Image Sync CronJob	1	0a6b5b1d	Refresh stale fanart	FOLLOW_PARENT	
artist-image	Periodic Image Sync CronJob	2	e3234651	Circuit breaker activation	FOLLOW_PARENT	
artist-image	Periodic Image Sync CronJob	3	743d7a54	SIGTERM during processing	FOLLOW_PARENT	
artist-image-ui	Event Card Logo Display	0	80497308	Artist has hd_music_logo	FOLLOW_PARENT	
artist-image-ui	Event Card Logo Display	1	215f1ff0	Artist has only music_logo	FOLLOW_PARENT	
artist-image-ui	Event Card Logo Display	2	9cf85a5a	Artist has no logo	FOLLOW_PARENT	
artist-image-ui	Event Card Logo Display	3	ba07255c	Logo image fails to load	FOLLOW_PARENT	
artist-image-ui	Event Detail Sheet Hero Image	0	83ee3340	Artist has background image	FOLLOW_PARENT	
artist-image-ui	Event Detail Sheet Hero Image	1	ad25da2a	Artist has no background image	FOLLOW_PARENT	
artist-image-ui	Event Detail Sheet Hero Image	2	b1ab4d65	Hero image with gradient fade	FOLLOW_PARENT	
artist-image-ui	Fanart Data Propagation	0	5e3c0c06	ListFollowed returns artist with fanart	FOLLOW_PARENT	
artist-image-ui	Fanart Data Propagation	1	53f1787c	ListFollowed returns artist without fanart	FOLLOW_PARENT	
artist-image-ui	Fanart Data Propagation	2	7a3f272f	Dashboard events enriched with fanart	FOLLOW_PARENT	
artist-service-infrastructure	Standalone Artist Service	0	8be1bb2c	Service initialization	FOLLOW_PARENT	
artist-service-infrastructure	Standalone Artist Service	1	88d6b6b6	Artist response includes fanart	FOLLOW_PARENT	
artist-service-infrastructure	Standalone Artist Service	2	4d517c6a	Artist response without fanart	FOLLOW_PARENT	
artist-service-infrastructure	Unified Music Discovery Interface	0	3f54e33f	Multi-provider search	FOLLOW_PARENT	
artist-service-infrastructure	Unified Music Discovery Interface	1	d9f1a3eb	ListTop returns persisted artists	FOLLOW_PARENT	
artist-service-infrastructure	Unified Music Discovery Interface	2	da605175	ListSimilar returns persisted artists	FOLLOW_PARENT	
atlas-operator	Atlas Operator SHALL be installed in the GKE cluster	0	b3c07c9f	Operator deployment	FOLLOW_PARENT	
atlas-operator	Migrations SHALL be stored as ConfigMap	0	c7d66a1e	ConfigMap generation from migration files	FOLLOW_PARENT	
atlas-operator	AtlasMigration CRD SHALL connect as postgres user	0	518a4c08	Database connection via Secret reference	FOLLOW_PARENT	
atlas-operator	Migrations SHALL create the app schema and grant permissions	0	acd9ada9	Schema bootstrap migration	FOLLOW_PARENT	
atlas-operator	Backend repository SHALL host an Atlas migration prod overlay	0	e437d0ad	Prod overlay directory exists	FOLLOW_PARENT	
atlas-operator	Backend repository SHALL host an Atlas migration prod overlay	1	66da4315	Prod overlay renders cleanly	FOLLOW_PARENT	
atlas-operator	Backend repository SHALL host an Atlas migration prod overlay	2	27b239e3	ArgoCD prod backend-migrations Application reaches Synced/Healthy	FOLLOW_PARENT	
aurelia-reactivity	Watch-based reactive observation	0	d4bd3456	Component reacts to service state change	FOLLOW_PARENT	
aurelia-reactivity	Watch-based reactive observation	1	c230e6b2	Multiple properties watched	FOLLOW_PARENT	
aurelia-reactivity	Computed property caching	0	3a0a3b2d	Computed getter with automatic dependency tracking	FOLLOW_PARENT	
aurelia-reactivity	Computed property caching	1	747fa258	Simple getters remain undecorated	FOLLOW_PARENT	
aurelia-reactivity	Batched multi-property updates	0	e6b537fd	Batch prevents intermediate renders	FOLLOW_PARENT	
aurelia-reactivity	Batched multi-property updates	1	b3dfdbda	Optimistic UI updates excluded from batching	FOLLOW_PARENT	
aurelia-reactivity	Observable for side-effect properties	0	d8e1f223	Observable triggers side effect	FOLLOW_PARENT	
aurelia-reactivity	Collection observation via native Set binding	0	6a74e248	Template binding observes Set.has() reactively	FOLLOW_PARENT	
aurelia-reactivity	Collection observation via native Set binding	1	8104d05f	View model exposes Set via getter for template consumption	FOLLOW_PARENT	
aurelia-reactivity	Collection observation via native Set binding	2	24d6b89c	Method calls wrapping Set.has() are not reactive	FOLLOW_PARENT	
aurelia-template-optimization	Keyed list rendering	0	2806eea2	Event card list uses key binding	FOLLOW_PARENT	
aurelia-template-optimization	Keyed list rendering	1	86829e6a	Static navigation tabs use key binding	FOLLOW_PARENT	
aurelia-template-optimization	Keyed list rendering	2	4dd944e0	Dynamic filter lists use key binding	FOLLOW_PARENT	
aurelia-template-optimization	Switch-based multi-branch conditionals	0	8777115e	Icon selection uses switch binding	FOLLOW_PARENT	
aurelia-template-optimization	Show binding for frequently toggled elements	0	e4bbec5b	Bottom navigation bar visibility	FOLLOW_PARENT	
aurelia-template-optimization	Show binding for frequently toggled elements	1	3ad2d488	Loading skeleton states	FOLLOW_PARENT	
aurelia-template-optimization	Class binding syntax for conditional CSS classes	0	42d8c5e2	Single class toggle	FOLLOW_PARENT	
aurelia-template-optimization	Class binding syntax for conditional CSS classes	1	65dd1f97	Multi-class toggle on same condition	FOLLOW_PARENT	
aurelia-template-optimization	Class binding syntax for conditional CSS classes	2	37e17186	Mutually exclusive class groups	FOLLOW_PARENT	
aurelia-template-optimization	Debounce on search inputs	0	f1896e77	Search with immediate UI feedback	FOLLOW_PARENT	
aurelia-template-optimization	Debounce on search inputs	1	2f511cab	Search without immediate UI side effects	FOLLOW_PARENT	
aurelia-template-optimization	Throttle binding behavior on continuous event handlers	0	8d137623	Swipe gesture throttle	FOLLOW_PARENT	
aurelia-template-optimization	Date value converter	0	6acb3470	Short date format	FOLLOW_PARENT	
aurelia-template-optimization	Date value converter	1	33197dfa	Long date format	FOLLOW_PARENT	
aurelia-template-optimization	Date value converter	2	09e2a10c	Relative time format	FOLLOW_PARENT	
aurelia-template-optimization	Route title configuration	0	c7d998ff	Route title applied	FOLLOW_PARENT	
aurelia-template-optimization	Route title configuration	1	29a5be37	Fallback title	FOLLOW_PARENT	
authentication	Silent token refresh strategy	0	bc35dc82	Boot with valid access token	FOLLOW_PARENT	
authentication	Silent token refresh strategy	1	67c07069	Boot with expired access token	FOLLOW_PARENT	
authentication	Silent token refresh strategy	2	ca0c1cc0	Resume from idle with an expired access token	FOLLOW_PARENT	
authentication	Silent token refresh strategy	3	261864f8	Resume with a still-valid access token	FOLLOW_PARENT	
authentication	Silent token refresh strategy	4	f49fac65	No background timer	FOLLOW_PARENT	
authentication	Silent token refresh strategy	5	defca3bf	Reactive refresh retries the original request once	FOLLOW_PARENT	
authentication	Silent token refresh strategy	6	b72bd01d	Refresh-and-retry is bounded to once per request	FOLLOW_PARENT	
authentication	Silent token refresh strategy	7	337cd86f	Concurrent triggers share one refresh (single-flight)	FOLLOW_PARENT	
authentication	JWT Token Validation	0	51ed6899	Valid Token	FOLLOW_PARENT	
authentication	JWT Token Validation	1	f25df730	Invalid Token	FOLLOW_PARENT	
authentication	User ID Propagation	0	9668f2c0	Authenticated Request	FOLLOW_PARENT	
authentication	Authenticated Endpoint Protection	0	f34bdcae	Request without Authorization header	FOLLOW_PARENT	
authentication	Authenticated Endpoint Protection	1	caa50bba	Request with valid Authorization header	FOLLOW_PARENT	
authentication	Authenticated Endpoint Protection	2	74b9f3b5	Request with invalid Authorization header	FOLLOW_PARENT	
authentication	Authenticated Endpoint Protection	3	46004262	Claims bridge interceptor position in chain	FOLLOW_PARENT	
authentication	Public Endpoint Access	0	26eac27f	Health check without token	FOLLOW_PARENT	
authentication	Public Endpoint Access	1	6257c4db	RPC endpoint without token	FOLLOW_PARENT	
authentication	Email Verified Claim Injection	0	848e3808	Human user with verified email	FOLLOW_PARENT	
authentication	Email Verified Claim Injection	1	2f2e243d	Human user with unverified email	FOLLOW_PARENT	
authentication	Email Verified Claim Injection	2	96b99203	Machine user (service account)	FOLLOW_PARENT	
authentication	Validate Zitadel Actions v2 Webhook JWTs by Signature	0	9f56a63a	Webhook request with valid JWT signature passes verification	FOLLOW_PARENT	
authentication	Validate Zitadel Actions v2 Webhook JWTs by Signature	1	e3a92fbb	Webhook request with invalid signature is rejected	FOLLOW_PARENT	
authentication	Validate Zitadel Actions v2 Webhook JWTs by Signature	2	9acfaaec	Webhook JWT validator shares the existing JWKS cache	FOLLOW_PARENT	
authentication	JWKS Caching	0	e7540b9a	JWKS cache initialized on startup and refreshed periodically	FOLLOW_PARENT	
authentication	Token Validation Performance	0	0244bcaa	Token validation stays within the latency budget	FOLLOW_PARENT	
authentication	Authentication Error Handling	0	63dc5575	Missing Authorization Header	FOLLOW_PARENT	
authentication	Authentication Error Handling	1	f58a27be	Malformed Token	FOLLOW_PARENT	
authentication	Authentication Error Handling	2	9b0b6e4d	Expired Token	FOLLOW_PARENT	
authentication	Graceful session re-authentication	0	0e0519ed	Recoverable expiry is invisible	FOLLOW_PARENT	
authentication	Graceful session re-authentication	1	72a984a3	Unrecoverable expiry shows a neutral state, not the raw error	FOLLOW_PARENT	
authentication	Graceful session re-authentication	2	d14dbf4c	Forced logout clears user data like a voluntary sign-out	FOLLOW_PARENT	
authentication	Graceful session re-authentication	3	92858e3b	User returns to where they were after involuntary re-auth	FOLLOW_PARENT	
authentication	Graceful session re-authentication	4	1e7a9a61	Guest 401 propagates without refresh or logout	FOLLOW_PARENT	
auto-concert-discovery	Scheduled Concert Discovery Job	0	6793a9b9	Daily execution in production	FOLLOW_PARENT	
auto-concert-discovery	Scheduled Concert Discovery Job	1	d258fbca	Weekly execution in dev	FOLLOW_PARENT	
auto-concert-discovery	Scheduled Concert Discovery Job	2	6ec7452f	Organizer-represented artist is skipped before search	FOLLOW_PARENT	
auto-concert-discovery	Circuit Breaker on Consecutive Failures	0	61d43083	3 consecutive errors triggers stop	FOLLOW_PARENT	
auto-concert-discovery	Circuit Breaker on Consecutive Failures	1	97f490f4	Successful search resets error counter	FOLLOW_PARENT	
auto-concert-discovery	Circuit Breaker on Consecutive Failures	2	45160660	Individual artist failure is non-fatal	FOLLOW_PARENT	
auto-concert-discovery	Job Always Exits Successfully	0	b174009a	All artists fail	FOLLOW_PARENT	
auto-concert-discovery	Job Always Exits Successfully	1	b4885af7	Partial success	FOLLOW_PARENT	
auto-concert-discovery	Job-Specific Dependency Injection	0	e19a4c3e	Job initialization	FOLLOW_PARENT	
auto-concert-discovery	Job-Specific Dependency Injection	1	22dd96a2	Graceful resource cleanup	FOLLOW_PARENT	
auto-concert-discovery	Gemini Response Resilience	0	efdece97	FinishReason is not STOP	FOLLOW_PARENT	
auto-concert-discovery	Gemini Response Resilience	1	833dc2db	Gemini returns invalid JSON with FinishReason STOP	FOLLOW_PARENT	
auto-concert-discovery	Gemini Response Resilience	2	bc3ecb04	Valid JSON with unexpected structure	FOLLOW_PARENT	
auto-concert-discovery	Gemini Response Resilience	3	2ec5ed86	Successful response after transient retry	FOLLOW_PARENT	
auto-concert-discovery	Consumer JetStream Delivery Policy	0	e8d006dd	First consumer creation after state loss	FOLLOW_PARENT	
auto-concert-discovery	Consumer JetStream Delivery Policy	1	05079869	Consumer reconnects to existing durable	FOLLOW_PARENT	
auto-concert-discovery	Consumer JetStream Acknowledgement Policy	0	4195f6c8	Successful message processing	FOLLOW_PARENT	
auto-concert-discovery	Consumer JetStream Acknowledgement Policy	1	c8000bd4	Simultaneous pod scale-down	FOLLOW_PARENT	
auto-discovery-series-grouping	Tour Events Group Into a Single Series	0	93f2e488	Multi-stop tour creates one TOUR series	FOLLOW_PARENT	
auto-discovery-series-grouping	Tour Events Group Into a Single Series	1	b779ad72	Single-date tour block still yields a TOUR series	FOLLOW_PARENT	
auto-discovery-series-grouping	Series Identity Is Adopted From Member Events	0	6a8c1ce3	Re-discovery adopts the existing series	FOLLOW_PARENT	
auto-discovery-series-grouping	Series Identity Is Adopted From Member Events	1	f242ecca	A genuinely new tour mints a fresh series	FOLLOW_PARENT	
auto-discovery-series-grouping	Series Identity Is Adopted From Member Events	2	3022412b	Divergent-title co-headline tour converges to one series	FOLLOW_PARENT	
auto-discovery-series-grouping	Events Deduplicate On Physical Natural Key	0	913b95cd	Matinee and evening shows are distinct events	FOLLOW_PARENT	
auto-discovery-series-grouping	Events Deduplicate On Physical Natural Key	1	46ad0093	Same physical show discovered via two artists is one event	FOLLOW_PARENT	
auto-discovery-series-grouping	Events Deduplicate On Physical Natural Key	2	ae1a9382	Two unpublished-time shows at one venue/date collapse	FOLLOW_PARENT	
auto-discovery-series-grouping	Event Identity Is Resolved In The Application	0	f41b4a2f	Later-announced start time fills the existing row	FOLLOW_PARENT	
auto-discovery-series-grouping	Event Identity Is Resolved In The Application	1	967ff9db	A new start time at a known venue/date is a new event	FOLLOW_PARENT	
auto-discovery-series-grouping	SeriesType Assigned From Source Classification	0	13813990	Multi-day standalone stays SINGLE	FOLLOW_PARENT	
auto-discovery-series-grouping	SeriesType Assigned From Source Classification	1	8290b5d3	Standalone is not grouped into a tour	FOLLOW_PARENT	
auto-discovery-series-grouping	Multi-Hall Venues Are Disambiguated By venue_id	0	0d02ff80	Different halls on the same date are distinct events	FOLLOW_PARENT	
auto-discovery-series-grouping	Residual Grouping Ambiguities Are Logged, Not Fatal	0	8f71ebff	Late additional dates after full rotation may split	FOLLOW_PARENT	
auto-discovery-series-grouping	Residual Grouping Ambiguities Are Logged, Not Fatal	1	cd42bbff	Hall name omitted by one source may split	FOLLOW_PARENT	
auto-discovery-series-grouping	Residual Grouping Ambiguities Are Logged, Not Fatal	2	4edb5843	Cross-source start-time disagreement may split	FOLLOW_PARENT	
auto-discovery-series-grouping	Approval Preserves Series Grouping And Type	0	0dba0d3c	Approving a staged tour event joins the tour series	FOLLOW_PARENT	
auto-discovery-series-grouping	Approval Preserves Series Grouping And Type	1	c39a8936	SeriesType is preserved through approval	FOLLOW_PARENT	
auto-discovery-series-grouping	Approval Preserves Series Grouping And Type	2	24f7b58e	All-staged series already has its series row	FOLLOW_PARENT	
auto-discovery-series-grouping	Approval Preserves Series Grouping And Type	3	396b6fb0	A fully-rejected series leaves no orphaned data	FOLLOW_PARENT	
backend-otel-instrumentation	External HTTP client tracing via otelhttp transport	0	0a1cdc61	Gemini API call creates an HTTP client span	FOLLOW_PARENT	
backend-otel-instrumentation	External HTTP client tracing via otelhttp transport	1	055209d5	Google Maps Places API call creates an HTTP client span	FOLLOW_PARENT	
backend-otel-instrumentation	External HTTP client tracing via otelhttp transport	2	3a0d3ed3	Last.fm API call creates an HTTP client span	FOLLOW_PARENT	
backend-otel-instrumentation	External HTTP client tracing via otelhttp transport	3	91a7c1e2	MusicBrainz API call creates an HTTP client span	FOLLOW_PARENT	
backend-otel-instrumentation	External HTTP client tracing via otelhttp transport	4	daf374c6	fanart.tv API call creates an HTTP client span	FOLLOW_PARENT	
backend-otel-instrumentation	Zitadel gRPC client tracing via otelgrpc	0	dc66c32d	Zitadel email verification call creates a gRPC client span	FOLLOW_PARENT	
backend-otel-instrumentation	UseCase spans for CPU-intensive business logic	0	cf2342dc	Merkle tree construction creates a span	FOLLOW_PARENT	
backend-otel-instrumentation	UseCase spans for CPU-intensive business logic	1	1452bd36	Concert deduplication creates a span	FOLLOW_PARENT	
backend-otel-instrumentation	UseCase spans for CPU-intensive business logic	2	7632f552	Artist batch persistence creates a span	FOLLOW_PARENT	
backend-otel-instrumentation	Application metrics	0	718d3e2e	External API call duration is recorded as a histogram	FOLLOW_PARENT	
backend-otel-instrumentation	Application metrics	1	516fb1fb	Blockchain mint operations record duration and count	FOLLOW_PARENT	
backend-otel-instrumentation	Application metrics	2	e4bce4fc	Database connection pool gauges are observable	FOLLOW_PARENT	
backend-otel-instrumentation	Trace context preservation in deferred operations	0	6ce3226d	Concert search status update preserves trace context	FOLLOW_PARENT	
backend-service-exposure	Backend Service Discoverability	0	1e4ba8a7	Service referenced by Gateway	FOLLOW_PARENT	
backend-service-exposure	Backend Service Discoverability	1	46aba72f	Service remains internal	FOLLOW_PARENT	
backend-service-exposure	Service Backend Protocol Support	0	d912d051	h2c advertised	FOLLOW_PARENT	
backend-service-exposure	Health Check Integration	0	552504c9	Health probe reaches pod	FOLLOW_PARENT	
backend-service-exposure	Health Check Integration	1	0833f50a	Pod readiness propagated	FOLLOW_PARENT	
beam-effect-toggle	User can toggle the laser beam spotlight effect on the dashboard	0	2846f543	Default state is off on first visit	FOLLOW_PARENT	
beam-effect-toggle	User can toggle the laser beam spotlight effect on the dashboard	1	5f1d80b9	Enabling the beam effect	FOLLOW_PARENT	
beam-effect-toggle	User can toggle the laser beam spotlight effect on the dashboard	2	64210085	Disabling the beam effect	FOLLOW_PARENT	
beam-effect-toggle	User can toggle the laser beam spotlight effect on the dashboard	3	beae9c05	Preference is restored on page reload	FOLLOW_PARENT	
beam-effect-toggle	User can toggle the laser beam spotlight effect on the dashboard	4	ef798940	Toggle button placement and icon	FOLLOW_PARENT	
billing-export-infrastructure	BigQuery dataset for GCP Billing Export	0	d6f12439	Dataset exists and is queryable	FOLLOW_PARENT	
billing-export-infrastructure	BigQuery dataset for GCP Billing Export	1	4e94cb2e	Dataset is managed by Pulumi	FOLLOW_PARENT	
billing-export-infrastructure	IAM binding for billing export service account	0	83ffd0e9	Billing export service account can write to dataset	FOLLOW_PARENT	
billing-export-infrastructure	IAM binding for billing export service account	1	ab46651f	Permission survives drift	FOLLOW_PARENT	
billing-export-infrastructure	Runbook documents the Console step to enable billing export	0	70c3f75f	Runbook lists all required Console steps	FOLLOW_PARENT	
billing-export-infrastructure	Runbook documents the Console step to enable billing export	1	f4e5cd61	Operator can recover from misconfiguration	FOLLOW_PARENT	
billing-export-infrastructure	Detailed usage cost export is preferred over Standard-only	0	31cdd522	Detailed export provides per-resource breakdown	FOLLOW_PARENT	
billing-export-infrastructure	Sample analysis SQL is provided	0	7ecd08e6	Example daily SKU breakdown query exists	FOLLOW_PARENT	
bottom-sheet-ce	Bottom Sheet Custom Element	0	80ab6e6c	Basic open/close via bindable	FOLLOW_PARENT	
bottom-sheet-ce	Bottom Sheet Custom Element	1	6aef1677	Open bound to true at component creation time	FOLLOW_PARENT	
bottom-sheet-ce	Bottom Sheet Custom Element	2	df9b98c8	DOM structure	FOLLOW_PARENT	
bottom-sheet-ce	Bottom Sheet Custom Element	3	63ff1dbb	Background inert and focus trap	FOLLOW_PARENT	
bottom-sheet-ce	Bottom Sheet Custom Element	4	4dddc6d7	Background interactive during the close animation	FOLLOW_PARENT	
bottom-sheet-ce	Bottom Sheet Custom Element	5	129fc253	Layout stability with dynamic sheet content	FOLLOW_PARENT	
bottom-sheet-ce	Bottom Sheet Custom Element	6	86cecdd2	Initial snap animation	FOLLOW_PARENT	
bottom-sheet-ce	Bottom Sheet Custom Element	7	ab77283a	Scroll-snap dismiss	FOLLOW_PARENT	
bottom-sheet-ce	Bottom Sheet Custom Element	8	b24adf36	Responsive swipe-down dismiss detection	FOLLOW_PARENT	
bottom-sheet-ce	Bottom Sheet Custom Element	9	6f4ae0cb	Early close on pointerup at dismiss threshold	FOLLOW_PARENT	
bottom-sheet-ce	Bottom Sheet Custom Element	10	b250aef3	Dismiss detection ignores programmatic and initial-snap scroll	FOLLOW_PARENT	
bottom-sheet-ce	Bottom Sheet Custom Element	11	b07c824f	Fallback dismiss detection where scrollsnapchange is unsupported	FOLLOW_PARENT	
bottom-sheet-ce	Bottom Sheet Custom Element	12	8ea8eed7	Just-opened dismiss guard	FOLLOW_PARENT	
bottom-sheet-ce	Bottom Sheet Custom Element	13	60bf33b0	Bounce-back prevention after dismiss-zone snap	FOLLOW_PARENT	
bottom-sheet-ce	Bottom Sheet Custom Element	14	969d4ca8	Close animation completes within 160ms	FOLLOW_PARENT	
bottom-sheet-ce	Bottom Sheet Custom Element	15	020f717e	Tap-outside dismiss	FOLLOW_PARENT	
bottom-sheet-ce	Bottom Sheet Custom Element	16	a5e0e34e	Gesture-coupled backdrop fade	FOLLOW_PARENT	
bottom-sheet-ce	Bottom Sheet Custom Element	17	ae00c01f	Non-dismissable mode	FOLLOW_PARENT	
bottom-sheet-ce	Bottom Sheet Custom Element	18	f285b3ac	Dismissable mode with close-request dismiss (ESC / Android back)	FOLLOW_PARENT	
bottom-sheet-ce	Bottom Sheet Custom Element	19	ad8f9ee0	Close animation completes within 160ms (legacy duration removed)	FOLLOW_PARENT	
bottom-sheet-ce	Bottom Sheet Custom Element	20	2834e36c	Sheet closed event	FOLLOW_PARENT	
bottom-sheet-ce	Bottom Sheet Custom Element	21	9e7e2aac	Handle bar rendering	FOLLOW_PARENT	
bottom-sheet-ce	Bottom Sheet Custom Element	22	e5c48401	Sheet body structure	FOLLOW_PARENT	
bottom-sheet-ce	Bottom Sheet Custom Element	23	e6146603	Slotted content	FOLLOW_PARENT	
bottom-sheet-ce	Bottom Sheet Custom Element	24	0298ec99	Focus management	FOLLOW_PARENT	
bottom-sheet-ce	Bottom Sheet Custom Element	25	d00b8dbd	History integration	FOLLOW_PARENT	
bottom-sheet-ce	Bottom Sheet Custom Element	26	6d4490a2	Reduced motion	FOLLOW_PARENT	
bottom-sheet-ce	Bottom Sheet Custom Element	27	a1d16eaa	Detach cleanup	FOLLOW_PARENT	
brand-vocabulary	Two-Layer Vocabulary Model	0	2a336167	Term refers to a protobuf entity	FOLLOW_PARENT	
brand-vocabulary	Two-Layer Vocabulary Model	1	c1e7e151	Term has no entity backing	FOLLOW_PARENT	
brand-vocabulary	Two-Layer Vocabulary Model	2	83b290bc	Layer B term becomes entity-modeled	FOLLOW_PARENT	
brand-vocabulary	Entity Namespace Mirrors Protobuf Names	0	2eac35a7	Enum entity with Level suffix	FOLLOW_PARENT	
brand-vocabulary	Entity Namespace Mirrors Protobuf Names	1	bda51346	Plain entity message	FOLLOW_PARENT	
brand-vocabulary	Entity Namespace Mirrors Protobuf Names	2	d43da99e	Nested entity field	FOLLOW_PARENT	
brand-vocabulary	Asymmetric Locale Labels	0	0377b2ae	Lint accepts asymmetric values	FOLLOW_PARENT	
brand-vocabulary	Entity Namespace Locale Parity	0	5bfb0fd3	Missing key in EN locale	FOLLOW_PARENT	
brand-vocabulary	Entity Namespace Locale Parity	1	34d96510	Missing key in JA locale	FOLLOW_PARENT	
brand-vocabulary	Entity Name Validation	0	b3553047	Unknown entity stem	FOLLOW_PARENT	
brand-vocabulary	Entity Name Validation	1	9d05ce7f	Curated list is the contract	FOLLOW_PARENT	
brand-vocabulary	Deprecated Colloquial Terms	0	6b861378	推し is deprecated in favor of entity-grounded vocabulary	FOLLOW_PARENT	
brand-vocabulary	Deprecated Colloquial Terms	1	a9eab102	Registry of deprecated terms maintained in this spec	FOLLOW_PARENT	
brand-vocabulary	Deprecated Colloquial Terms	2	8737a142	Adding a new deprecated term	FOLLOW_PARENT	
brand-vocabulary	Brand Expression Registry	0	d44676ec	Initial registry contents	FOLLOW_PARENT	
brand-vocabulary	Brand Expression Registry	1	6dd6969d	Navigation tab labels are invariant across locales	FOLLOW_PARENT	
brand-vocabulary	Brand Expression Registry	2	73cc0d4f	Adding a new brand expression	FOLLOW_PARENT	
brand-vocabulary	Brand Expression Registry	3	8298c17f	Removing a graduated expression	FOLLOW_PARENT	
brand-vocabulary	Brand Expression Registry	4	f1d8291b	Japanese gloss is prose, not label	FOLLOW_PARENT	
brand-vocabulary	Brand Expression Registry	5	3bb1fd17	Registry SHALL NOT include deprecated colloquial terms	FOLLOW_PARENT	
brand-vocabulary	Hype Tier Surface Labels Are Layer B	0	83a59c1c	Hype tier label is invariant English	FOLLOW_PARENT	
brand-vocabulary	Hype Tier Surface Labels Are Layer B	1	69bf6d54	Hype concept label is invariant English	FOLLOW_PARENT	
brand-vocabulary	Hype Tier Surface Labels Are Layer B	2	31cc772e	Lint script does not enforce parity on Hype keys	FOLLOW_PARENT	
brand-vocabulary	Lint Script Integration	0	40c40e5a	Lint passes during normal build	FOLLOW_PARENT	
brand-vocabulary	Lint Script Integration	1	eb91cd4b	Lint fails on missing parity	FOLLOW_PARENT	
browser-locale-detection	Timezone-based country detection	0	04a83b1c	Known timezone maps to a country	FOLLOW_PARENT	
browser-locale-detection	Timezone-based country detection	1	7b6c6717	Unknown or generic timezone	FOLLOW_PARENT	
browser-locale-detection	Timezone-based country detection	2	731e7c8a	API unavailable	FOLLOW_PARENT	
browser-locale-detection	Mapping table coverage	0	becaec1b	Mapping table entries	FOLLOW_PARENT	
bubble-pool-lifecycle	Bubble pool initialization based on followed-artist count	0	32e5b0cd	No followed artists (Step 1-a)	FOLLOW_PARENT	
bubble-pool-lifecycle	Bubble pool initialization based on followed-artist count	1	2354f7ac	User has followed artists (Step 1-b)	FOLLOW_PARENT	
bubble-pool-lifecycle	Bubble pool initialization based on followed-artist count	2	6f3ab36e	Seed selection with fewer than 5 followed artists	FOLLOW_PARENT	
bubble-pool-lifecycle	Bubble pool initialization based on followed-artist count	3	e3a96fe8	Follow state hydration on page reload	FOLLOW_PARENT	
bubble-pool-lifecycle	Bubble pool deduplication	0	a5f2a5b6	Deduplication on initial load (Step 2)	FOLLOW_PARENT	
bubble-pool-lifecycle	Bubble pool deduplication	1	62f60d9c	Deduplication after tap refill (Step 5)	FOLLOW_PARENT	
bubble-pool-lifecycle	Bubble pool deduplication	2	f280b6dc	Deduplication on genre reload	FOLLOW_PARENT	
bubble-pool-lifecycle	Bubble pool cap and eviction on tap	0	a7c93b28	Physics engine enforces the cap on addBubbles	FOLLOW_PARENT	
bubble-pool-lifecycle	Bubble pool cap and eviction on tap	1	04d9c1bf	Stale bodies removed on artist set replacement	FOLLOW_PARENT	
bubble-pool-lifecycle	Tap-to-refill flow	0	7a3f0c28	Successful tap and refill (Steps 3-4)	FOLLOW_PARENT	
bubble-pool-lifecycle	Tap-to-refill flow	1	0716419b	No similar artists found	FOLLOW_PARENT	
bubble-pool-lifecycle	Tap-to-refill flow	2	6af6ec23	ListSimilar RPC failure	FOLLOW_PARENT	
bubble-pool-lifecycle	ListSimilar and ListTop limit parameter	0	dc9278b8	Limit parameter provided	FOLLOW_PARENT	
bubble-pool-lifecycle	ListSimilar and ListTop limit parameter	1	9b3b4f7d	Limit parameter omitted or zero	FOLLOW_PARENT	
bubble-replenishment	Canvas replenishes bubbles when similar artists are exhausted	0	5a5adb5f	Similar artists fully deduplicated	FOLLOW_PARENT	
bubble-replenishment	Canvas replenishes bubbles when similar artists are exhausted	1	4f0ec879	Top artist pool also exhausted	FOLLOW_PARENT	
bubble-replenishment	Canvas replenishes bubbles when similar artists are exhausted	2	1e60e448	Replacement bubbles partially available	FOLLOW_PARENT	
bubble-state-management	BubbleManager provides single source of truth for bubble lifecycle	0	7458b9a4	Adding bubbles synchronizes pool and physics	FOLLOW_PARENT	
bubble-state-management	BubbleManager provides single source of truth for bubble lifecycle	1	c6bc0b2f	Removing a bubble synchronizes pool and physics	FOLLOW_PARENT	
bubble-state-management	BubbleManager provides single source of truth for bubble lifecycle	2	7c14fed9	Eviction synchronizes pool and physics	FOLLOW_PARENT	
bubble-state-management	BubbleManager provides single source of truth for bubble lifecycle	3	af8557c9	Background refresh preserves render parity	FOLLOW_PARENT	
bubble-state-management	BubbleManager enforces capacity through coordinated eviction	0	84db5a5a	Adding bubbles within capacity	FOLLOW_PARENT	
bubble-state-management	BubbleManager enforces capacity through coordinated eviction	1	c1efbd36	Adding bubbles exceeding capacity	FOLLOW_PARENT	
bubble-state-management	BubbleManager defers canvas reads until element is visible	0	1d2dfc9e	Canvas rect read when visible	FOLLOW_PARENT	
bubble-state-management	BubbleManager defers canvas reads until element is visible	1	b91a2cd5	Canvas rect read when hidden	FOLLOW_PARENT	
bubble-state-management	BubbleManager supports reset to global top artists	0	d7716aea	Reset replaces the pool with global top artists	FOLLOW_PARENT	
bubble-state-management	BubbleManager supports reset to global top artists	1	a3cfb065	Reset clears accumulated discovery state	FOLLOW_PARENT	
bubble-state-management	BubbleManager supports reset to global top artists	2	aded52c2	Reset re-synchronizes physics state	FOLLOW_PARENT	
bubble-state-management	Initial load tops up a sparse discovery field	0	aa1c1e75	Sparse seed-similar results are topped up	FOLLOW_PARENT	
bubble-state-management	Initial load tops up a sparse discovery field	1	bf04d372	Empty seed-similar still fills the field	FOLLOW_PARENT	
bubble-state-management	Initial load tops up a sparse discovery field	2	ecfa3db5	Sufficient seed-similar results are not diluted	FOLLOW_PARENT	
bubble-state-management	Physics layer is a pure projection of the field	0	21412cd8	Reconcile to a target list	FOLLOW_PARENT	
bubble-state-management	Physics layer is a pure projection of the field	1	aa68942d	Fading-out bodies do not block replacements	FOLLOW_PARENT	
bubble-state-management	Physics layer is a pure projection of the field	2	381f5bc0	Physics never silently drops a target member	FOLLOW_PARENT	
bubble-state-management	Bubble invariants are applied once at the field boundary	0	32318d7b	Followed exclusion happens once	FOLLOW_PARENT	
bubble-state-management	Bubble invariants are applied once at the field boundary	1	b7c9d30a	Capacity enforced once	FOLLOW_PARENT	
bulk-insert-unnest	Bulk artist creation via unnest	0	b7299a2d	Bulk insert multiple artists	FOLLOW_PARENT	
bulk-insert-unnest	Bulk artist creation via unnest	1	89315b7c	Empty slice input	FOLLOW_PARENT	
bulk-insert-unnest	Bulk artist creation via unnest	2	35c12e63	No parameter limit	FOLLOW_PARENT	
bulk-insert-unnest	Concert bulk insert via unnest	0	1f3d541d	Bulk insert concerts with unnest	FOLLOW_PARENT	
bulk-insert-unnest	Concert bulk insert via unnest	1	e692816b	Single concert creation unchanged	FOLLOW_PARENT	
card-logo-presentation	Logo and text visibility on unmatched cards	0	84bfd927	Unmatched card with logo	FOLLOW_PARENT	
card-logo-presentation	Logo and text visibility on unmatched cards	1	517d6d48	Unmatched card with text fallback	FOLLOW_PARENT	
card-logo-presentation	Center-aligned card content	0	0641ee38	Logo centered in card	FOLLOW_PARENT	
card-logo-presentation	Center-aligned card content	1	809a10ae	Text fallback centered in card	FOLLOW_PARENT	
card-logo-presentation	Text fallback font size prominence	0	f833fee1	Text fallback versus location label	FOLLOW_PARENT	
card-logo-presentation	Logo scales to fill card space	0	90e2b24a	Logo fills card height	FOLLOW_PARENT	
certificate-manager-integration	Google-Managed Certificate Provisioning	0	77400135	Certificate auto-created	FOLLOW_PARENT	
certificate-manager-integration	Google-Managed Certificate Provisioning	1	299c2be0	Certificate is valid	FOLLOW_PARENT	
certificate-manager-integration	DNS Validation for Certificate Issuance	0	798435bc	DNS auth challenge	FOLLOW_PARENT	
certificate-manager-integration	DNS Validation for Certificate Issuance	1	ded1e0d5	CNAME record verified	FOLLOW_PARENT	
certificate-manager-integration	Certificate Map for Gateway Binding	0	ed3918b9	Certificate mapped to domain	FOLLOW_PARENT	
certificate-manager-integration	Certificate Map for Gateway Binding	1	fd2329ce	Multiple domains supported (future)	FOLLOW_PARENT	
certificate-manager-integration	Automatic Certificate Renewal	0	38bd76be	Certificate renewed automatically	FOLLOW_PARENT	
certificate-manager-integration	Certificate Status Monitoring	0	70f23a71	Certificate status queryable	FOLLOW_PARENT	
certificate-manager-integration	Zero-Downtime Certificate Update	0	9b0b25e0	Certificate rotated live	FOLLOW_PARENT	
ci-optimization	Workflows cancel superseded runs	0	26ad43ba	PR receives a new push while CI is running	FOLLOW_PARENT	
ci-optimization	Workflows cancel superseded runs	1	8e6971d6	Deploy workflow is already running when a new push arrives	FOLLOW_PARENT	
ci-optimization	Workflows declare minimum required permissions	0	6e728978	Lint job runs without write permissions	FOLLOW_PARENT	
ci-optimization	Workflows declare minimum required permissions	1	564bbcbb	Coverage comment job writes to PR	FOLLOW_PARENT	
ci-optimization	Frontend CI enforces code quality gates	0	0b1b3368	TypeScript type error is introduced	FOLLOW_PARENT	
ci-optimization	Frontend CI enforces code quality gates	1	9d8276de	Dependency with known vulnerability is added	FOLLOW_PARENT	
ci-optimization	Frontend CI enforces code quality gates	2	a00bf2a0	Code coverage drops below threshold	FOLLOW_PARENT	
ci-optimization	Frontend CI reports coverage on PRs	0	8a1d342a	PR is opened or updated	FOLLOW_PARENT	
ci-optimization	Backend CI enforces format correctness	0	ac85de0e	Unformatted Go file is committed	FOLLOW_PARENT	
ci-optimization	Atlas migration lint runs without Atlas Cloud	0	0563eaa1	Migration file with destructive change is added	FOLLOW_PARENT	
ci-optimization	Atlas migration lint runs without Atlas Cloud	1	c0c87705	atlas-ci runs without ATLAS_CLOUD_TOKEN	FOLLOW_PARENT	
ci-optimization	Benchmark workflow uses consistent Postgres version	0	44bf936e	Benchmark job starts	FOLLOW_PARENT	
ci-optimization	Both repos have a CI success gate job	0	e59bacc7	All CI jobs pass	FOLLOW_PARENT	
ci-optimization	Both repos have a CI success gate job	1	5525582f	Any CI job fails	FOLLOW_PARENT	
ci-optimization	Claude code review runs via a single org-wide reusable workflow	0	55a504e4	PR is opened in any liverty-music repo	FOLLOW_PARENT	
ci-optimization	Claude code review runs via a single org-wide reusable workflow	1	fc02b61a	Claude review behavior needs updating	FOLLOW_PARENT	
ci-optimization	Claude code review runs via a single org-wide reusable workflow	2	a1a49a0b	Caller workflow contains no prompt-injecting input	FOLLOW_PARENT	
ci-optimization	Claude review posts advisory inline comments on pull requests	0	88fe71fd	PR is opened or updated	FOLLOW_PARENT	
ci-optimization	Claude review posts advisory inline comments on pull requests	1	30af88c3	Claude finds no issues	FOLLOW_PARENT	
ci-optimization	Claude review posts advisory inline comments on pull requests	2	f103732c	Claude finds issues	FOLLOW_PARENT	
ci-optimization	Branch protection gates merges on CI Success only	0	ca0ae826	PR has a failing CI Success check	FOLLOW_PARENT	
ci-optimization	Branch protection gates merges on CI Success only	1	6d681842	PR has Claude inline comments but CI Success passes	FOLLOW_PARENT	
cloud-dns-infrastructure	Domain Configuration via Pulumi ESC	0	d6e19cfc	Cloudflare config passed from ESC	FOLLOW_PARENT	
cloud-dns-infrastructure	Domain Configuration via Pulumi ESC	1	5ccecb2b	Cloudflare config required for all envs	FOLLOW_PARENT	
cloud-dns-infrastructure	No Manual Registrar Nameserver Update	0	85ee3aef	Cloudflare Registrar nameserver constraint accepted	FOLLOW_PARENT	
cloud-dns-infrastructure	No Manual Registrar Nameserver Update	1	1f6ce310	DNS resolution verified	FOLLOW_PARENT	
cloud-dns-infrastructure	Environment Isolation via DNS Architecture	0	e2e6b612	Dev and prod DNS records coexist in one Cloudflare zone	FOLLOW_PARENT	
cloud-dns-infrastructure	Environment Isolation via DNS Architecture	1	8beff757	Pulumi stack-state isolation between dev and prod	FOLLOW_PARENT	
cloud-dns-infrastructure	Environment Isolation via DNS Architecture	2	2f5bf5dc	Single Cloudflare API token shared, scoped to one zone	FOLLOW_PARENT	
cloud-dns-infrastructure	No Conflicting Private Zones	0	04d61df5	Zones coexist	FOLLOW_PARENT	
cloud-dns-infrastructure	Cloudflare DNS Zone Management	0	e7cd5bc4	Cloudflare provider configured	FOLLOW_PARENT	
cloud-dns-infrastructure	Cloudflare DNS Zone Management	1	6344cc0f	Single Cloudflare provider instance	FOLLOW_PARENT	
cloud-dns-infrastructure	Cloudflare DNS Zone Management	2	78c13f93	Proxy OFF enforced	FOLLOW_PARENT	
cloud-dns-infrastructure	Cloudflare DNS Zone Management	3	0811e428	Production A records exist for all GKE-Gateway-fronted hostnames	FOLLOW_PARENT	
cloud-dns-infrastructure	Cloudflare DNS Zone Management	4	64d09cc5	Dev A records exist for all GKE-Gateway-fronted hostnames	FOLLOW_PARENT	
cloud-sql-connector	Authenticate via Cloud SQL Connector	0	59c20623	Non-local Environments	FOLLOW_PARENT	
cloud-sql-connector	Standard Connection for Local	0	ac421ccb	Local Environment	FOLLOW_PARENT	
cloud-sql-connector	Database schema SHALL be configurable via environment variable	0	6109b5c4	Cloud environment with dedicated schema	FOLLOW_PARENT	
cloud-sql-connector	Database schema SHALL be configurable via environment variable	1	808bb89b	Local environment with default schema	FOLLOW_PARENT	
cloud-sql-connector	Configuration Validation	0	c79e359e	Missing Connection Name	FOLLOW_PARENT	
cloud-sql-connector	A standalone Auth Proxy Deployment SHALL exist in dev for local access	0	a5ab2eb3	Proxy coexists with in-process connector	FOLLOW_PARENT	
commit-gate-hook	Claude Code PreToolUse hook blocks unchecked commits	0	3cb3b07f	Commit with passing checks	FOLLOW_PARENT	
commit-gate-hook	Claude Code PreToolUse hook blocks unchecked commits	1	5ac077d0	Commit with failing checks	FOLLOW_PARENT	
commit-gate-hook	code-verifier skill removal	0	9eaad00a	No code-verifier references remain	FOLLOW_PARENT	
commit-gate-hook	CLAUDE.md and AGENTS.md updated	0	a360c412	AGENTS.md development commands section	FOLLOW_PARENT	
component-smoke-tests	Component mount smoke tests	0	62ccc802	Valid component template compiles successfully	FOLLOW_PARENT	
component-smoke-tests	Component mount smoke tests	1	3576e58a	Invalid template controller usage is detected	FOLLOW_PARENT	
component-smoke-tests	Component mount smoke tests	2	fd36e105	All registered components are covered	FOLLOW_PARENT	
component-smoke-tests	DI mock registry for smoke tests	0	b983a21b	Component with DI dependencies mounts successfully	FOLLOW_PARENT	
component-smoke-tests	DI mock registry for smoke tests	1	1124c9d9	Missing DI stub causes clear failure	FOLLOW_PARENT	
component-smoke-tests	E2E console error smoke test	0	b4e47aa8	Public route loads without console errors	FOLLOW_PARENT	
component-smoke-tests	E2E console error smoke test	1	a99c3c7d	Network errors are excluded from assertion	FOLLOW_PARENT	
component-smoke-tests	E2E console error smoke test	2	7f7d36d2	CI runs smoke tests in parallel with lint and unit tests	FOLLOW_PARENT	
component-smoke-tests	E2E console error smoke test	3	67bc492a	CI installs only required browser	FOLLOW_PARENT	
concert-approval-queue	Approval publishes the concert	0	fc69d420	Approve publishes and notifies	FOLLOW_PARENT	
concert-approval-queue	Approval publishes the concert	1	0480907c	Approve is idempotent	FOLLOW_PARENT	
concert-approval-queue	Approval publishes the concert	2	197fcebd	Approve of an existing-event duplicate does not crash	FOLLOW_PARENT	
concert-approval-queue	Rejection drops the concert and is non-permanent	0	e891fa00	Reject drops and logs	FOLLOW_PARENT	
concert-approval-queue	Rejection drops the concert and is non-permanent	1	ede30c34	Rejected concert can re-enter the queue	FOLLOW_PARENT	
concert-approval-queue	Rejection drops the concert and is non-permanent	2	9d101b38	Reject is idempotent	FOLLOW_PARENT	
concert-approval-queue	Re-discovery dedup consults published and pending state	0	a78795b2	Already published is skipped	FOLLOW_PARENT	
concert-approval-queue	Re-discovery dedup consults published and pending state	1	c2c59ee7	Already pending is refreshed, not duplicated	FOLLOW_PARENT	
concert-approval-queue	Re-discovery dedup consults published and pending state	2	72a2ee85	Previously rejected is not suppressed	FOLLOW_PARENT	
concert-approval-queue	Rejection log is append-only and analysis-only	0	38b8917f	Log does not affect staging	FOLLOW_PARENT	
concert-approval-queue	Admin-scoped moderation RPCs	0	36bc18a9	Admin lists pending concerts	FOLLOW_PARENT	
concert-approval-queue	Admin-scoped moderation RPCs	1	26911a77	Non-admin caller is denied	FOLLOW_PARENT	
concert-approval-queue	Admin-scoped moderation RPCs	2	026c677c	Approve and reject act on the identified staged concert	FOLLOW_PARENT	
concert-approval-queue	Admin console approval-queue UI	0	d4bb0d23	Reviewer sees pending concerts grouped by artist and series	FOLLOW_PARENT	
concert-approval-queue	Admin console approval-queue UI	1	c222d230	Expanding a series reveals per-concert review rows	FOLLOW_PARENT	
concert-approval-queue	Admin console approval-queue UI	2	ed07676f	Reviewer approves an item	FOLLOW_PARENT	
concert-approval-queue	Admin console approval-queue UI	3	0f99daec	Reviewer rejects an item with a reason	FOLLOW_PARENT	
concert-approval-queue	Admin console approval-queue UI	4	01355f67	Conflict dialog shows open time for both staged and existing	FOLLOW_PARENT	
concert-approval-queue	Approval reconciles a duplicate existing event	0	a83c332c	Reviewer keeps the existing event	FOLLOW_PARENT	
concert-approval-queue	Approval reconciles a duplicate existing event	1	2062e6a0	Reviewer adopts the staged record	FOLLOW_PARENT	
concert-approval-queue	Approval reconciles a duplicate existing event	2	59223eec	Adopt never overwrites a known start time with a staged NULL	FOLLOW_PARENT	
concert-approval-queue	Approval reconciles a duplicate existing event	3	977b3bdf	Conflict without a choice makes no change	FOLLOW_PARENT	
concert-approval-queue	Discovery auto-publishes new concerts and stages only conflicts	0	771e916a	New concert is auto-published without staging	FOLLOW_PARENT	
concert-approval-queue	Discovery auto-publishes new concerts and stages only conflicts	1	a949cc7e	Conflicting concert is staged for reconciliation	FOLLOW_PARENT	
concert-approval-queue	Discovery auto-publishes new concerts and stages only conflicts	2	3a47041e	Known-start fill is treated as new, not a conflict	FOLLOW_PARENT	
concert-approval-queue	Discovery auto-publishes new concerts and stages only conflicts	3	0dbde07d	Unresolved venue is staged, not auto-published	FOLLOW_PARENT	
concert-approval-queue	Discovery auto-publishes new concerts and stages only conflicts	4	c7df2ebd	Pending concerts are not fan-visible	FOLLOW_PARENT	
concert-approval-queue	Deleting a published concert suppresses re-discovery	0	dcddb919	Delete records a suppression entry	FOLLOW_PARENT	
concert-approval-queue	Deleting a published concert suppresses re-discovery	1	c8861d75	Suppression is separate from the rejection log	FOLLOW_PARENT	
concert-approval-queue	Re-discovery skips suppressed concerts	0	d2d2daae	Suppressed concert is not re-created	FOLLOW_PARENT	
concert-approval-queue	Re-discovery skips suppressed concerts	1	72443256	Un-suppressed concert can be discovered again	FOLLOW_PARENT	
concert-detail	Concert Detail View	0	bf8c5593	Open detail from dashboard	FOLLOW_PARENT	
concert-detail	Concert Detail View	1	942f6ada	Open detail during onboarding Step 4	FOLLOW_PARENT	
concert-detail	Concert Detail View	2	aca5cfbb	Display venue information	FOLLOW_PARENT	
concert-detail	Concert Detail View	3	5a7dc0fe	Google Maps link	FOLLOW_PARENT	
concert-detail	Concert Detail View	4	28397353	Ticket / official info link	FOLLOW_PARENT	
concert-detail	Concert Detail View	5	d4bd8cd6	Display ticket journey status	FOLLOW_PARENT	
concert-detail	Concert Detail View	6	00936907	Set ticket journey status from detail view	FOLLOW_PARENT	
concert-detail	Concert Detail View	7	34d08fba	Start tracking from detail view	FOLLOW_PARENT	
concert-detail	Concert Detail View	8	26ca0492	Remove ticket journey from detail view	FOLLOW_PARENT	
concert-detail	Concert Detail View	9	0d144853	Dismiss sheet via light dismiss (non-onboarding)	FOLLOW_PARENT	
concert-detail	Concert Detail View	10	353bfc8e	Dismiss sheet via swipe down (non-onboarding)	FOLLOW_PARENT	
concert-detail	Concert Detail View	11	106c9568	Dismiss sheet via browser back button	FOLLOW_PARENT	
concert-detail	Concert Detail View	12	4f7cdbbc	Sheet non-dismissible during onboarding Step 4	FOLLOW_PARENT	
concert-detail	Localized Concert Detail Sheet Copy	0	66193643	Static labels are i18n-keyed	FOLLOW_PARENT	
concert-detail	Localized Concert Detail Sheet Copy	1	c286c250	Required i18n keys	FOLLOW_PARENT	
concert-detail	Localized Concert Detail Sheet Copy	2	9c1edefa	Journey status enum values are i18n-keyed	FOLLOW_PARENT	
concert-detail	Localized Concert Detail Sheet Copy	3	5e70e3a1	Adding a new TicketJourneyStatus value	FOLLOW_PARENT	
concert-detail	Compact journey-status control layout	0	892f6cd2	Outcome routes arranged horizontally	FOLLOW_PARENT	
concert-detail	Compact journey-status control layout	1	cdf57c12	All status nodes and behavior preserved	FOLLOW_PARENT	
concert-detail	Compact journey-status control layout	2	fcffb450	Flow connector is not cramped	FOLLOW_PARENT	
concert-detail	Compact journey-status control layout	3	c643f4f7	Narrow viewport does not overflow	FOLLOW_PARENT	
concert-detail	Dashboard Lane Assignment	0	4a3197bf	Concert in user's city/prefecture	FOLLOW_PARENT	
concert-detail	Dashboard Lane Assignment	1	a956f827	Concert in a different prefecture	FOLLOW_PARENT	
concert-detail	Dashboard Lane Assignment	2	35c24567	Venue admin area not available	FOLLOW_PARENT	
concert-detail	Deep-link auto-open of a concert detail sheet	0	bbb58969	Deep-link opens the concert after the authoritative fetch resolves	FOLLOW_PARENT	
concert-detail	Deep-link auto-open of a concert detail sheet	1	d1562915	Deep-link derives the artist filter from the opened concert	FOLLOW_PARENT	
concert-detail	Deep-link auto-open of a concert detail sheet	2	59fe36d0	Closing the deep-linked sheet does not reload the dashboard	FOLLOW_PARENT	
concert-detail	Deep-link auto-open of a concert detail sheet	3	136c2c7e	Target concert absent degrades to filter-only	FOLLOW_PARENT	
concert-highway-ce	Concert Highway Custom Element	0	757c8b82	Render date groups with 3-column layout	FOLLOW_PARENT	
concert-highway-ce	Concert Highway Custom Element	1	159bc34e	Laser beam effects for matched events	FOLLOW_PARENT	
concert-highway-ce	Concert Highway Custom Element	2	665c45f6	Readonly mode suppresses card interaction	FOLLOW_PARENT	
concert-highway-ce	Concert Highway Custom Element	3	ee435204	Interactive mode dispatches event selection	FOLLOW_PARENT	
concert-highway-ce	Concert Highway Custom Element	4	dba5582b	Empty lane display	FOLLOW_PARENT	
concert-highway-ce	Beam tracking updates efficiently per frame	0	24f53723	Cached anchor-to-element resolution	FOLLOW_PARENT	
concert-highway-ce	Beam tracking updates efficiently per frame	1	147eadf3	Batched read-before-write per frame	FOLLOW_PARENT	
concert-highway-ce	Beam tracking updates efficiently per frame	2	1cbf27ce	Missing anchor element degrades gracefully	FOLLOW_PARENT	
concert-search	Search Concerts by Artist	0	7c077e5d	Successful Search	FOLLOW_PARENT	
concert-search	Search Concerts by Artist	1	59cf0f08	Skip search when recently searched	FOLLOW_PARENT	
concert-search	Search Concerts by Artist	2	36d1ed73	Configurable freshness TTL per environment	FOLLOW_PARENT	
concert-search	Search Concerts by Artist	3	fd518496	Skip search when recently discovered a new concert	FOLLOW_PARENT	
concert-search	Search Concerts by Artist	4	f7a09abd	Do not skip on discovery when never discovered	FOLLOW_PARENT	
concert-search	Search Concerts by Artist	5	fc2918d0	Filter Past Events	FOLLOW_PARENT	
concert-search	Search Concerts by Artist	6	3062f740	No Results	FOLLOW_PARENT	
concert-search	Search Concerts by Artist	7	230b2e68	Missing Artist ID	FOLLOW_PARENT	
concert-search	Search Concerts by Artist	8	d66266ba	Unauthenticated access	FOLLOW_PARENT	
concert-search	Venue Administrative Area Extraction	0	1e830d5f	AdminArea explicitly stated in source	FOLLOW_PARENT	
concert-search	Venue Administrative Area Extraction	1	6657a3ce	AdminArea unambiguously inferable from venue name	FOLLOW_PARENT	
concert-search	Venue Administrative Area Extraction	2	9d9cd535	AdminArea uncertain or ambiguous	FOLLOW_PARENT	
concert-search	Resilient External Search	0	1b017f45	Transient Gemini timeout is retried	FOLLOW_PARENT	
concert-search	Resilient External Search	1	f53eaab9	All retries exhausted	FOLLOW_PARENT	
concert-search	Resilient External Search	2	9cfe64d4	Non-transient error is not retried	FOLLOW_PARENT	
concert-search	Resilient External Search	3	081c6da0	Response truncated by token limit	FOLLOW_PARENT	
concert-search	Resilient External Search	4	6b6d2b78	"Literal ""null"" string in optional time fields"	FOLLOW_PARENT	
concert-search	Concert Deduplication Natural Key	0	134c46fa	Same instant expressed in different timezones	FOLLOW_PARENT	
concert-search	Concert Deduplication Natural Key	1	5c9bd5b6	Scraped concert has nil start_at, existing has start_at	FOLLOW_PARENT	
concert-search	Concert Deduplication Natural Key	2	280a2873	Scraped concert has start_at, existing has nil	FOLLOW_PARENT	
concert-search	Concert Deduplication Natural Key	3	d01c8080	Both have non-nil start_at representing different instants	FOLLOW_PARENT	
concert-search	Concert Deduplication Natural Key	4	15293e7a	Both have nil start_at, same date and venue	FOLLOW_PARENT	
concert-search	Concert Deduplication Natural Key	5	b964d8c3	Same date, different venue	FOLLOW_PARENT	
concert-search	Concert Deduplication Natural Key	6	f65c3e95	Different date, same venue	FOLLOW_PARENT	
concert-search	Concert Deduplication Natural Key	7	bd849460	Within-batch dedup — same instant in different timezones	FOLLOW_PARENT	
concert-search	Concert Deduplication Natural Key	8	6834dd79	Within-batch — genuinely different start_at at same venue	FOLLOW_PARENT	
concert-search	Dedup Key Comparison for Existing Concerts	0	14676110	Existing concert with nil ListedVenueName is skipped	FOLLOW_PARENT	
concert-search	Dedup Key Comparison for Existing Concerts	1	3da488dc	Existing concert with non-nil ListedVenueName is included	FOLLOW_PARENT	
concert-search	Resilience to Gemini API Non-Determinism	0	2d50415b	Title variation across runs	FOLLOW_PARENT	
concert-search	Resilience to Gemini API Non-Determinism	1	61d75bfb	open_at variation across runs	FOLLOW_PARENT	
concert-search	Resilience to Gemini API Non-Determinism	2	4efffcf0	source_url variation across runs	FOLLOW_PARENT	
concert-search	Resilience to Gemini API Non-Determinism	3	c802f2ac	admin_area variation across runs	FOLLOW_PARENT	
concert-search	Resilience to Gemini API Non-Determinism	4	d7c7375a	start_at becomes nil in a later run	FOLLOW_PARENT	
concert-search	Resilience to Gemini API Non-Determinism	5	b936f0b4	start_at appears in a later run	FOLLOW_PARENT	
concert-search	Dedup Tolerates Venue Name Drift	0	ee1ffa1e	Prefixed venue name matches the same unprefixed venue	FOLLOW_PARENT	
concert-search	Dedup Tolerates Venue Name Drift	1	f7fd577c	Normalization does not merge genuinely different venues	FOLLOW_PARENT	
concert-search	Dedup Tolerates Venue Name Drift	2	79d3ee4d	Drifted name recognised against a pending staged row	FOLLOW_PARENT	
concert-search-internals	Usecase layer SHALL NOT import infrastructure packages	0	47b6f35e	No infrastructure/geo import	FOLLOW_PARENT	
concert-search-internals	Usecase layer SHALL NOT import infrastructure packages	1	e4ec44ff	No direct infrastructure imports in usecase package	FOLLOW_PARENT	
concert-search-internals	Search status marking SHALL use defer pattern	0	257d1398	Search fails at any step	FOLLOW_PARENT	
concert-search-internals	Search status marking SHALL use defer pattern	1	d1dd3f46	Search completes successfully	FOLLOW_PARENT	
concert-search-internals	Time-dependent tests SHALL use testing/synctest	0	4f02ac9e	Search log freshness test	FOLLOW_PARENT	
concert-search-internals	Time-dependent tests SHALL use testing/synctest	1	180dd0d9	Pending search timeout test	FOLLOW_PARENT	
concert-search-internals	resolveUserID SHALL NOT be duplicated	0	ebac21e0	Concert usecase resolves user ID	FOLLOW_PARENT	
concert-search-internals	resolveUserID SHALL NOT be duplicated	1	4bd9bd48	Follow usecase resolves user ID	FOLLOW_PARENT	
concert-search-internals	Entity construction SHALL use domain methods	0	ce114b1b	Converting scraped concerts to entities	FOLLOW_PARENT	
concert-search-log	Track Concert Search History	0	56d13629	Record search after Gemini call	FOLLOW_PARENT	
concert-search-log	Track Concert Search History	1	bcc57797	First search for an artist	FOLLOW_PARENT	
concert-search-log	Track Concert Search History	2	6a6ec31e	Subsequent search for an artist	FOLLOW_PARENT	
concert-search-log	Search Log Persistence	0	3ae6fddf	Schema definition	FOLLOW_PARENT	
concert-search-log	Search Log Persistence	1	25176065	Additive nullable column migration	FOLLOW_PARENT	
concert-search-log	Frontend search status polling for onboarding	0	937d51ca	Polling starts after SearchNewConcerts fires	FOLLOW_PARENT	
concert-search-log	Frontend search status polling for onboarding	1	382c7197	Batched polling every 2 seconds	FOLLOW_PARENT	
concert-search-log	Frontend search status polling for onboarding	2	03613adc	Polling stops when all searches resolve	FOLLOW_PARENT	
concert-search-log	Frontend search status polling for onboarding	3	0df30a6b	Per-artist timeout as polling deadline	FOLLOW_PARENT	
concert-search-log	Frontend search status polling for onboarding	4	978b051a	Polling error handling	FOLLOW_PARENT	
concert-search-log	Track Last Concert Discovery Time	0	55be7315	Record discovery when new concerts are published	FOLLOW_PARENT	
concert-search-log	Track Last Concert Discovery Time	1	85e8b517	Do not record discovery when nothing new is found	FOLLOW_PARENT	
concert-search-log	Track Last Concert Discovery Time	2	8dea2415	Never discovered	FOLLOW_PARENT	
concert-service	Concert Service	0	c9aec230	List Concerts by Artist	FOLLOW_PARENT	
concert-service	Concert Service	1	5309c445	List All Artists	FOLLOW_PARENT	
concert-service	Concert Service	2	eb0f54ea	Create Artist	FOLLOW_PARENT	
concert-service	Concert Service	3	a2581459	Create Artist with Invalid Name	FOLLOW_PARENT	
concert-service	Search Concerts by Artist	0	818aec35	Successful Search with known official site	FOLLOW_PARENT	
concert-service	Search Concerts by Artist	1	6d23a26d	Successful Search without official site	FOLLOW_PARENT	
concert-service	Search Concerts by Artist	2	fc2918d0	Filter Past Events	FOLLOW_PARENT	
concert-service	Search Concerts by Artist	3	d39b409f	No Results	FOLLOW_PARENT	
concert-service	Search Concerts by Artist	4	28dee5bd	Error context in failures	FOLLOW_PARENT	
concert-service	Concert Persistence	0	a7aa3dd0	Discovered concerts are staged, not persisted	FOLLOW_PARENT	
concert-service	Concert Persistence	1	8333f957	Persist on approval	FOLLOW_PARENT	
concert-service	Concert Persistence	2	5a74749d	Persist Venues on approval	FOLLOW_PARENT	
concert-service	Concert Persistence	3	326dcf22	Bulk insert uses unnest	FOLLOW_PARENT	
concert-service	Concert Persistence	4	993d92a6	Single concert creation	FOLLOW_PARENT	
concert-service	List Concerts with Proximity for Unauthenticated Users	0	a31ad7a8	Successful proximity-grouped listing	FOLLOW_PARENT	
concert-service	List Concerts with Proximity for Unauthenticated Users	1	a38a0e64	Home centroid resolved server-side	FOLLOW_PARENT	
concert-service	List Concerts with Proximity for Unauthenticated Users	2	645e6a28	Empty artist list	FOLLOW_PARENT	
concert-service	List Concerts with Proximity for Unauthenticated Users	3	2911f9f9	No concerts found for any artist	FOLLOW_PARENT	
concert-service	List Concerts with Proximity for Unauthenticated Users	4	b7687999	Artist ID validation limit	FOLLOW_PARENT	
concert-service	List Concerts with Proximity for Unauthenticated Users	5	e1b5da48	Home with unsupported country code	FOLLOW_PARENT	
concert-service	Venue Resolution in Concert List	0	2f556977	Venue JOIN in list query	FOLLOW_PARENT	
concert-service	Venue Resolution in Concert List	1	edd82816	Concert mapper includes Venue	FOLLOW_PARENT	
concert-service	Venue Resolution in Concert List	2	a15490ff	ListByArtists (plural) query with coordinates	FOLLOW_PARENT	
concert-service	Concert-Event Association	0	da13982f	Concert Data Integrity	FOLLOW_PARENT	
concert-service	Listed Venue Name Preservation	0	c5f9d735	Listed venue name stored on event creation	FOLLOW_PARENT	
concert-service	Listed Venue Name Preservation	1	15b4b1fa	Listed venue name is non-empty for discovered concerts	FOLLOW_PARENT	
concert-service	Venue AdminArea Persistence	0	e988704a	AdminArea stored on new venue creation	FOLLOW_PARENT	
concert-service	Venue AdminArea Persistence	1	97ce1a59	AdminArea is NULL when not extracted	FOLLOW_PARENT	
concert-service	List Concerts by Follower	0	654dad4e	Authenticated user with followed artists	FOLLOW_PARENT	
concert-service	List Concerts by Follower	1	6b7ad353	Authenticated user with no followed artists	FOLLOW_PARENT	
concert-service	List Concerts by Follower	2	0f28e111	Unauthenticated caller	FOLLOW_PARENT	
concert-service	List Concerts by Follower	3	d9efb9d2	ProximityGroup field structure	FOLLOW_PARENT	
concert-service	List Concerts by Follower	4	38cdce96	Single SQL query execution	FOLLOW_PARENT	
concert-service	Event Natural Key Constraint	0	161ca26f	Duplicate event insert is rejected	FOLLOW_PARENT	
concert-service	Event Natural Key Constraint	1	75edc061	NULL-safe equality for start_at in constraint	FOLLOW_PARENT	
concert-service	Event Natural Key Constraint	2	9f2e3b6d	Same venue and date with different start_at	FOLLOW_PARENT	
concert-service	Concert UPSERT on Natural Key	0	a15aedce	Insert new event (no conflict)	FOLLOW_PARENT	
concert-service	Concert UPSERT on Natural Key	1	475566f4	Different start_at inserts new row (not UPSERT)	FOLLOW_PARENT	
concert-service	Concert UPSERT on Natural Key	2	54e1223c	Conflict with richer open_at — update existing	FOLLOW_PARENT	
concert-service	Concert UPSERT on Natural Key	3	02ac100c	Conflict does not overwrite existing non-NULL open_at with NULL	FOLLOW_PARENT	
concert-service	Concert UPSERT on Natural Key	4	7645258f	Concerts row skipped for UPSERTed events with different UUID	FOLLOW_PARENT	
concert-service	Duplicate Data Cleanup Migration	0	9f98445d	Dedup retains earliest event per natural key	FOLLOW_PARENT	
concert-service	Duplicate Data Cleanup Migration	1	7a9b78d1	Migration is idempotent	FOLLOW_PARENT	
concert-service	Duplicate Data Cleanup Migration	2	417dfea1	UNIQUE constraint applied after cleanup	FOLLOW_PARENT	
concert-service	ConcertService handler timeout isolation	0	90df6eb9	SearchNewConcerts completes within 120 seconds	FOLLOW_PARENT	
concert-service	ConcertService handler timeout isolation	1	afbedf1b	SearchNewConcerts exceeds 120 seconds	FOLLOW_PARENT	
concert-service	ConcertService handler timeout isolation	2	8869907c	Other services retain default timeout	FOLLOW_PARENT	
concert-service	GKE Gateway timeout for ConcertService	0	f3ae7568	Gateway timeout exceeds handler timeout	FOLLOW_PARENT	
concert-service	ListByLocation RPC	0	7a4bbf9d	Successful proximity-grouped listing	FOLLOW_PARENT	
concert-service	ListByLocation RPC	1	e4c5ee76	Date range validation — range exceeds 30 days	FOLLOW_PARENT	
concert-service	ListByLocation RPC	2	6b981b74	Date range validation — from after to (inverted range)	FOLLOW_PARENT	
concert-service	ListByLocation RPC	3	7d5247d3	No concerts found	FOLLOW_PARENT	
concert-service	ListByLocation RPC	4	2cf13924	GeoLocation HOME classification	FOLLOW_PARENT	
concert-service	ListByLocation RPC	5	b98e5ce5	GeoLocation NEARBY classification	FOLLOW_PARENT	
concert-service	ListByLocation RPC	6	53ff06d0	AWAY concerts excluded	FOLLOW_PARENT	
concert-service	ListByLocation RPC	7	b0a55317	Unauthenticated access	FOLLOW_PARENT	
concert-service	ListByLocation RPC	8	ed7d2f95	ConcertRepository.ListByLocation query	FOLLOW_PARENT	
connect-rpc-cors	CORS Middleware for Connect-RPC	0	6416d72f	Preflight request handled	FOLLOW_PARENT	
connect-rpc-cors	CORS Middleware for Connect-RPC	1	6d230941	Actual request succeeds	FOLLOW_PARENT	
connect-rpc-cors	Allowed Origins Configuration	0	050451f5	Origin list from environment	FOLLOW_PARENT	
connect-rpc-cors	Allowed Origins Configuration	1	cc0e6485	Origin not in list	FOLLOW_PARENT	
connect-rpc-cors	Connect-RPC Protocol Headers	0	1c428c72	Connect headers allowed	FOLLOW_PARENT	
connect-rpc-cors	Connect-RPC Protocol Headers	1	29b55f4f	Trailers exposed	FOLLOW_PARENT	
connect-rpc-cors	Authorization Header Support	0	fddac3fa	Bearer token accepted	FOLLOW_PARENT	
connect-rpc-cors	CORS Validation at Startup	0	a30b9f67	Missing origins logged	FOLLOW_PARENT	
consumer-poison-queue-alerting	Poison Queue consumer emits ERROR logs	0	193b9429	Message is routed to Poison Queue after max retries	FOLLOW_PARENT	
consumer-poison-queue-alerting	Poison Queue consumer emits ERROR logs	1	8c738436	Poison Queue consumer ERROR log triggers workload alert	FOLLOW_PARENT	
consumer-poison-queue-alerting	Poison Queue consumer emits ERROR logs	2	77954d52	Consumer is scaled to zero when message is poisoned	FOLLOW_PARENT	
consumer-poison-queue-alerting	NATS POISON stream lag alert	0	b45fb27b	Messages accumulate in POISON stream	FOLLOW_PARENT	
consumer-poison-queue-alerting	NATS POISON stream lag alert	1	10e2e201	POISON stream is empty	FOLLOW_PARENT	
consumer-poison-queue-alerting	NATS POISON stream lag alert	2	892dc57b	Alert uses same notification channels as backend workload alerts	FOLLOW_PARENT	
continuous-delivery	ArgoCD Manifests	0	aec870ba	Manifest Availability	FOLLOW_PARENT	
continuous-delivery	ArgoCD Manifests	1	9ba018bb	Unused components are disabled	FOLLOW_PARENT	
continuous-delivery	Internal Web UI Access	0	bd0c95a9	Port Forward Access	FOLLOW_PARENT	
continuous-delivery	Git Repository Integration	0	3add723a	Public Repository Connection	FOLLOW_PARENT	
continuous-delivery	Root Application	0	cbed728f	Root App Exists	FOLLOW_PARENT	
continuous-delivery	Image Build and Publish	0	54f1bc4b	Push to Main	FOLLOW_PARENT	
continuous-delivery	Secure CI Authentication	0	cc72f541	Action Authentication	FOLLOW_PARENT	
continuous-delivery	Backend Application Provisioning	0	33635369	App Config Exists	FOLLOW_PARENT	
continuous-delivery	ArgoCD SHALL sync Atlas migration resources from backend repo	0	7e75d4af	Migration ArgoCD Application	FOLLOW_PARENT	
continuous-delivery	Migration sync wave SHALL precede application deployment	0	933476ef	Sync ordering	FOLLOW_PARENT	
coordinates-vo	Coordinates Value Object	0	1dd8dfbe	Proto Coordinates message	FOLLOW_PARENT	
coordinates-vo	Coordinates Value Object	1	88a879d2	Go entity Coordinates struct	FOLLOW_PARENT	
coordinates-vo	Coordinates Value Object	2	bc6b12fc	Coordinates used by Home centroid	FOLLOW_PARENT	
coordinates-vo	Coordinates Value Object	3	468c77d4	Coordinates used by Venue location	FOLLOW_PARENT	
coordinates-vo	Coordinates Value Object	4	96a2c08a	Coordinates round-trip through venue repository	FOLLOW_PARENT	
coordinates-vo	Coordinates Value Object	5	a4b8c658	Coordinates mapping in concert listing	FOLLOW_PARENT	
coordinates-vo	Coordinates Value Object	6	776f7733	PlaceSearcher adapters map external coordinates to entity.Coordinates	FOLLOW_PARENT	
css-linting	Stylelint enforces modern color functions	0	14020574	Legacy rgb/rgba rejected	FOLLOW_PARENT	
css-linting	Stylelint enforces modern color functions	1	4a994bec	Hex colors rejected	FOLLOW_PARENT	
css-linting	Stylelint enforces modern color functions	2	bc9ccccc	OKLCH accepted	FOLLOW_PARENT	
css-linting	Stylelint enforces CSS Logical Properties	0	fa68785a	Physical margin/padding rejected	FOLLOW_PARENT	
css-linting	Stylelint enforces CSS Logical Properties	1	2136de78	Physical positional properties rejected	FOLLOW_PARENT	
css-linting	Stylelint enforces CSS Logical Properties	2	72770c74	Physical border properties rejected	FOLLOW_PARENT	
css-linting	Stylelint enforces CSS Logical Properties	3	7f66a59c	Logical equivalents accepted	FOLLOW_PARENT	
css-linting	Stylelint enforces Container Queries over viewport-width media queries	0	42301da5	Viewport-width media query rejected	FOLLOW_PARENT	
css-linting	Stylelint enforces Container Queries over viewport-width media queries	1	30b0845a	Preference media queries allowed	FOLLOW_PARENT	
css-linting	Stylelint enforces Container Queries over viewport-width media queries	2	e05eb3ff	Container queries allowed	FOLLOW_PARENT	
css-linting	Stylelint prevents CSS anti-patterns	0	d6d65f83	z-index rejected	FOLLOW_PARENT	
css-linting	Stylelint prevents CSS anti-patterns	1	5634b99c	!important rejected	FOLLOW_PARENT	
css-linting	Stylelint prevents CSS anti-patterns	2	0a90e6c1	Float layout rejected	FOLLOW_PARENT	
css-linting	Stylelint prevents CSS anti-patterns	3	604bc8fd	ID selectors rejected	FOLLOW_PARENT	
css-linting	Stylelint prevents CSS anti-patterns	4	58f2c555	Excessive specificity rejected	FOLLOW_PARENT	
css-linting	Stylelint prevents CSS anti-patterns	5	d16dd01f	Deep selector nesting rejected	FOLLOW_PARENT	
css-linting	Stylelint enforces property declaration ordering	0	a6d22249	Properties ordered by group	FOLLOW_PARENT	
css-linting	Stylelint compatible with modern CSS at-rules	0	6c78d8e8	Standard CSS at-rules accepted	FOLLOW_PARENT	
css-linting	Stylelint compatible with modern CSS at-rules	1	647315e1	Modern CSS at-rules accepted	FOLLOW_PARENT	
css-linting	Stylelint enforces stacking context management	0	17a2c4be	No stylelint-disable for z-index	FOLLOW_PARENT	
css-linting	Stylelint enforces stacking context management	1	99f4614b	No magic numbers for sticky offsets	FOLLOW_PARENT	
css-linting	Stylelint enforces accessibility media queries	0	b5128798	prefers-contrast allowed	FOLLOW_PARENT	
css-linting	Stylelint enforces accessibility media queries	1	4ea1c133	forced-colors allowed	FOLLOW_PARENT	
css-linting	Stylelint enforces accessibility media queries	2	3a35e66d	prefers-reduced-motion allowed	FOLLOW_PARENT	
css-linting	Stylelint enforces accessibility media queries	3	4aff6c4e	CUBE CSS plugin rules configured	FOLLOW_PARENT	
css-linting	Stylelint integrated into CI pipeline	0	eff97471	make lint runs Stylelint	FOLLOW_PARENT	
css-linting	Stylelint integrated into CI pipeline	1	9d79c900	make check gates commits	FOLLOW_PARENT	
css-state-management	Three-layer responsibility separation	0	d6c1f466	TS ViewModel declares state as typed values	FOLLOW_PARENT	
css-state-management	Three-layer responsibility separation	1	b571a658	Template passes through without transformation	FOLLOW_PARENT	
css-state-management	Discrete visual state via `data-*.bind`	0	f90aed40	Enum state binding	FOLLOW_PARENT	
css-state-management	Discrete visual state via `data-*.bind`	1	9f17a157	Boolean state binding	FOLLOW_PARENT	
css-state-management	Discrete visual state via `data-*.bind`	2	8b62b969	No string interpolation in data-* attributes	FOLLOW_PARENT	
css-state-management	Discrete visual state via `data-*.bind`	3	e5403ea1	Multiple orthogonal states	FOLLOW_PARENT	
css-state-management	Parent container strategy for shared state flags	0	d7523bbf	Multiple children controlled by one flag	FOLLOW_PARENT	
css-state-management	Total `style` attribute ban in templates	0	45d364d9	Continuous dynamic values via custom attributes	FOLLOW_PARENT	
css-state-management	Total `style` attribute ban in templates	1	ab1253f8	Dynamic color via custom attribute	FOLLOW_PARENT	
css-state-management	Total `style` attribute ban in templates	2	84cfca94	Component-local custom property naming	FOLLOW_PARENT	
css-state-management	Total `style` attribute ban in templates	3	069cf125	Static values moved to CSS	FOLLOW_PARENT	
css-state-management	Total `style` attribute ban in templates	4	221cfc87	Lint enforcement	FOLLOW_PARENT	
css-state-management	CSS `attr()` migration path	0	4065c1de	Future migration to CSS `attr()`	FOLLOW_PARENT	
css-state-management	Animation lifecycle via CSS events	0	75f12271	Exit transition cleanup	FOLLOW_PARENT	
css-state-management	Animation lifecycle via CSS events	1	254bee60	Display duration via CSS animation	FOLLOW_PARENT	
css-state-management	Animation lifecycle via CSS events	2	35134b3e	Reduced motion bypass	FOLLOW_PARENT	
css-state-management	Animation lifecycle via CSS events	3	33dc4f4c	Animation duration single source of truth	FOLLOW_PARENT	
css-state-management	No if.bind for visual-only visibility	0	7a3b5879	Popover element stays in DOM	FOLLOW_PARENT	
css-state-management	No if.bind for visual-only visibility	1	82fb72ba	Overlay with exit animation	FOLLOW_PARENT	
css-state-management	Custom attributes for JS→CSS bridge only	0	27978189	Custom attribute for continuous value	FOLLOW_PARENT	
css-state-management	Custom attributes for JS→CSS bridge only	1	289dc748	No custom attribute for discrete state	FOLLOW_PARENT	
cube-css-architecture	CUBE CSS layer ordering via `@layer`	0	42718601	Layer order declared in main.css	FOLLOW_PARENT	
cube-css-architecture	CUBE CSS layer ordering via `@layer`	1	320c13c1	No styles outside @layer	FOLLOW_PARENT	
cube-css-architecture	CSS entry point at `src/styles/main.css`	0	39f14e5b	main.ts imports main.css	FOLLOW_PARENT	
cube-css-architecture	CSS entry point at `src/styles/main.css`	1	64de75eb	main.css imports in correct order	FOLLOW_PARENT	
cube-css-architecture	Design tokens in `tokens.css` as plain CSS custom properties	0	9fa154e9	Token file contains all design tokens	FOLLOW_PARENT	
cube-css-architecture	Design tokens in `tokens.css` as plain CSS custom properties	1	5036ca37	Token values use OKLCH color model	FOLLOW_PARENT	
cube-css-architecture	Browser reset in `reset.css` using `:where()` for zero specificity	0	16e35bdc	Reset uses :where() wrapper	FOLLOW_PARENT	
cube-css-architecture	Browser reset in `reset.css` using `:where()` for zero specificity	1	2a4de32d	Reset has zero specificity	FOLLOW_PARENT	
cube-css-architecture	Global layer for base element styling	0	91a77a37	Bare elements are visually correct without classes	FOLLOW_PARENT	
cube-css-architecture	Global layer for base element styling	1	fa51b8e0	View transitions defined in global layer	FOLLOW_PARENT	
cube-css-architecture	Composition layer for layout primitives	0	350b577e	Flow composition (vertical rhythm)	FOLLOW_PARENT	
cube-css-architecture	Composition layer for layout primitives	1	87448851	Stack composition	FOLLOW_PARENT	
cube-css-architecture	Composition layer for layout primitives	2	3289d8dd	Cluster composition	FOLLOW_PARENT	
cube-css-architecture	Composition layer for layout primitives	3	b81d3fd2	Center composition	FOLLOW_PARENT	
cube-css-architecture	Composition layer for layout primitives	4	ebcb5fc0	Wrapper composition	FOLLOW_PARENT	
cube-css-architecture	Composition layer for layout primitives	5	d28a11be	Compositions contain no visual properties	FOLLOW_PARENT	
cube-css-architecture	Utility layer for single-purpose helpers	0	4f6a5725	Animation keyframes and utility classes	FOLLOW_PARENT	
cube-css-architecture	Utility layer for single-purpose helpers	1	a6ed2e06	Reduced motion override	FOLLOW_PARENT	
cube-css-architecture	Utility layer for single-purpose helpers	2	ff82bbcb	Utilities limited to single property	FOLLOW_PARENT	
cube-css-architecture	Block layer for component-scoped styles	0	a2b9a701	Component CSS uses @scope	FOLLOW_PARENT	
cube-css-architecture	Block layer for component-scoped styles	1	6416f390	Block files limited to ~80 lines	FOLLOW_PARENT	
cube-css-architecture	Block layer for component-scoped styles	2	f7ddabd2	One block per file	FOLLOW_PARENT	
cube-css-architecture	Exception layer for state deviations via `data-*` attributes	0	aa7bc968	State-driven styling uses data-*.bind	FOLLOW_PARENT	
cube-css-architecture	Exception layer for state deviations via `data-*` attributes	1	63eddf2c	Boolean state uses value matching	FOLLOW_PARENT	
cube-css-architecture	Exception layer for state deviations via `data-*` attributes	2	53058878	Parent container strategy for shared state	FOLLOW_PARENT	
cube-css-architecture	Exception layer for state deviations via `data-*` attributes	3	1f0c1d34	Stylelint enforces data attribute convention	FOLLOW_PARENT	
cube-css-architecture	Exception layer for state deviations via `data-*` attributes	4	02786e7b	Class ternary patterns prohibited for visual state	FOLLOW_PARENT	
cube-css-architecture	Exception layer for state deviations via `data-*` attributes	5	c4623187	No ternary expressions in template bindings	FOLLOW_PARENT	
cube-css-architecture	Spacing controlled by parent, not child	0	3911bb21	No child margin for spacing	FOLLOW_PARENT	
cube-css-architecture	Spacing controlled by parent, not child	1	9b399e7d	Internal padding uses fluid values	FOLLOW_PARENT	
cube-css-architecture	No TailwindCSS dependency	0	ba51ef75	No Tailwind in build pipeline	FOLLOW_PARENT	
cube-css-architecture	No TailwindCSS dependency	1	6bd7d030	No Tailwind packages in dependencies	FOLLOW_PARENT	
cube-css-architecture	No TailwindCSS dependency	2	bc86fe22	No Tailwind utility classes in HTML	FOLLOW_PARENT	
cube-css-layer-constraints	`cube/exception-data-attr` requires `data-*` selectors in exception layer	0	7e8e5b42	Attribute selector accepted	FOLLOW_PARENT	
cube-css-layer-constraints	`cube/exception-data-attr` requires `data-*` selectors in exception layer	1	37122d12	Pure class selector rejected	FOLLOW_PARENT	
cube-css-layer-constraints	`cube/exception-data-attr` requires `data-*` selectors in exception layer	2	a99b0481	Multiple data attributes accepted	FOLLOW_PARENT	
cube-css-layer-constraints	`cube/exception-data-attr` requires `data-*` selectors in exception layer	3	f2c162aa	Non-exception layers ignored	FOLLOW_PARENT	
cube-css-layer-constraints	`cube/no-visual-in-composition` prohibits visual properties in composition layer	0	03af208c	Layout properties accepted	FOLLOW_PARENT	
cube-css-layer-constraints	`cube/no-visual-in-composition` prohibits visual properties in composition layer	1	4d0d7b63	Color property rejected	FOLLOW_PARENT	
cube-css-layer-constraints	`cube/no-visual-in-composition` prohibits visual properties in composition layer	2	0933d750	Background rejected	FOLLOW_PARENT	
cube-css-layer-constraints	`cube/no-visual-in-composition` prohibits visual properties in composition layer	3	e349f68b	Box-shadow rejected	FOLLOW_PARENT	
cube-css-layer-constraints	`cube/no-visual-in-composition` prohibits visual properties in composition layer	4	a90c5302	Border-radius rejected	FOLLOW_PARENT	
cube-css-layer-constraints	`cube/no-visual-in-composition` prohibits visual properties in composition layer	5	4dfa4da3	Custom visual property set via options	FOLLOW_PARENT	
cube-css-layer-constraints	`cube/utility-single-property` limits properties per utility selector	0	89df3dd1	Single property accepted	FOLLOW_PARENT	
cube-css-layer-constraints	`cube/utility-single-property` limits properties per utility selector	1	c2d5c604	Two tightly related properties accepted	FOLLOW_PARENT	
cube-css-layer-constraints	`cube/utility-single-property` limits properties per utility selector	2	4f6d34d6	Too many properties rejected	FOLLOW_PARENT	
cube-css-layer-constraints	`cube/utility-single-property` limits properties per utility selector	3	0acd3d8e	Custom max configured	FOLLOW_PARENT	
cube-css-layer-constraints	`cube/utility-single-property` limits properties per utility selector	4	c36d9d16	visually-hidden pattern accepted with higher limit	FOLLOW_PARENT	
cube-css-layer-constraints	`cube/block-require-scope` requires `@scope` in block layer	0	53d0a06d	Scoped block accepted	FOLLOW_PARENT	
cube-css-layer-constraints	`cube/block-require-scope` requires `@scope` in block layer	1	9f040a16	Unscoped block rejected	FOLLOW_PARENT	
cube-css-layer-constraints	`cube/block-require-scope` requires `@scope` in block layer	2	66c61a9b	Nested rules inside scope accepted	FOLLOW_PARENT	
cube-css-layer-constraints	`cube/block-require-scope` requires `@scope` in block layer	3	a55ed566	Non-block layers ignored	FOLLOW_PARENT	
cube-css-layer-constraints	`cube/data-attr-naming` restricts data attribute names in exception layer	0	f32db362	`data-state` accepted	FOLLOW_PARENT	
cube-css-layer-constraints	`cube/data-attr-naming` restricts data attribute names in exception layer	1	b2afc313	`data-variant` accepted	FOLLOW_PARENT	
cube-css-layer-constraints	`cube/data-attr-naming` restricts data attribute names in exception layer	2	f07a1c7a	`data-theme` accepted	FOLLOW_PARENT	
cube-css-layer-constraints	`cube/data-attr-naming` restricts data attribute names in exception layer	3	37dc9289	Non-standard data attribute rejected	FOLLOW_PARENT	
cube-css-layer-constraints	`cube/data-attr-naming` restricts data attribute names in exception layer	4	d0e4ad42	Custom allowed attributes via options	FOLLOW_PARENT	
cube-css-layer-enforcement	`cube/require-layer` rejects CSS rules outside `@layer` blocks	0	c2b731e2	Rule inside `@layer` accepted	FOLLOW_PARENT	
cube-css-layer-enforcement	`cube/require-layer` rejects CSS rules outside `@layer` blocks	1	f8b85829	Rule outside `@layer` rejected	FOLLOW_PARENT	
cube-css-layer-enforcement	`cube/require-layer` rejects CSS rules outside `@layer` blocks	2	a11ce989	`@layer` declaration statement accepted	FOLLOW_PARENT	
cube-css-layer-enforcement	`cube/require-layer` rejects CSS rules outside `@layer` blocks	3	612274fb	`@property` at top level accepted	FOLLOW_PARENT	
cube-css-layer-enforcement	`cube/require-layer` rejects CSS rules outside `@layer` blocks	4	9c748e95	`@keyframes` outside `@layer` rejected	FOLLOW_PARENT	
cube-css-layer-enforcement	`cube/layer-order` enforces correct `@layer` declaration order	0	66ea752e	Correct full order accepted	FOLLOW_PARENT	
cube-css-layer-enforcement	`cube/layer-order` enforces correct `@layer` declaration order	1	afe9ca89	Correct partial order accepted	FOLLOW_PARENT	
cube-css-layer-enforcement	`cube/layer-order` enforces correct `@layer` declaration order	2	51d3fe60	Wrong order rejected	FOLLOW_PARENT	
cube-css-layer-enforcement	`cube/layer-order` enforces correct `@layer` declaration order	3	d84af807	Unknown layer name rejected	FOLLOW_PARENT	
cube-css-layer-enforcement	`cube/layer-order` enforces correct `@layer` declaration order	4	74976d0e	Multiple `@layer` block declarations maintain order	FOLLOW_PARENT	
cube-css-layer-enforcement	`cube/layer-order` enforces correct `@layer` declaration order	5	99417d65	Out-of-order `@layer` block declarations rejected	FOLLOW_PARENT	
cube-css-lint-plugin	Plugin registers all rules under the `cube/` namespace	0	3bc28ea5	All 14 rules are registered	FOLLOW_PARENT	
cube-css-lint-plugin	Plugin registers all rules under the `cube/` namespace	1	27191c33	Unknown rule name rejected	FOLLOW_PARENT	
cube-css-lint-plugin	Plugin is a local ESM package	0	76e34e59	Plugin loaded via relative path	FOLLOW_PARENT	
cube-css-lint-plugin	Each rule has comprehensive test coverage	0	03eb1335	Test suite passes	FOLLOW_PARENT	
cube-css-lint-plugin	Shared layer context utility	0	a4517331	Nested node returns correct layer	FOLLOW_PARENT	
cube-css-lint-plugin	Shared layer context utility	1	72a7e8f0	Unlayered node returns null	FOLLOW_PARENT	
cube-css-modern-css-rules	`cube/prefer-vi-over-vw` recommends `vi` unit over `vw`	0	8ae1ab26	`vi` unit accepted	FOLLOW_PARENT	
cube-css-modern-css-rules	`cube/prefer-vi-over-vw` recommends `vi` unit over `vw`	1	2f70e0ca	`vw` unit rejected	FOLLOW_PARENT	
cube-css-modern-css-rules	`cube/prefer-vi-over-vw` recommends `vi` unit over `vw`	2	b4665fc6	`vh` not affected	FOLLOW_PARENT	
cube-css-modern-css-rules	`cube/prefer-vi-over-vw` recommends `vi` unit over `vw`	3	f51767cd	`svw` and `lvw` also rejected	FOLLOW_PARENT	
cube-css-modern-css-rules	`cube/require-container-name` enforces naming containers	0	062d7991	Both properties present accepted	FOLLOW_PARENT	
cube-css-modern-css-rules	`cube/require-container-name` enforces naming containers	1	19cdb013	`container` shorthand with name accepted	FOLLOW_PARENT	
cube-css-modern-css-rules	`cube/require-container-name` enforces naming containers	2	bb6bf70b	`container-type` without `container-name` rejected	FOLLOW_PARENT	
cube-css-modern-css-rules	`cube/require-container-name` enforces naming containers	3	1741fa8c	`container-type: normal` ignored	FOLLOW_PARENT	
cube-css-modern-css-rules	`cube/prefer-color-mix` recommends `color-mix()` for derived colors	0	ee3841bf	`color-mix()` accepted	FOLLOW_PARENT	
cube-css-modern-css-rules	`cube/prefer-color-mix` recommends `color-mix()` for derived colors	1	8a505828	Relative color syntax accepted	FOLLOW_PARENT	
cube-css-modern-css-rules	`cube/prefer-color-mix` recommends `color-mix()` for derived colors	2	b968d2b8	Base color definition accepted	FOLLOW_PARENT	
cube-css-modern-css-rules	`cube/prefer-color-mix` recommends `color-mix()` for derived colors	3	3ab12685	Derived color without `color-mix()` or relative syntax warned	FOLLOW_PARENT	
cube-css-structural-rules	`cube/block-max-lines` limits block size	0	5e93f5bd	Small block accepted	FOLLOW_PARENT	
cube-css-structural-rules	`cube/block-max-lines` limits block size	1	05a44a28	Oversized block rejected	FOLLOW_PARENT	
cube-css-structural-rules	`cube/block-max-lines` limits block size	2	22a6d20d	Custom max configured	FOLLOW_PARENT	
cube-css-structural-rules	`cube/block-max-lines` limits block size	3	73a9faa7	Non-block layers ignored	FOLLOW_PARENT	
cube-css-structural-rules	`cube/one-block-per-file` enforces single block per file	0	7b90fb48	Single scope accepted	FOLLOW_PARENT	
cube-css-structural-rules	`cube/one-block-per-file` enforces single block per file	1	8fc936cf	Multiple scopes rejected	FOLLOW_PARENT	
cube-css-structural-rules	`cube/one-block-per-file` enforces single block per file	2	528c51dc	Files without block layer ignored	FOLLOW_PARENT	
cube-css-structural-rules	`cube/prefer-where-in-reset` recommends `:where()` in reset and global layers	0	a6c2c0b1	`:where()` selector accepted	FOLLOW_PARENT	
cube-css-structural-rules	`cube/prefer-where-in-reset` recommends `:where()` in reset and global layers	1	9335d0a2	Element selector without `:where()` warned	FOLLOW_PARENT	
cube-css-structural-rules	`cube/prefer-where-in-reset` recommends `:where()` in reset and global layers	2	b09244b1	`:root` selector accepted without `:where()`	FOLLOW_PARENT	
cube-css-structural-rules	`cube/prefer-where-in-reset` recommends `:where()` in reset and global layers	3	87fd8c2a	`body` selector accepted without `:where()`	FOLLOW_PARENT	
cube-css-structural-rules	`cube/prefer-where-in-reset` recommends `:where()` in reset and global layers	4	e1dd4ef6	Universal selector in reset accepted	FOLLOW_PARENT	
cube-css-structural-rules	`cube/prefer-where-in-reset` recommends `:where()` in reset and global layers	5	abe61c8c	Non-reset/global layers ignored	FOLLOW_PARENT	
cube-css-token-enforcement	`cube/require-token-variables` enforces `var()` for design token properties	0	7dc00ee3	`var()` value accepted	FOLLOW_PARENT	
cube-css-token-enforcement	`cube/require-token-variables` enforces `var()` for design token properties	1	704ed39b	Raw literal rejected	FOLLOW_PARENT	
cube-css-token-enforcement	`cube/require-token-variables` enforces `var()` for design token properties	2	93c64671	Raw color rejected	FOLLOW_PARENT	
cube-css-token-enforcement	`cube/require-token-variables` enforces `var()` for design token properties	3	88d9f6d5	Raw font-size rejected	FOLLOW_PARENT	
cube-css-token-enforcement	`calc()` expressions must contain at least one `var()`	0	182bd869	calc with var() accepted	FOLLOW_PARENT	
cube-css-token-enforcement	`calc()` expressions must contain at least one `var()`	1	e067e76a	calc with division by literal accepted	FOLLOW_PARENT	
cube-css-token-enforcement	`calc()` expressions must contain at least one `var()`	2	7e71be14	Pure literal calc rejected	FOLLOW_PARENT	
cube-css-token-enforcement	`calc()` expressions must contain at least one `var()`	3	25319761	Nested calc with var() accepted	FOLLOW_PARENT	
cube-css-token-enforcement	Structural values bypass token enforcement	0	881726a1	Zero accepted	FOLLOW_PARENT	
cube-css-token-enforcement	Structural values bypass token enforcement	1	73ac113d	`auto` accepted	FOLLOW_PARENT	
cube-css-token-enforcement	Structural values bypass token enforcement	2	7030028d	`none` accepted	FOLLOW_PARENT	
cube-css-token-enforcement	Structural values bypass token enforcement	3	7acfa986	CSS-wide keywords accepted	FOLLOW_PARENT	
cube-css-token-enforcement	Structural values bypass token enforcement	4	b6e9ce93	`currentColor` accepted	FOLLOW_PARENT	
cube-css-token-enforcement	Structural values bypass token enforcement	5	4f59208a	`transparent` accepted	FOLLOW_PARENT	
cube-css-token-enforcement	Structural values bypass token enforcement	6	6804b599	Grid fractions accepted	FOLLOW_PARENT	
cube-css-token-enforcement	Token definition layers are excluded	0	25ea37ee	Raw value in global layer accepted	FOLLOW_PARENT	
cube-css-token-enforcement	Token definition layers are excluded	1	fa008a1f	Raw value in reset layer accepted	FOLLOW_PARENT	
cube-css-token-enforcement	Duration and easing properties are token-enforced	0	344d99a4	Duration token accepted	FOLLOW_PARENT	
cube-css-token-enforcement	Duration and easing properties are token-enforced	1	5e889a35	Raw duration rejected	FOLLOW_PARENT	
cube-css-token-enforcement	Configurable property list	0	5f08647e	Custom properties list	FOLLOW_PARENT	
dashboard-artist-filter	URL-driven artist filter	0	da3b117f	Single artist filter from URL	FOLLOW_PARENT	
dashboard-artist-filter	URL-driven artist filter	1	8587c1ed	Multiple artist filter from URL	FOLLOW_PARENT	
dashboard-artist-filter	URL-driven artist filter	2	7e785051	No filter — unfiltered view preserved	FOLLOW_PARENT	
dashboard-artist-filter	URL-driven artist filter	3	76eb7ecc	Unknown artist ID in filter	FOLLOW_PARENT	
dashboard-artist-filter	URL-driven artist filter	4	c790d43f	Filter yields empty result	FOLLOW_PARENT	
dashboard-artist-filter	Filter state synchronised with URL	0	d419b05c	User adds an artist to the filter	FOLLOW_PARENT	
dashboard-artist-filter	Filter state synchronised with URL	1	b60e5c49	Page reload preserves filter	FOLLOW_PARENT	
dashboard-artist-filter	Filter chip UI in page header	0	5dc3547b	No active filter — header unchanged	FOLLOW_PARENT	
dashboard-artist-filter	Filter chip UI in page header	1	9c50993c	Active filter — icon state only	FOLLOW_PARENT	
dashboard-artist-filter	Filter chip UI in page header	2	b3f63975	Dismissing an active filter	FOLLOW_PARENT	
dashboard-artist-filter	Filter chip UI in page header	3	90fb9f7c	No filter trigger in the header	FOLLOW_PARENT	
dashboard-artist-filter	Artist-selection bottom sheet	0	a3a4b44b	Opening the bottom sheet	FOLLOW_PARENT	
dashboard-artist-filter	Artist-selection bottom sheet	1	c21f2416	Artist chip shows upcoming-concert count	FOLLOW_PARENT	
dashboard-artist-filter	Artist-selection bottom sheet	2	a833b014	Chips ordered by concert count descending	FOLLOW_PARENT	
dashboard-artist-filter	Artist-selection bottom sheet	3	42bb3a99	Zero-concert artists hidden	FOLLOW_PARENT	
dashboard-artist-filter	Artist-selection bottom sheet	4	a1344629	Counts stable while filtering	FOLLOW_PARENT	
dashboard-artist-filter	Artist-selection bottom sheet	5	02adf0db	Pre-selecting current filter	FOLLOW_PARENT	
dashboard-artist-filter	Artist-selection bottom sheet	6	dc217b22	Chip selected state	FOLLOW_PARENT	
dashboard-artist-filter	Artist-selection bottom sheet	7	1ace570b	Clear all pending selections	FOLLOW_PARENT	
dashboard-artist-filter	Artist-selection bottom sheet	8	1f93ecc2	Clear all button disabled when nothing selected	FOLLOW_PARENT	
dashboard-artist-filter	Artist-selection bottom sheet	9	238f9e0f	Confirming selection	FOLLOW_PARENT	
dashboard-artist-filter	Artist-selection bottom sheet	10	2ec61c66	Confirming empty selection	FOLLOW_PARENT	
dashboard-artist-filter	Artist-selection bottom sheet	11	6b2b1d30	Sheet snaps flush to viewport bottom	FOLLOW_PARENT	
dashboard-artist-filter	Push notification deep-link to filtered dashboard	0	dbd53f73	Notification tap opens the concert filtered to its artist	FOLLOW_PARENT	
dashboard-artist-filter	Push notification deep-link to filtered dashboard	1	1cdcb4b7	Deep-link auto-open suppressed during onboarding	FOLLOW_PARENT	
dashboard-artist-filter	Filter availability for guest users	0	607f70da	Guest sees the filter trigger and artist facet	FOLLOW_PARENT	
dashboard-artist-filter	Filter availability for guest users	1	b9610131	Filter still suppressed during onboarding	FOLLOW_PARENT	
dashboard-concert-cache	listByFollower results are cached in memory for the session	0	07cb45a4	Cache hit on Dashboard re-entry	FOLLOW_PARENT	
dashboard-concert-cache	listByFollower results are cached in memory for the session	1	e686da5c	Cache miss on first load	FOLLOW_PARENT	
dashboard-concert-cache	listByFollower results are cached in memory for the session	2	ea2fa146	Cache expiry after 24 hours	FOLLOW_PARENT	
dashboard-concert-cache	listByFollower results are cached in memory for the session	3	00dd26e4	Revalidation on PWA resume	FOLLOW_PARENT	
dashboard-concert-cache	Concert cache is invalidated on follow	0	1aad6fb8	Cache invalidated after follow	FOLLOW_PARENT	
dashboard-concert-cache	Concert cache is invalidated on follow	1	68fbb2c5	Cache not invalidated on follow RPC failure	FOLLOW_PARENT	
dashboard-concert-cache	listFollowed RPC provides hype data on every dashboard load	0	c7133fee	Follow state already in memory	FOLLOW_PARENT	
dashboard-concert-cache	listFollowed RPC provides hype data on every dashboard load	1	afbe232e	Follow state not yet loaded	FOLLOW_PARENT	
dashboard-concert-cache	All Nearby mode uses ListByLocation	0	ba2f95e5	All Nearby result cached independently	FOLLOW_PARENT	
dashboard-concert-cache	All Nearby mode uses ListByLocation	1	467ffae3	Cache invalidated on filter change	FOLLOW_PARENT	
dashboard-concert-cache	All Nearby mode uses ListByLocation	2	5b885034	My Timetable cache unaffected by All Nearby mode	FOLLOW_PARENT	
dashboard-date-filter	Default today-onward timetable	0	9f73dbc7	Fresh load defaults to today onward	FOLLOW_PARENT	
dashboard-date-filter	Default today-onward timetable	1	68697580	Empty upcoming timetable	FOLLOW_PARENT	
dashboard-date-filter	URL-driven date filter	0	71c150dd	Past date from URL	FOLLOW_PARENT	
dashboard-date-filter	URL-driven date filter	1	d485feda	Invalid or malformed date value	FOLLOW_PARENT	
dashboard-date-filter	URL-driven date filter	2	f50ba041	Future date from URL	FOLLOW_PARENT	
dashboard-date-filter	Date facet in the filter bottom sheet	0	f2fba4b7	Expanding the date facet	FOLLOW_PARENT	
dashboard-date-filter	Date facet in the filter bottom sheet	1	645ebaf1	Choosing a past date and confirming	FOLLOW_PARENT	
dashboard-date-filter	Date facet in the filter bottom sheet	2	69baa5a6	Collapsing back to today onward	FOLLOW_PARENT	
dashboard-date-filter	Date facet in the filter bottom sheet	3	2b94bbf6	Date facet combines with artist and journey facets	FOLLOW_PARENT	
dashboard-date-filter	Date filter state persistence	0	7085aa2a	Reload preserves the date filter	FOLLOW_PARENT	
dashboard-journey-filter	URL-driven journey filter	0	b92bf5ae	Single status filter from URL	FOLLOW_PARENT	
dashboard-journey-filter	URL-driven journey filter	1	93def464	Multiple status filter from URL	FOLLOW_PARENT	
dashboard-journey-filter	URL-driven journey filter	2	99811a7f	No journey filter — unconstrained by status	FOLLOW_PARENT	
dashboard-journey-filter	URL-driven journey filter	3	152bfa75	Concerts without a journey status are excluded when filtering	FOLLOW_PARENT	
dashboard-journey-filter	URL-driven journey filter	4	61bab207	Unknown status value in filter	FOLLOW_PARENT	
dashboard-journey-filter	URL-driven journey filter	5	21f438bb	Filter yields empty result	FOLLOW_PARENT	
dashboard-journey-filter	Journey filter combines with artist filter	0	c4f23dce	Both facets active	FOLLOW_PARENT	
dashboard-journey-filter	Journey filter combines with artist filter	1	a4da6a65	Only journey facet active	FOLLOW_PARENT	
dashboard-journey-filter	Journey filter combines with artist filter	2	1976b6ed	Only artist facet active	FOLLOW_PARENT	
dashboard-journey-filter	Journey filter state synchronised with URL	0	7ef11053	User changes the journey filter	FOLLOW_PARENT	
dashboard-journey-filter	Journey filter state synchronised with URL	1	15b028ae	A single URL update writes both facets	FOLLOW_PARENT	
dashboard-journey-filter	Journey filter state synchronised with URL	2	be93736b	Page reload preserves the journey filter	FOLLOW_PARENT	
dashboard-journey-filter	Journey-status facet in the filter sheet	0	5b604373	Facet rendered as its own section	FOLLOW_PARENT	
dashboard-journey-filter	Journey-status facet in the filter sheet	1	4bbdf4df	Status ordering with process/outcome break	FOLLOW_PARENT	
dashboard-journey-filter	Journey-status facet in the filter sheet	2	9f17d315	Chip selected state	FOLLOW_PARENT	
dashboard-journey-filter	Journey-status facet in the filter sheet	3	0bcc9eab	Pre-selecting the current journey filter	FOLLOW_PARENT	
dashboard-journey-filter	Journey-status facet in the filter sheet	4	6aadf52a	Confirming clears or sets the journey filter	FOLLOW_PARENT	
dashboard-journey-filter	Journey-status facet in the filter sheet	5	8b51e768	Clear all covers the journey facet	FOLLOW_PARENT	
dashboard-journey-filter	Journey facet visible to authenticated users only	0	c3e79eac	Authenticated user sees the journey facet	FOLLOW_PARENT	
dashboard-journey-filter	Journey facet visible to authenticated users only	1	d2b431cd	Guest does not see the journey facet	FOLLOW_PARENT	
dashboard-journey-filter	Journey facet visible to authenticated users only	2	985c4dbb	Sign-in mid-session reveals the facet	FOLLOW_PARENT	
database	Schema migrations MUST be applied before serving traffic	0	d22655e9	Application startup sequence	FOLLOW_PARENT	
database	The system MUST provide persistent relational storage	0	7117b12a	Production Deployment	FOLLOW_PARENT	
database	The system MUST provide persistent relational storage	1	21da8797	Promotion to steady-state HA	FOLLOW_PARENT	
database	The system MUST provide persistent relational storage	2	e17e9b04	Failover semantics in ZONAL phase	FOLLOW_PARENT	
database	Application data SHALL reside in a dedicated schema	0	9911c79a	Schema isolation	FOLLOW_PARENT	
database	Database tables SHALL NOT include metadata timestamp columns	0	fa23e965	Metadata timestamps removed from all tables	FOLLOW_PARENT	
database	Database tables SHALL NOT include metadata timestamp columns	1	cfee44b2	Business timestamps are preserved	FOLLOW_PARENT	
database-migration	The system MUST apply pending database migrations on startup	0	a20f4c9a	First deployment with empty database	FOLLOW_PARENT	
database-migration	The system MUST apply pending database migrations on startup	1	ef317e1d	Subsequent startup with up-to-date schema	FOLLOW_PARENT	
database-migration	The system MUST apply pending database migrations on startup	2	9f4c08a4	New migrations available	FOLLOW_PARENT	
database-migration	The system MUST prevent concurrent migration execution	0	f69c9fad	Two pods start simultaneously	FOLLOW_PARENT	
database-migration	The system MUST fail startup on migration error	0	4c16888f	Invalid SQL in migration file	FOLLOW_PARENT	
database-migration	The system MUST embed migration files in the binary	0	ac34358a	Container without migration files on disk	FOLLOW_PARENT	
database-migration	The CI pipeline MUST validate migration file ordering	0	4ef61333	PR with out-of-order migration file	FOLLOW_PARENT	
database-migration	The CI pipeline MUST validate migration file ordering	1	e54a1cd8	PR with correctly ordered migration file	FOLLOW_PARENT	
db-trace-correlation	OTel span creation for database queries	0	6fd6e0d1	SELECT query creates a client span	FOLLOW_PARENT	
db-trace-correlation	OTel span creation for database queries	1	c2eccbca	INSERT query creates a client span	FOLLOW_PARENT	
db-trace-correlation	OTel span creation for database queries	2	668ce230	Query execution error records PostgreSQL error code	FOLLOW_PARENT	
db-trace-correlation	OTel span creation for database queries	3	69813b5d	Query execution error without PgError	FOLLOW_PARENT	
db-trace-correlation	OTel span creation for database queries	4	8ed310de	Table name extraction fails gracefully	FOLLOW_PARENT	
db-trace-correlation	sqlcommenter traceparent injection	0	e5969c3a	traceparent comment is prepended to SQL	FOLLOW_PARENT	
db-trace-correlation	sqlcommenter traceparent injection	1	02cf7dc0	No comment injection when no active span	FOLLOW_PARENT	
db-trace-correlation	Transparent pool wrapping	0	ce8f8882	Repository uses pool wrapper without code changes	FOLLOW_PARENT	
db-trace-correlation	Transparent pool wrapping	1	6a752d18	Pool wrapper supports Begin for transactions	FOLLOW_PARENT	
db-trace-correlation	Transaction query tracing	0	40f35169	Query within transaction creates a span	FOLLOW_PARENT	
db-trace-correlation	Transaction query tracing	1	eac0aa1d	Commit and Rollback create spans	FOLLOW_PARENT	
deployment-infrastructure	Workload Identity Federation (WIF)	0	6c664a3b	WIF Pool Provisioning	FOLLOW_PARENT	
deployment-infrastructure	Pulumi OIDC Provider	0	b25b00f2	OIDC Provider Configuration	FOLLOW_PARENT	
deployment-infrastructure	Deployment Service Account	0	d9a7e764	Service Account Assignment	FOLLOW_PARENT	
deployment-infrastructure	Native Managed OIDC Deployment	0	fd5e6b1e	Keyless Managed Deployment	FOLLOW_PARENT	
deployment-infrastructure	Automated PR Flow	0	ac9be26e	Dev Preview on PR	FOLLOW_PARENT	
deployment-infrastructure	Automated PR Flow	1	15de0621	Prod Preview on PR	FOLLOW_PARENT	
deployment-infrastructure	Automated Merge Flow (Dev)	0	3abfc76c	Dev Deploy on Merge	FOLLOW_PARENT	
deployment-infrastructure	Manual Deployment Flow (Prod)	0	af2af9ff	Prod Manual Deploy	FOLLOW_PARENT	
deployment-infrastructure	Dedicated CD Namespace	0	1471e105	Namespace Existence	FOLLOW_PARENT	
deployment-infrastructure	Dedicated CD Namespace	1	c920ef3b	External Secrets namespace	FOLLOW_PARENT	
deployment-infrastructure	Dev backend runs single replica	0	e85ddc90	Dev backend replica count	FOLLOW_PARENT	
deployment-infrastructure	All dev workload kinds use Spot VM scheduling	0	060579cd	CronJob Spot VM coverage	FOLLOW_PARENT	
deployment-infrastructure	All dev workload kinds use Spot VM scheduling	1	5dde0097	All dev workloads on Spot VMs	FOLLOW_PARENT	
design-system	Design Token Definition	0	08888de3	Color tokens defined	FOLLOW_PARENT	
design-system	Design Token Definition	1	501244b5	Stage color tokens defined	FOLLOW_PARENT	
design-system	Design Token Definition	2	f9fb4041	Typography tokens defined	FOLLOW_PARENT	
design-system	Design Token Definition	3	8ca82ad5	Righteous font-weight constraint	FOLLOW_PARENT	
design-system	Design Token Definition	4	f24fbbcb	Border color tokens defined	FOLLOW_PARENT	
design-system	Design Token Definition	5	a6b72042	Shadow tokens reference brand color via relative color syntax	FOLLOW_PARENT	
design-system	Design Token Definition	6	c89e89d0	Shape tokens defined	FOLLOW_PARENT	
design-system	Design Token Definition	7	661ae8a9	Spacing scale tokens defined	FOLLOW_PARENT	
design-system	Design Token Definition	8	2071b4a3	Container query breakpoint tokens defined	FOLLOW_PARENT	
design-system	Design Token Definition	9	cb37dec7	View transition tokens defined	FOLLOW_PARENT	
design-system	Display Font Loading	0	79b36a96	Font preloading	FOLLOW_PARENT	
design-system	View Transitions as route animation system	0	449d431b	View transition styles defined	FOLLOW_PARENT	
design-system	View Transitions as route animation system	1	a3326551	Keyframe fallback preserved	FOLLOW_PARENT	
design-system	Container Query infrastructure	0	634a8252	Container type with named container	FOLLOW_PARENT	
design-system	SVG Icon Component	0	580c645a	Icon rendering by name	FOLLOW_PARENT	
design-system	SVG Icon Component	1	78592da2	Size variants	FOLLOW_PARENT	
design-system	SVG Icon Component	2	ef6cb5d0	Icon set coverage	FOLLOW_PARENT	
design-system	SVG Icon Component	3	1b53f1ea	Color inheritance	FOLLOW_PARENT	
design-system	State Placeholder Component	0	f2b90b56	Rendering with icon only	FOLLOW_PARENT	
design-system	State Placeholder Component	1	22cdea5a	No icon	FOLLOW_PARENT	
design-system	State Placeholder Component	2	0ebb4989	Custom content via slot	FOLLOW_PARENT	
design-system	Page Shell Component	0	bbdee260	Standard page layout	FOLLOW_PARENT	
design-system	Page Shell Component	1	8d9690ff	Header actions slot	FOLLOW_PARENT	
design-system	Page Shell Component	2	86238fa7	Hidden header	FOLLOW_PARENT	
design-system	Page Shell Component	3	a58cc421	Pages excluded from page-shell	FOLLOW_PARENT	
design-system	Snack Bar Component	0	2ace5766	Snack display on event publish	FOLLOW_PARENT	
design-system	Snack Bar Component	1	a24ea5a7	Auto-dismiss after duration	FOLLOW_PARENT	
design-system	Snack Bar Component	2	84f30fc7	Programmatic dismiss via handle	FOLLOW_PARENT	
design-system	Snack Bar Component	3	23b8e425	DOM cleanup after exit transition	FOLLOW_PARENT	
design-system	Snack Bar Component	4	3a3212e1	Multiple simultaneous snacks	FOLLOW_PARENT	
design-system	Snack Bar Component	5	e4cefb43	Snack action button	FOLLOW_PARENT	
design-system	Snack Bar Component	6	f33c4b24	Reduced motion preference	FOLLOW_PARENT	
design-system	Snack Bar Component	7	9494f714	CSS entry animation	FOLLOW_PARENT	
design-system	Snack Bar Component	8	fa28f0e5	CSS exit animation	FOLLOW_PARENT	
design-system	Snack Bar Component	9	3ef6022a	Snack severity visual variants	FOLLOW_PARENT	
design-system	Snack Bar Component	10	127eee8a	Accessibility	FOLLOW_PARENT	
design-system	Snack Bar Component	11	4f03fb5d	Top Layer stacking with dialogs	FOLLOW_PARENT	
design-system	Type-scale minimum legibility floor	0	c945579c	Minimum floor token raised to 11px	FOLLOW_PARENT	
design-system	Type-scale minimum legibility floor	1	621ae885	General text rests on --step--1 or larger	FOLLOW_PARENT	
design-system	Type-scale minimum legibility floor	2	66cf8bdf	--step--2 scoped to compact-only components	FOLLOW_PARENT	
dev-db-access	A Cloud SQL Auth Proxy Deployment SHALL exist in the dev cluster	0	11e5a74c	Proxy pod is running	FOLLOW_PARENT	
dev-db-access	Local DB access SHALL be established via kubectl port-forward	0	49b57d1a	Agent or developer establishes a local connection	FOLLOW_PARENT	
dev-db-access	Local DB access SHALL be established via kubectl port-forward	1	2b8a471a	Agent connects using psql	FOLLOW_PARENT	
dev-db-access	Dev DB access procedure SHALL be discoverable from backend/AGENTS.md	0	15cdfc78	Agent receives connection context	FOLLOW_PARENT	
dev-db-access	Dev DB access SHALL use existing IAM permissions with no new service accounts	0	db993083	Proxy authenticates with existing Workload Identity	FOLLOW_PARENT	
discover	Bubble UI Re-experience	0	e4fd9350	Default Bubble UI display	FOLLOW_PARENT	
discover	Bubble UI Re-experience	1	90b90c57	Genre filtering	FOLLOW_PARENT	
discover	Bubble UI Re-experience	2	96725160	Genre deselection reverts to regional results	FOLLOW_PARENT	
discover	Bubble UI Re-experience	3	9f8ecf09	Already-followed artists	FOLLOW_PARENT	
discover	Bubble UI Re-experience	4	d32dbd96	Concert check after follow uses List RPC	FOLLOW_PARENT	
discover	Bubble UI Re-experience	5	64dfe684	Concert check at page load uses List RPC	FOLLOW_PARENT	
discover	Manual Search	0	81b327db	Search bar display	FOLLOW_PARENT	
discover	Manual Search	1	6ca89e3b	Entering search mode	FOLLOW_PARENT	
discover	Manual Search	2	4bf5fa87	Search results	FOLLOW_PARENT	
discover	Manual Search	3	990544fb	Exiting search mode	FOLLOW_PARENT	
discover	Search bar icon explicit sizing	0	e575901b	Search icon renders at fixed size	FOLLOW_PARENT	
discover	Search bar icon explicit sizing	1	e28ae412	Clear button renders at fixed size	FOLLOW_PARENT	
discover	Performance on Tab Switch	0	69276d29	Tab deactivation	FOLLOW_PARENT	
discover	Performance on Tab Switch	1	5def4ebc	Tab reactivation	FOLLOW_PARENT	
discover	Reset to Top 50 control	0	c88a3ff9	Reset restores global Top 50	FOLLOW_PARENT	
discover	Reset to Top 50 control	1	a3bd876c	Reset clears active genre filter	FOLLOW_PARENT	
discover	Reset to Top 50 control	2	4a3550f0	Reset control stays visible while chips scroll	FOLLOW_PARENT	
discover	Reset to Top 50 control	3	87221cd8	Reset control is accessible	FOLLOW_PARENT	
discovery-bubble-cache	Discovery bubble pool is cached in ArtistStore singleton	0	a48c9603	Re-entry paints cached artists instantly	FOLLOW_PARENT	
discovery-bubble-cache	Discovery bubble pool is cached in ArtistStore singleton	1	da37ea2f	Re-entry with all cached artists already followed	FOLLOW_PARENT	
discovery-bubble-cache	Discovery bubble pool is cached in ArtistStore singleton	2	a6a5283b	Cache excludes followed artists on re-entry	FOLLOW_PARENT	
discovery-bubble-cache	Discovery bubble pool is cached in ArtistStore singleton	3	9e046047	Cold visit uses ghost bubbles	FOLLOW_PARENT	
discovery-bubble-cache	Discovery bubble pool is cached in ArtistStore singleton	4	4197ce9e	Cache is updated after each successful load	FOLLOW_PARENT	
discovery-bubble-cache	Re-entry preserves the in-session bubble field	0	03819563	Fresh field is reused on re-entry	FOLLOW_PARENT	
discovery-bubble-cache	Re-entry preserves the in-session bubble field	1	3c7a45da	Non-destructive delta on refresh	FOLLOW_PARENT	
discovery-bubble-cache	Re-entry preserves the in-session bubble field	2	94d15221	Follow while away is reconciled without collapsing the field	FOLLOW_PARENT	
discovery-bubble-cache	Re-entry preserves the in-session bubble field	3	82c0a2fa	Stale field triggers a full reload	FOLLOW_PARENT	
discovery-tap-sonic-feedback	Bubble Tap Sound Character	0	b2533e3b	Tap plays a fixed pop on every tap	FOLLOW_PARENT	
discovery-tap-sonic-feedback	Bubble Tap Sound Character	1	89843481	"Pop is a low ""pu"" thump followed by a high ""chu"" chirp"	FOLLOW_PARENT	
discovery-tap-sonic-feedback	Bubble Tap Sound Character	2	edfbf360	Pop has a plosive noise breath	FOLLOW_PARENT	
discovery-tap-sonic-feedback	Bubble Tap Sound Character	3	4e2f4877	Pop timbre is dry and percussive	FOLLOW_PARENT	
discovery-tap-sonic-feedback	Landing Tone On Absorption	0	47baaf4d	Absorption completion plays a settle tone	FOLLOW_PARENT	
discovery-tap-sonic-feedback	Sound Respects Mute and Volume Settings	0	aac58fde	Muted user taps a bubble	FOLLOW_PARENT	
discovery-tap-sonic-feedback	Sound Respects Mute and Volume Settings	1	70e12200	Volume preference applied	FOLLOW_PARENT	
discovery-tap-sonic-feedback	Sound Respects Mute and Volume Settings	2	f56a5792	Audio unlocked within a user gesture	FOLLOW_PARENT	
dna-orb-color-injection	Bubble Hue Injection into Orb Particles	0	762c8dfb	Follow triggers color injection	FOLLOW_PARENT	
dna-orb-color-injection	Bubble Hue Injection into Orb Particles	1	13b7146c	Accumulated follows produce diverse orb colors	FOLLOW_PARENT	
dna-orb-color-injection	Bubble Hue Injection into Orb Particles	2	742ec7d6	Hue comes from bubble's existing rendering color	FOLLOW_PARENT	
dna-orb-color-injection	Swirl Animation on Follow	0	20f54019	Swirl triggers on color injection	FOLLOW_PARENT	
dna-orb-color-injection	Swirl Animation on Follow	1	b37ddd0f	Swirl during reduced motion preference	FOLLOW_PARENT	
dna-orb-color-injection	Swirl Animation on Follow	2	a01f5d4d	Multiple rapid follows	FOLLOW_PARENT	
e2e-auth-testing	Playwright MCP Authenticated Session	0	ac3edd6c	MCP starts with storageState	FOLLOW_PARENT	
e2e-auth-testing	Playwright MCP Authenticated Session	1	8c782613	MCP navigates to protected route	FOLLOW_PARENT	
e2e-auth-testing	StorageState Capture Script	0	4003aaf8	Capture storageState from test user login	FOLLOW_PARENT	
e2e-auth-testing	StorageState Gitignore	0	fa5f960c	Git status after storageState generation	FOLLOW_PARENT	
e2e-auth-testing	Password-Based Storage State Capture Path	0	4797ffb0	Capture script runs to completion on WSL2	FOLLOW_PARENT	
e2e-auth-testing	Password-Based Storage State Capture Path	1	e958010d	Captured storage state authenticates Playwright tests	FOLLOW_PARENT	
e2e-auth-testing	Test-User Credential File Gitignored	0	a2ba76fa	Git status after capture	FOLLOW_PARENT	
edit-mode-unfollow	Edit-mode toggle reveals per-row remove controls	0	9835f53e	Entering edit mode reveals remove controls	FOLLOW_PARENT	
edit-mode-unfollow	Edit-mode toggle reveals per-row remove controls	1	e4efd8b9	Leaving edit mode hides remove controls	FOLLOW_PARENT	
edit-mode-unfollow	Edit-mode toggle reveals per-row remove controls	2	3489f951	Remove control is available on all pointer types	FOLLOW_PARENT	
edit-mode-unfollow	Edit-mode toggle reveals per-row remove controls	3	438f9240	Default (non-editing) list shows no persistent per-row unfollow control	FOLLOW_PARENT	
edit-mode-unfollow	Edit-mode toggle reveals per-row remove controls	4	f888450d	Edit toggle presented in the page header	FOLLOW_PARENT	
edit-mode-unfollow	Edit-mode toggle reveals per-row remove controls	5	2d7da23a	Edit toggle hidden when there is nothing to edit	FOLLOW_PARENT	
edit-mode-unfollow	Edit-mode toggle reveals per-row remove controls	6	fa78c006	Edit mode exits when the last artist is removed	FOLLOW_PARENT	
edit-mode-unfollow	Edit-mode toggle reveals per-row remove controls	7	2272754b	Edit mode is not persisted across navigation	FOLLOW_PARENT	
edit-mode-unfollow	Edit-mode toggle reveals per-row remove controls	8	d8a2a3e8	Hype controls remain usable in edit mode	FOLLOW_PARENT	
edit-mode-unfollow	Edit-mode controls are accessible	0	9a254c89	Edit toggle exposes pressed state	FOLLOW_PARENT	
edit-mode-unfollow	Edit-mode controls are accessible	1	7aef852c	Remove control has an accessible name	FOLLOW_PARENT	
edit-mode-unfollow	Remove control unfollows immediately with Undo	0	0522e2e8	Remove unfollows immediately	FOLLOW_PARENT	
edit-mode-unfollow	Remove control unfollows immediately with Undo	1	fc44a3ea	Undo restores the artist	FOLLOW_PARENT	
edit-mode-unfollow	Remove control unfollows immediately with Undo	2	a98b3f76	Unfollow blocked during onboarding	FOLLOW_PARENT	
email-provider	Zitadel SMTP configuration via Pulumi	0	b471bbbd	SmtpConfig resource creation for dev	FOLLOW_PARENT	
email-provider	Zitadel SMTP configuration via Pulumi	1	416955e2	SmtpConfig resource creation for prod	FOLLOW_PARENT	
email-provider	Mail subdomain DNS records for DKIM authentication	0	7b99f10f	Prod DKIM record in Cloudflare	FOLLOW_PARENT	
email-provider	Mail subdomain DNS records for DKIM authentication	1	f67edf27	Dev DKIM record in GCP Cloud DNS	FOLLOW_PARENT	
email-provider	ZitadelConfig interface extension	0	ca49cf2c	Missing Postmark token causes type error	FOLLOW_PARENT	
email-provider	SmtpConfig component isolation	0	1bc63519	Component instantiation	FOLLOW_PARENT	
email-provider	Environment-specific Postmark Server separation	0	102b2081	Dev and prod use different API tokens	FOLLOW_PARENT	
email-verification	Trigger verification email on user creation	0	093dd09e	New user signs up via Passkey	FOLLOW_PARENT	
email-verification	Trigger verification email on user creation	1	103a3b02	Zitadel API call succeeds	FOLLOW_PARENT	
email-verification	Trigger verification email on user creation	2	efecf6f9	Zitadel API call fails	FOLLOW_PARENT	
email-verification	Trigger verification email on user creation	3	240ca935	Zitadel API call fails transiently	FOLLOW_PARENT	
email-verification	Trigger verification email on user creation	4	5e5deec4	User email is already verified	FOLLOW_PARENT	
email-verification	Trigger verification email on user creation	5	adb8d347	Duplicate USER.created event	FOLLOW_PARENT	
email-verification	Resend verification email via RPC	0	90568698	User requests resend from Settings page	FOLLOW_PARENT	
email-verification	Resend verification email via RPC	1	31eba075	User had no prior verification code (post-cutover regression case)	FOLLOW_PARENT	
email-verification	Resend verification email via RPC	2	e0f682a1	Resend Zitadel API call succeeds	FOLLOW_PARENT	
email-verification	Resend verification email via RPC	3	b33da684	Resend Zitadel API call fails	FOLLOW_PARENT	
email-verification	Resend verification email via RPC	4	d761729c	User is already verified	FOLLOW_PARENT	
email-verification	Resend verification email via RPC	5	8fb99915	Rapid resend attempts	FOLLOW_PARENT	
email-verification	Resend verification email via RPC	6	16904ad6	Unauthenticated request	FOLLOW_PARENT	
email-verification	Resend verification email via RPC	7	813bd900	user_id does not match authenticated user	FOLLOW_PARENT	
entity-domain-logic	Home validation	0	cc852458	Valid home with all fields	FOLLOW_PARENT	
entity-domain-logic	Home validation	1	b2d07014	Valid home with Level2	FOLLOW_PARENT	
entity-domain-logic	Home validation	2	3b360062	Invalid country code format	FOLLOW_PARENT	
entity-domain-logic	Home validation	3	eddb0c8c	Invalid Level1 format	FOLLOW_PARENT	
entity-domain-logic	Home validation	4	0a419f03	Level1 prefix mismatch	FOLLOW_PARENT	
entity-domain-logic	Home validation	5	90925df6	Level2 empty string	FOLLOW_PARENT	
entity-domain-logic	Home validation	6	cf7a4b57	Level2 too long	FOLLOW_PARENT	
entity-domain-logic	Hype validity check	0	406ed358	Known hype values	FOLLOW_PARENT	
entity-domain-logic	Hype validity check	1	fa2ccc3c	Unknown hype value	FOLLOW_PARENT	
entity-domain-logic	Hype-based notification eligibility	0	9b9e03cc	HypeWatch never notifies	FOLLOW_PARENT	
entity-domain-logic	Hype-based notification eligibility	1	d8adc68c	HypeHome matches venue area	FOLLOW_PARENT	
entity-domain-logic	Hype-based notification eligibility	2	a369d069	HypeHome no match	FOLLOW_PARENT	
entity-domain-logic	Hype-based notification eligibility	3	00a23c64	HypeHome with nil home	FOLLOW_PARENT	
entity-domain-logic	Hype-based notification eligibility	4	34d13893	HypeHome with empty Level1	FOLLOW_PARENT	
entity-domain-logic	Hype-based notification eligibility	5	52f89686	HypeNearby with nearby concert	FOLLOW_PARENT	
entity-domain-logic	Hype-based notification eligibility	6	4fd19fe8	HypeNearby with only distant concerts	FOLLOW_PARENT	
entity-domain-logic	Hype-based notification eligibility	7	de23a0a5	HypeNearby with nil home	FOLLOW_PARENT	
entity-domain-logic	Hype-based notification eligibility	8	f9503202	HypeAway always notifies	FOLLOW_PARENT	
entity-domain-logic	Hype-based notification eligibility	9	3caa2a15	Unknown hype skips	FOLLOW_PARENT	
entity-domain-logic	Concert proximity grouping	0	bb5a9794	Empty input	FOLLOW_PARENT	
entity-domain-logic	Concert proximity grouping	1	6ac3ef43	Single date, mixed proximity	FOLLOW_PARENT	
entity-domain-logic	Concert proximity grouping	2	a72248c4	Multiple dates preserve order	FOLLOW_PARENT	
entity-domain-logic	Concert proximity grouping	3	b083036c	Nil home classifies all as Distant	FOLLOW_PARENT	
entity-domain-logic	Concert proximity classification	0	06de2e73	Nil home	FOLLOW_PARENT	
entity-domain-logic	Concert proximity classification	1	2f542188	Nil venue	FOLLOW_PARENT	
entity-domain-logic	Concert proximity classification	2	e604d814	Admin area match	FOLLOW_PARENT	
entity-domain-logic	Concert proximity classification	3	6ac24b28	Admin area mismatch with nearby coordinates	FOLLOW_PARENT	
entity-domain-logic	Concert proximity classification	4	fa32ee6d	Admin area mismatch beyond threshold	FOLLOW_PARENT	
entity-domain-logic	Concert proximity classification	5	ccd95974	Venue has no coordinates	FOLLOW_PARENT	
entity-domain-logic	Concert proximity classification	6	f99a1df2	Home has no centroid	FOLLOW_PARENT	
entity-domain-logic	Concert proximity classification	7	0eeb9155	Admin area match takes priority over distance	FOLLOW_PARENT	
entity-domain-logic	Concert proximity classification	8	dd06ae5b	Venue admin area is nil	FOLLOW_PARENT	
entity-domain-logic	ScrapedConcerts collection type	0	c6ed6b66	Type alias is usable as slice	FOLLOW_PARENT	
entity-domain-logic	ScrapedConcerts.FilterNew deduplication	0	c88f2bba	Empty scraped list	FOLLOW_PARENT	
entity-domain-logic	ScrapedConcerts.FilterNew deduplication	1	0bb6a390	No existing concerts	FOLLOW_PARENT	
entity-domain-logic	ScrapedConcerts.FilterNew deduplication	2	2f41508f	All scraped concerts conflict with existing	FOLLOW_PARENT	
entity-domain-logic	ScrapedConcerts.FilterNew deduplication	3	8b844309	Partial overlap with existing	FOLLOW_PARENT	
entity-domain-logic	ScrapedConcerts.FilterNew deduplication	4	c6280b92	Within-batch duplicate on same date	FOLLOW_PARENT	
entity-domain-logic	ScrapedConcerts.FilterNew deduplication	5	d862f75c	Within-batch duplicate conflicts with existing	FOLLOW_PARENT	
entity-domain-logic	ScrapedConcerts.FilterNew deduplication	6	6a05ac45	Preserves original order	FOLLOW_PARENT	
entity-domain-logic	ScrapedConcerts.FilterNew deduplication	7	aaffb886	Nil existing concerts	FOLLOW_PARENT	
entity-domain-logic	ScrapedConcert JSON serialization	0	8862f7d0	Marshal omits nil optional fields	FOLLOW_PARENT	
entity-domain-logic	ScrapedConcert JSON serialization	1	4177e7b5	Marshal includes all non-nil fields	FOLLOW_PARENT	
entity-domain-logic	Artist filtering by MBID	0	6dd92506	Mixed valid and empty MBIDs	FOLLOW_PARENT	
entity-domain-logic	Artist filtering by MBID	1	72290e28	All empty MBIDs	FOLLOW_PARENT	
entity-domain-logic	Artist filtering by MBID	2	4d655b1d	No duplicates	FOLLOW_PARENT	
entity-domain-logic	Artist filtering by MBID	3	28e3b537	Empty input	FOLLOW_PARENT	
entity-domain-logic	OfficialSite constructor	0	6a269498	Constructor generates ID	FOLLOW_PARENT	
entity-domain-logic	OfficialSite constructor	1	07e17184	ID is unique per call	FOLLOW_PARENT	
entity-domain-logic	Venue constructor from scraped data	0	ab382aa6	Constructor sets defaults	FOLLOW_PARENT	
entity-domain-logic	Token ID generation	0	f4823ece	Generates non-zero token ID	FOLLOW_PARENT	
entity-domain-logic	Token ID generation	1	e7ebdedd	Monotonically increasing	FOLLOW_PARENT	
entity-domain-logic	ScrapedConcert to Concert conversion	0	a09f78d0	Full field mapping	FOLLOW_PARENT	
entity-domain-logic	ScrapedConcert to Concert conversion	1	a3d789ed	Nil optional fields	FOLLOW_PARENT	
entity-domain-logic	ScrapedConcert to Concert conversion	2	293c90e2	Multiple calls produce distinct concerts	FOLLOW_PARENT	
entity-domain-logic	Parsed email data journey status mapping	0	41d36b01	LotteryResult win email → Purchased status	FOLLOW_PARENT	
entity-domain-logic	Parsed email data journey status mapping	1	e59cd17d	LotteryResult lost email → Lost status	FOLLOW_PARENT	
entity-domain-logic	Parsed email data journey status mapping	2	14938812	LotteryInfo email → Tracking status	FOLLOW_PARENT	
entity-domain-logic	Parsed email data journey status mapping	3	acebaed1	EntryConfirmation email → Entered status	FOLLOW_PARENT	
entity-domain-logic	Parsed email data journey status mapping	4	5e2d319d	Refund email → Refunded status	FOLLOW_PARENT	
entity-domain-logic	Parsed email data journey status mapping	5	91a43500	Unknown email type → nil (no journey update)	FOLLOW_PARENT	
entity-domain-logic	SearchLog freshness check	0	a661e66b	Fresh completed log	FOLLOW_PARENT	
entity-domain-logic	SearchLog freshness check	1	5690117c	Stale completed log	FOLLOW_PARENT	
entity-domain-logic	SearchLog freshness check	2	0dbcb8b7	Non-completed log	FOLLOW_PARENT	
entity-domain-logic	SearchLog pending check	0	719ec760	Active pending log	FOLLOW_PARENT	
entity-domain-logic	SearchLog pending check	1	7b932c1a	Timed-out pending log	FOLLOW_PARENT	
entity-domain-logic	SearchLog pending check	2	ae163b18	Completed log is not pending	FOLLOW_PARENT	
entity-domain-logic	Concert notification payload construction	0	3c6ea198	Single concert	FOLLOW_PARENT	
entity-domain-logic	Concert notification payload construction	1	171cdf05	Multiple concerts	FOLLOW_PARENT	
entity-domain-logic	Concert notification payload construction	2	2d39276a	Payload data contains artist ID	FOLLOW_PARENT	
entity-domain-logic	Ethereum address validation	0	aaff9003	Valid checksummed address	FOLLOW_PARENT	
entity-domain-logic	Ethereum address validation	1	231a5ef1	Valid lowercase address	FOLLOW_PARENT	
entity-domain-logic	Ethereum address validation	2	5eb6be0f	Missing 0x prefix	FOLLOW_PARENT	
entity-domain-logic	Ethereum address validation	3	82e5c16d	Too short	FOLLOW_PARENT	
entity-domain-logic	Ethereum address validation	4	996a4be1	Empty string	FOLLOW_PARENT	
entity-domain-logic	Ethereum address validation	5	ab1adc51	Invalid hex characters	FOLLOW_PARENT	
entity-store-layer	Per-Entity Store Ownership	0	f5826c46	Caller reads without auth branching	FOLLOW_PARENT	
entity-store-layer	Per-Entity Store Ownership	1	69184356	UserStore owns home and language for both auth states	FOLLOW_PARENT	
entity-store-layer	Per-Entity Store Ownership	2	5498e383	Cache-only stores own no guest/authed duality	FOLLOW_PARENT	
entity-store-layer	Per-Entity Store Ownership	3	d24065c5	Caching goes through the shared primitive	FOLLOW_PARENT	
entity-store-layer	Event-Driven Auth-Boundary Transitions	0	6f4be974	Home and language migrate as Create-time inputs	FOLLOW_PARENT	
entity-store-layer	Event-Driven Auth-Boundary Transitions	1	01fd2c0b	Follows migrate after a guest authenticates	FOLLOW_PARENT	
entity-store-layer	Event-Driven Auth-Boundary Transitions	2	45135357	Sign-out clears each store independently	FOLLOW_PARENT	
entity-store-layer	Event-Driven Auth-Boundary Transitions	3	009c3436	Sign-out evicts user-specific caches	FOLLOW_PARENT	
entity-store-layer	Boot Reconciliation of Unmerged Guest Data	0	e7a8412d	Leftover guest data migrated on first authenticated boot	FOLLOW_PARENT	
entity-store-layer	Boot Reconciliation of Unmerged Guest Data	1	283a415d	Reconciliation does not resurrect reverted state	FOLLOW_PARENT	
entity-store-layer	Boot Reconciliation of Unmerged Guest Data	2	8916b810	Per-item drain for the follow queue	FOLLOW_PARENT	
entity-store-layer	Ticket-journey status is a single source of truth	0	40927f63	Sheet write reflects on the Dashboard without re-entry	FOLLOW_PARENT	
entity-store-layer	Ticket-journey status is a single source of truth	1	0741ee29	Single shared journey state	FOLLOW_PARENT	
entity-store-layer	Ticket-journey status is a single source of truth	2	621ac0bf	Journey read is always fresh	FOLLOW_PARENT	
entity-store-layer	Ticket-journey status is a single source of truth	3	ae4d10bb	Write failure does not desync the store	FOLLOW_PARENT	
entity-store-layer	Ticket-journey status is a single source of truth	4	322224fc	Journey state cleared on sign-out	FOLLOW_PARENT	
entity-test-coverage	isHypeMatched exhaustive coverage	0	99f7ecaa	Full matrix via it.each	FOLLOW_PARENT	
entity-test-coverage	hasFollow boundary cases	0	0b5c752b	Artist found among multiple follows	FOLLOW_PARENT	
entity-test-coverage	hasFollow boundary cases	1	58ce58ed	Duplicate artist IDs in list	FOLLOW_PARENT	
entity-test-coverage	normalizeStep full legacy mapping	0	132e198e	All mapped numeric values	FOLLOW_PARENT	
entity-test-coverage	normalizeStep full legacy mapping	1	c80b10ab	Unmapped numeric gap values	FOLLOW_PARENT	
entity-test-coverage	translationKey coverage	0	8a86ebac	Known prefecture code	FOLLOW_PARENT	
entity-test-coverage	translationKey coverage	1	f87a395a	Unknown code fallback	FOLLOW_PARENT	
entity-test-coverage	codeToHome boundary cases	0	013c6f19	Code shorter than 3 characters	FOLLOW_PARENT	
entity-test-coverage	bytesToHex zero-padding	0	ddfc5485	Leading zero byte	FOLLOW_PARENT	
entity-test-coverage	bytesToDecimal multi-byte	0	71b6e804	Three-byte input	FOLLOW_PARENT	
entity-test-coverage	uuidToFieldElement robustness	0	0c9419dc	UUID without hyphens	FOLLOW_PARENT	
entity-test-coverage	artistHue empty string	0	4ae89b08	Empty string input	FOLLOW_PARENT	
entity-test-coverage	artistHueFromColorProfile dominantHue zero	0	fd844157	Chromatic profile with hue 0 (red)	FOLLOW_PARENT	
entity-test-coverage	HYPE_TIERS completeness	0	283630d2	All hype values present	FOLLOW_PARENT	
entity-test-coverage	HYPE_TIERS completeness	1	6bd4659c	Each entry has labelKey and icon	FOLLOW_PARENT	
entity-test-coverage	HYPE_ORDER and LANE_ORDER completeness	0	fbaf7b7a	HYPE_ORDER keys match HypeLevel	FOLLOW_PARENT	
entity-test-coverage	HYPE_ORDER and LANE_ORDER completeness	1	7db84ee9	LANE_ORDER keys match LaneType	FOLLOW_PARENT	
entity-test-coverage	Interface Possible errors completeness	0	caf089b6	Repository interface with CRUD operations	FOLLOW_PARENT	
entity-test-coverage	Interface Possible errors completeness	1	f43b1074	External service adapter interface	FOLLOW_PARENT	
entity-test-coverage	Implementation error code consistency	0	c7bbd62d	Implementation returns undocumented error code	FOLLOW_PARENT	
entity-test-coverage	Implementation error code consistency	1	1829a60a	Implementation uses fmt.Errorf instead of apperr	FOLLOW_PARENT	
entity-test-coverage	Error code semantic correctness	0	5d594206	JSON decode failure	FOLLOW_PARENT	
entity-test-coverage	Error code semantic correctness	1	80486713	Input validation failure	FOLLOW_PARENT	
entity-test-coverage	Error code semantic correctness	2	532f0061	External service unreachable	FOLLOW_PARENT	
entity-test-coverage	Error path test coverage	0	f657c7e1	NotFound error path tested	FOLLOW_PARENT	
entity-test-coverage	Error path test coverage	1	3b214f67	Internal error path tested	FOLLOW_PARENT	
entity-test-coverage	Infrastructure test go-tester compliance	0	9c0e45cd	Black-box testing package	FOLLOW_PARENT	
entity-test-coverage	Infrastructure test go-tester compliance	1	a9725096	Table-driven test structure	FOLLOW_PARENT	
entity-test-coverage	Infrastructure test go-tester compliance	2	385bf46a	Error assertion pattern	FOLLOW_PARENT	
entity-test-coverage	SafePredictor interface in entity layer	0	88076183	TicketHandler uses SafePredictor interface	FOLLOW_PARENT	
entity-test-coverage	SafePredictor interface in entity layer	1	c961f6c2	SafePredictor implementation satisfies interface	FOLLOW_PARENT	
event-card-glow	Matched event card glow opacity	0	139db191	Matched card glow is visually subdued	FOLLOW_PARENT	
event-management	Generic Event Management	0	84e6fa3e	Event Persistence	FOLLOW_PARENT	
event-management	Generic Event Management	1	70750a5c	EventId is the canonical event identifier	FOLLOW_PARENT	
event-management	Generic Event Management	2	496dfae3	Concert uses EventId	FOLLOW_PARENT	
event-management	Generic Event Management	3	dee0bfec	Event does not carry series-level metadata	FOLLOW_PARENT	
event-management	Event-Type Extensibility	0	3c082707	Concert as Event	FOLLOW_PARENT	
event-management	Event-Type Extensibility	1	a400f639	Music-specific extension placeholder is retained	FOLLOW_PARENT	
event-management	Series as Parent Aggregation	0	fe7ab10e	Series owns shared metadata	FOLLOW_PARENT	
event-management	Series as Parent Aggregation	1	1acdab7a	Every Event belongs to a Series	FOLLOW_PARENT	
event-management	Series as Parent Aggregation	2	c7b6c7f0	SeriesType enumerates supported series shapes	FOLLOW_PARENT	
event-management	Series as Parent Aggregation	3	573bab83	Series identity is derived from member events, not a database key	FOLLOW_PARENT	
event-management	Series as Parent Aggregation	4	dc883228	Organizer-authored series carry authoring metadata and lifecycle	FOLLOW_PARENT	
event-management	Multiple Performers per Event	0	e39ec57e	Co-headliner persistence	FOLLOW_PARENT	
event-management	Multiple Performers per Event	1	b49b319e	Single-artist event compatibility	FOLLOW_PARENT	
event-management	Multiple Performers per Event	2	c7e96737	Artist is not duplicated on Event	FOLLOW_PARENT	
event-management	Concert DTO Embeds Series and Performers	0	366031ee	Concert response carries embedded Series	FOLLOW_PARENT	
event-management	Concert DTO Embeds Series and Performers	1	277a0a1a	Concert response carries all performers	FOLLOW_PARENT	
event-management	Concert DTO Embeds Series and Performers	2	8192361d	Concert does not duplicate series-level metadata	FOLLOW_PARENT	
event-management	Trace context propagation across message broker	0	358be1da	Consumer log includes trace fields from publisher trace	FOLLOW_PARENT	
event-management	Trace context propagation across message broker	1	462bd7ff	Consumer handler operates within propagated span	FOLLOW_PARENT	
event-management	Event Natural Key Reflects Physical Identity	0	dae0c996	Same venue, date, and start time is one event regardless of series	FOLLOW_PARENT	
event-management	Event Natural Key Reflects Physical Identity	1	3637a660	Same venue and date, different start time, are distinct events	FOLLOW_PARENT	
event-management	Event Natural Key Reflects Physical Identity	2	ebfbf1a7	Same venue and date, both start times unpublished, collapse	FOLLOW_PARENT	
fab-action-launcher	Global thumb-zone floating launcher	0	206ef95f	FAB floats in the thumb zone above content	FOLLOW_PARENT	
fab-action-launcher	Global thumb-zone floating launcher	1	63b05429	FAB hidden when navigation is hidden	FOLLOW_PARENT	
fab-action-launcher	Global thumb-zone floating launcher	2	b285be63	FAB hidden when no actions are contributed	FOLLOW_PARENT	
fab-action-launcher	Single-tap disclosure of a labeled action list	0	9cdfafdb	Tapping the FAB expands the action list	FOLLOW_PARENT	
fab-action-launcher	Single-tap disclosure of a labeled action list	1	f1f921ca	Tapping again collapses the list	FOLLOW_PARENT	
fab-action-launcher	Single-tap disclosure of a labeled action list	2	cac8699c	Every item shows icon and label	FOLLOW_PARENT	
fab-action-launcher	Single-tap disclosure of a labeled action list	3	f09ddb0c	Items are comfortably tappable	FOLLOW_PARENT	
fab-action-launcher	Per-route contextual action registration	0	3f752035	Dashboard contributes its actions	FOLLOW_PARENT	
fab-action-launcher	Per-route contextual action registration	1	edf24ff0	Actions removed on navigation away	FOLLOW_PARENT	
fab-action-launcher	Per-route contextual action registration	2	564bc3ea	Within-route mode change replaces, not accumulates	FOLLOW_PARENT	
fab-action-launcher	Command and toggle action items	0	fbc9d3c2	Command item opens its surface and closes the panel	FOLLOW_PARENT	
fab-action-launcher	Command and toggle action items	1	b0dd51e6	Toggle item flips state inline	FOLLOW_PARENT	
fab-action-launcher	Material 3 Expressive expansion and spring motion	0	3c4a8d99	Expansion uses spring motion	FOLLOW_PARENT	
fab-action-launcher	Material 3 Expressive expansion and spring motion	1	0163d3cd	Reduced motion lands the end state without bounce	FOLLOW_PARENT	
fab-action-launcher	Material 3 Expressive expansion and spring motion	2	0fc4ceed	Expanded panel keeps strong contrast	FOLLOW_PARENT	
fab-action-launcher	Launcher accessibility contract	0	ab69e3ab	FAB exposes disclosure state	FOLLOW_PARENT	
fab-action-launcher	Launcher accessibility contract	1	331c57bd	Focus moves into the panel and back	FOLLOW_PARENT	
fab-action-launcher	Launcher accessibility contract	2	5e2b017a	Escape and outside activation dismiss the panel	FOLLOW_PARENT	
fab-action-launcher	Persisted left-handed placement	0	8d8a0611	Default placement is bottom-right	FOLLOW_PARENT	
fab-action-launcher	Persisted left-handed placement	1	d41879d8	Left-handed mode mirrors placement	FOLLOW_PARENT	
fab-action-launcher	Persisted left-handed placement	2	77ff740c	Preference persists across sessions	FOLLOW_PARENT	
feature-flag-management	Feature flags require a documented description record on creation	0	ba2428c6	Engineer creates a new feature flag	FOLLOW_PARENT	
feature-flag-management	Feature flags require a documented description record on creation	1	d8f15161	Existing flag is reviewed for compliance	FOLLOW_PARENT	
feature-flag-management	Significant experiments evaluate flags only after `identify`	0	a526fb55	Recommendation algorithm experiment is gated post-identify	FOLLOW_PARENT	
feature-flag-management	Significant experiments evaluate flags only after `identify`	1	440f8b79	Release toggle evaluates against anonymous user	FOLLOW_PARENT	
feature-flag-management	Flag evaluation always has a default value on PostHog unavailability	0	57eb8f48	PostHog is unreachable during backend flag evaluation	FOLLOW_PARENT	
feature-flag-management	Flag evaluation always has a default value on PostHog unavailability	1	08498731	Frontend evaluates a flag before SDK has loaded definitions	FOLLOW_PARENT	
feature-flag-management	Frontend bootstraps flags from the last-known persisted value	0	ed13b1b2	Returning user sees the same variant on first render	FOLLOW_PARENT	
feature-flag-management	Frontend bootstraps flags from the last-known persisted value	1	3dc09fab	First-time user gets default until PostHog responds	FOLLOW_PARENT	
feature-flag-management	Stale flags are reviewed monthly and decided at or before the kill date	0	87af0567	Flag at 100% rollout for 35 days appears in monthly review	FOLLOW_PARENT	
feature-flag-management	Stale flags are reviewed monthly and decided at or before the kill date	1	4e726e0e	Flag past its `KILL_DATE` is escalated	FOLLOW_PARENT	
festival-orb-effects	Stage-level escalation system	0	19b83a35	Stage parameters at zero follows	FOLLOW_PARENT	
festival-orb-effects	Stage-level escalation system	1	93fe606a	Stage parameters at one follow	FOLLOW_PARENT	
festival-orb-effects	Stage-level escalation system	2	20cb9f48	Stage parameters at two follows	FOLLOW_PARENT	
festival-orb-effects	Stage-level escalation system	3	20a52547	Stage parameters at three follows	FOLLOW_PARENT	
festival-orb-effects	Stage-level escalation system	4	f522fc25	Stage parameters at four follows	FOLLOW_PARENT	
festival-orb-effects	Stage-level escalation system	5	9610fadb	Stage parameters at five follows (full show)	FOLLOW_PARENT	
festival-orb-effects	Stage-level escalation system	6	b24dab31	Stage parameters at six or more follows	FOLLOW_PARENT	
festival-orb-effects	Stage-level escalation system	7	19c1ed90	Orb radius growth ceiling	FOLLOW_PARENT	
festival-orb-effects	Stage-level escalation system	8	d79b48db	Stage params are deterministic	FOLLOW_PARENT	
festival-orb-effects	Growing orb with dynamic bubble boundary	0	8ca88448	Orb radius increases on follow	FOLLOW_PARENT	
festival-orb-effects	Growing orb with dynamic bubble boundary	1	b06f6410	Matter.js bottom wall repositions	FOLLOW_PARENT	
festival-orb-effects	Growing orb with dynamic bubble boundary	2	3e37dd97	Bubble area remains usable at maximum orb size	FOLLOW_PARENT	
festival-orb-effects	Breathing pulse animation	0	d2c0d318	Breathing at stage 1+	FOLLOW_PARENT	
festival-orb-effects	Breathing pulse animation	1	1428ba67	No breathing at stage 0	FOLLOW_PARENT	
festival-orb-effects	Breathing pulse animation	2	01efde52	Breathing respects reduced motion	FOLLOW_PARENT	
festival-orb-effects	Orbital particles	0	7d78ccd7	Orbital appearance at follow 1	FOLLOW_PARENT	
festival-orb-effects	Orbital particles	1	9d50c64b	Orbital count increases with stage	FOLLOW_PARENT	
festival-orb-effects	Orbital particles	2	54a97d57	Orbital rendering with enlarged size	FOLLOW_PARENT	
festival-orb-effects	Orbital particles	3	0e7fec2a	Orbitals respect reduced motion	FOLLOW_PARENT	
festival-orb-effects	Light rays	0	db1b5ad3	Light rays appear at follow 2	FOLLOW_PARENT	
festival-orb-effects	Light rays	1	d36d6771	Light ray count and intensity scale with stage	FOLLOW_PARENT	
festival-orb-effects	Light rays	2	4520c553	Light ray gradient coloring	FOLLOW_PARENT	
festival-orb-effects	Light rays	3	4fb11cea	Light ray width variation	FOLLOW_PARENT	
festival-orb-effects	Light rays	4	b4b94a6e	Light ray blending	FOLLOW_PARENT	
festival-orb-effects	Light rays	5	f80d3bb6	Light rays respect reduced motion	FOLLOW_PARENT	
festival-orb-effects	Shockwave rings on follow	0	3d82cd5f	Shockwave spawns on absorption complete	FOLLOW_PARENT	
festival-orb-effects	Shockwave rings on follow	1	b48a11ab	Shockwave ring animation	FOLLOW_PARENT	
festival-orb-effects	Shockwave rings on follow	2	9b511e4f	Shockwave ring pool size	FOLLOW_PARENT	
festival-orb-effects	Shockwave rings on follow	3	51362131	Shockwave respects reduced motion	FOLLOW_PARENT	
festival-orb-effects	Comet trail on absorption	0	5e2f2b6e	Trail point accumulation	FOLLOW_PARENT	
festival-orb-effects	Comet trail on absorption	1	cad7c6a7	Trail rendering	FOLLOW_PARENT	
festival-orb-effects	Comet trail on absorption	2	797ae44b	Comet trail gated by stage level	FOLLOW_PARENT	
festival-orb-effects	Ground glow	0	e92fe835	Ground glow appearance	FOLLOW_PARENT	
festival-orb-effects	Ground glow	1	efae9b61	Ground glow color matches orb	FOLLOW_PARENT	
festival-orb-effects	Ground glow	2	c9a4b1e0	Ground glow uses additive blending	FOLLOW_PARENT	
festival-orb-effects	Color palette accumulation	0	d9c97277	Palette grows on inject	FOLLOW_PARENT	
festival-orb-effects	Color palette accumulation	1	b60f5163	Palette cap	FOLLOW_PARENT	
festival-orb-effects	Color palette accumulation	2	82a5ad23	Palette colors distributed to effects	FOLLOW_PARENT	
festival-orb-effects	Vortex flow trails inside the orb	0	da4b5ea6	Trail buffer accumulation	FOLLOW_PARENT	
festival-orb-effects	Vortex flow trails inside the orb	1	e7042e15	Trail rendering as tapered lines	FOLLOW_PARENT	
festival-orb-effects	Vortex flow trails inside the orb	2	7e1b4404	Vortex trails appear at follow 1	FOLLOW_PARENT	
festival-orb-effects	Vortex flow trails inside the orb	3	d59c4681	Vortex trails respect reduced motion	FOLLOW_PARENT	
festival-orb-effects	Nebula fill layers	0	417e0db6	Nebula layer rendering	FOLLOW_PARENT	
festival-orb-effects	Nebula fill layers	1	75a030d8	Nebula layers appear at follow 2	FOLLOW_PARENT	
festival-orb-effects	Nebula fill layers	2	0f177059	Nebula alpha is bounded	FOLLOW_PARENT	
festival-orb-effects	Nebula fill layers	3	3f7db0e3	Nebula uses default color when palette is empty	FOLLOW_PARENT	
festival-orb-effects	Nebula fill layers	4	9b28db14	Nebula respects reduced motion	FOLLOW_PARENT	
festival-orb-effects	Strobe flash on follow	0	a4a6753e	White flash overlay	FOLLOW_PARENT	
festival-orb-effects	Strobe flash on follow	1	d00d800a	Staggered shockwave burst	FOLLOW_PARENT	
festival-orb-effects	Strobe flash on follow	2	59b65b80	Light ray alpha spike	FOLLOW_PARENT	
festival-orb-effects	Strobe flash on follow	3	99ea252e	Strobe enabled at follow 3	FOLLOW_PARENT	
festival-orb-effects	Strobe flash on follow	4	134990c0	Strobe respects reduced motion	FOLLOW_PARENT	
festival-orb-effects	Beat sync pulsation	0	5d664a8f	Beat phase calculation	FOLLOW_PARENT	
festival-orb-effects	Beat sync pulsation	1	c41ae5f1	Beat modulates light rays	FOLLOW_PARENT	
festival-orb-effects	Beat sync pulsation	2	bc278c45	Beat modulates orbital glow	FOLLOW_PARENT	
festival-orb-effects	Beat sync pulsation	3	035f3be9	Beat BPM scales with follow count	FOLLOW_PARENT	
festival-orb-effects	Beat sync pulsation	4	5930fe81	Beat sync respects reduced motion	FOLLOW_PARENT	
festival-orb-effects	Orbital comet tails	0	33ab0cfa	Orbital tail rendering	FOLLOW_PARENT	
festival-orb-effects	Orbital comet tails	1	f637031d	Orbital tails appear at follow 2	FOLLOW_PARENT	
festival-orb-effects	Orbital comet tails	2	4949dbad	Orbital size increase	FOLLOW_PARENT	
festival-orb-effects	Orbital comet tails	3	d8585e5e	Orbital tails respect reduced motion	FOLLOW_PARENT	
festival-orb-effects	Unit test coverage for stage effects	0	4cf2462e	Boundary value tests	FOLLOW_PARENT	
festival-orb-effects	Unit test coverage for stage effects	1	17bbbb9e	Monotonic growth assertions	FOLLOW_PARENT	
festival-orb-effects	Unit test coverage for stage effects	2	ad65f8fe	Ceiling assertions	FOLLOW_PARENT	
festival-orb-effects	Unit test coverage for stage effects	3	8c509a20	Full show at follow 5	FOLLOW_PARENT	
festival-orb-effects	Unit test coverage for OrbRenderer state	0	82ec0555	Shockwave lifecycle test	FOLLOW_PARENT	
festival-orb-effects	Unit test coverage for OrbRenderer state	1	b52d9b0a	Color palette accumulation test	FOLLOW_PARENT	
festival-orb-effects	Unit test coverage for OrbRenderer state	2	386a061d	Orbital count reflects stage params	FOLLOW_PARENT	
festival-orb-effects	Unit test coverage for OrbRenderer state	3	ed4b0ef7	Shockwave pool accommodates burst	FOLLOW_PARENT	
festival-orb-effects	Unit test coverage for AbsorptionAnimator comet trail	0	ac6af0d3	Trail buffer accumulation	FOLLOW_PARENT	
festival-orb-effects	Unit test coverage for AbsorptionAnimator comet trail	1	3240a8e9	Trail disabled at low stage	FOLLOW_PARENT	
follow-triggered-search	Trigger concert search on first follow	0	6af92355	First follow triggers search	FOLLOW_PARENT	
follow-triggered-search	Trigger concert search on first follow	1	e30ba87c	Subsequent follow skips search	FOLLOW_PARENT	
follow-triggered-search	Trigger concert search on first follow	2	2e301d7f	Already-following is treated as no-op	FOLLOW_PARENT	
follow-triggered-search	Trigger concert search on first follow	3	dac3d29c	Frontend does not call SearchNewConcerts after follow	FOLLOW_PARENT	
follow-triggered-search	Search errors do not affect follow operation	0	e0eb2db5	Search fails silently	FOLLOW_PARENT	
follow-triggered-search	Search log check failure is non-blocking	0	b7705196	Search log lookup fails	FOLLOW_PARENT	
frontend-client-rpc-telemetry	Client-observed RPC duration is captured	0	f9befbef	A completed call contributes its duration	FOLLOW_PARENT	
frontend-client-rpc-telemetry	Client-observed RPC duration is captured	1	4b5782b0	The recovery tail is included in the measured duration	FOLLOW_PARENT	
frontend-client-rpc-telemetry	Deadline-exceeded rate is observable	0	4fed9a20	A deadline-exceeded call is counted	FOLLOW_PARENT	
frontend-client-rpc-telemetry	Telemetry is reported as aggregates, not per-request events	0	c3476b44	Many calls produce few telemetry reports	FOLLOW_PARENT	
frontend-client-rpc-telemetry	Pending telemetry is flushed at session end	0	02f88639	A short session still reports	FOLLOW_PARENT	
frontend-client-rpc-telemetry	Telemetry honors analytics opt-out and unconfigured analytics	0	69c35c28	Opted-out user sends no telemetry	FOLLOW_PARENT	
frontend-client-rpc-telemetry	Telemetry carries no personally identifying request content	0	5202bae2	A report excludes request content	FOLLOW_PARENT	
frontend-entity-layer	Artist entity	0	6eea2988	Discovery service returns proto Artist	FOLLOW_PARENT	
frontend-entity-layer	Artist entity	1	a9762420	Artist with fanart preserved through discovery	FOLLOW_PARENT	
frontend-entity-layer	Artist entity	2	74431edf	Physics bubble composition	FOLLOW_PARENT	
frontend-entity-layer	FollowedArtist entity	0	57b4280e	FollowedArtist from ListFollowed RPC	FOLLOW_PARENT	
frontend-entity-layer	FollowedArtist entity	1	516380fd	FollowedArtist during onboarding	FOLLOW_PARENT	
frontend-entity-layer	Concert entity	0	2ded79fb	Concert with artist fanart	FOLLOW_PARENT	
frontend-entity-layer	Concert entity	1	f0b8fbfa	Concert template accesses logo URL	FOLLOW_PARENT	
frontend-entity-layer	Single mapping point	0	7fb9445b	Service returns proto types	FOLLOW_PARENT	
frontend-entity-layer	Single mapping point	1	4f5a336e	Dashboard service passes Artist through	FOLLOW_PARENT	
frontend-entity-layer	Guest state stores proto Artist	0	3a51b73c	Follow during onboarding persists full Artist	FOLLOW_PARENT	
frontend-entity-layer	Guest state stores proto Artist	1	d6dbe155	Guest state survives page reload	FOLLOW_PARENT	
frontend-entity-layer	Guest state stores proto Artist	2	1300be05	Guest merge sends correct artist IDs	FOLLOW_PARENT	
frontend-entity-layer	Grid view removal	0	c02f78c1	My Artists page loads	FOLLOW_PARENT	
frontend-entity-layer	Grid view removal	1	cdd13a4b	No grid-related CSS	FOLLOW_PARENT	
frontend-entity-layer	Concert region is presentation-ready	0	f1decc9b	Mapper produces only the display label	FOLLOW_PARENT	
frontend-entity-layer	Concert region is presentation-ready	1	7ac95209	Missing admin area yields empty label	FOLLOW_PARENT	
frontend-entity-layer	Concert region is presentation-ready	2	d1fe97c9	Presentation consumes the label, not a code	FOLLOW_PARENT	
frontend-error-handling	Global Error Handler Registration	0	b9a7bc5e	Unhandled synchronous error is caught	FOLLOW_PARENT	
frontend-error-handling	Global Error Handler Registration	1	40a999dc	Unhandled promise rejection is caught	FOLLOW_PARENT	
frontend-error-handling	Error Boundary Service	0	6ad1f519	Error is captured with context	FOLLOW_PARENT	
frontend-error-handling	Error Boundary Service	1	2e8c55cf	User dismisses error	FOLLOW_PARENT	
frontend-error-handling	Error Boundary Service	2	89f35b31	Breadcrumb tracking	FOLLOW_PARENT	
frontend-error-handling	Error Banner UI in Root Component	0	0221ce66	Error banner renders with error details	FOLLOW_PARENT	
frontend-error-handling	Error Banner UI in Root Component	1	ee7dbda9	Error banner buttons are interactive	FOLLOW_PARENT	
frontend-error-handling	Error Banner UI in Root Component	2	11909fda	Copy Error Details generates Markdown report	FOLLOW_PARENT	
frontend-error-handling	Error Banner UI in Root Component	3	8c54b180	Report to GitHub opens pre-filled issue	FOLLOW_PARENT	
frontend-error-handling	Router Error Handling	0	50ad9bcc	Navigation error restores previous route	FOLLOW_PARENT	
frontend-error-handling	Router Error Handling	1	85ee010b	Navigation error in development shows error state	FOLLOW_PARENT	
frontend-error-handling	Router Error Handling	2	b86791db	404 fallback route	FOLLOW_PARENT	
frontend-error-handling	Router Error Handling	3	1fe7dd8b	Navigation error event subscription	FOLLOW_PARENT	
frontend-error-handling	Declarative Async Error Handling with promise.bind	0	113bf539	Data loading with pending state	FOLLOW_PARENT	
frontend-error-handling	Declarative Async Error Handling with promise.bind	1	da41222f	Data loading succeeds	FOLLOW_PARENT	
frontend-error-handling	Declarative Async Error Handling with promise.bind	2	60c9f803	Data loading fails with error UI	FOLLOW_PARENT	
frontend-error-handling	Service Error Recovery Patterns	0	741991b8	Service method returns error result instead of empty fallback	FOLLOW_PARENT	
frontend-error-handling	Service Error Recovery Patterns	1	b191516a	Fire-and-forget operations provide user feedback on failure	FOLLOW_PARENT	
frontend-hosting	Container image build pipeline	0	f666d842	Successful multi-stage build on main branch push	FOLLOW_PARENT	
frontend-hosting	Container image build pipeline	1	3ed3eb50	Build includes Vite compilation	FOLLOW_PARENT	
frontend-hosting	Kubernetes deployment configuration	0	35b25ddd	Deployment manifest defines pod specification	FOLLOW_PARENT	
frontend-hosting	Kubernetes deployment configuration	1	27f4aee1	Service exposes deployment	FOLLOW_PARENT	
frontend-hosting	Static asset serving with caching	0	d777316c	Root path serves index.html	FOLLOW_PARENT	
frontend-hosting	Static asset serving with caching	1	0c9e08a7	Asset files are served with long-term caching	FOLLOW_PARENT	
frontend-hosting	SPA client-side routing support	0	dc99ed8d	Non-existent route returns index.html	FOLLOW_PARENT	
frontend-hosting	SPA client-side routing support	1	5f8a33c9	Static assets are not affected by fallback	FOLLOW_PARENT	
frontend-hosting	HTTPS ingress via Gateway API	0	691db283	HTTPRoute binds to Gateway	FOLLOW_PARENT	
frontend-hosting	HTTPS ingress via Gateway API	1	37dd22f0	TLS certificate is provisioned	FOLLOW_PARENT	
frontend-hosting	GitOps deployment automation	0	aa450db7	ArgoCD Application watches cloud-provisioning repository	FOLLOW_PARENT	
frontend-hosting	GitOps deployment automation	1	e691f6ea	Kustomize overlays customize per environment	FOLLOW_PARENT	
frontend-hosting	Caddyfile configuration	0	063d772f	Caddyfile defines root and file server	FOLLOW_PARENT	
frontend-hosting	Caddyfile configuration	1	50e03357	Caddyfile configures SPA fallback	FOLLOW_PARENT	
frontend-hosting	DNS and TLS infrastructure provisioning	0	8c116109	DNS A record points to shared static IP	FOLLOW_PARENT	
frontend-hosting	DNS and TLS infrastructure provisioning	1	4ac60df8	TLS certificate covers frontend domain	FOLLOW_PARENT	
frontend-hosting	DNS and TLS infrastructure provisioning	2	ede8ff2c	Certificate map includes frontend domain	FOLLOW_PARENT	
frontend-hosting	DNS and TLS infrastructure provisioning	3	1d775775	Infrastructure follows shared Gateway pattern	FOLLOW_PARENT	
frontend-hosting	Caddy SHALL serve `/config.json` with no-store header	0	50e68b05	Caddyfile defines the /config.json header rule	FOLLOW_PARENT	
frontend-hosting	Caddy SHALL serve `/config.json` with no-store header	1	f7494ca2	Live response carries the headers	FOLLOW_PARENT	
frontend-hosting	Frontend Deployment SHALL mount a per-environment runtime-config ConfigMap	0	a6598c2a	Base Deployment declares the volume and volumeMount	FOLLOW_PARENT	
frontend-hosting	Frontend Deployment SHALL mount a per-environment runtime-config ConfigMap	1	3613564d	Per-environment overlay defines the ConfigMap	FOLLOW_PARENT	
frontend-hosting	Frontend Deployment SHALL mount a per-environment runtime-config ConfigMap	2	2615a581	Reloader annotation triggers rollout on ConfigMap change	FOLLOW_PARENT	
frontend-hosting	Frontend Deployment SHALL mount a per-environment runtime-config ConfigMap	3	5ed3d47e	Pod is healthy with the mounted config	FOLLOW_PARENT	
frontend-hosting	Post-deploy smoke verification SHALL assert the SPA renders	0	7ebd17e3	Smoke check asserts non-empty rendered DOM	FOLLOW_PARENT	
frontend-hosting	Post-deploy smoke verification SHALL assert the SPA renders	1	8be21af0	Smoke check validates /config.json environment field	FOLLOW_PARENT	
frontend-hosting	Post-deploy smoke verification SHALL assert the SPA renders	2	2d1aca0f	Smoke failure blocks promotion	FOLLOW_PARENT	
frontend-i18n	i18n Plugin Registration	0	63577b7a	Application bootstrap with i18n	FOLLOW_PARENT	
frontend-i18n	Locale Detection	0	fdcfd599	URL parameter override	FOLLOW_PARENT	
frontend-i18n	Locale Detection	1	721ff1f2	Persisted preference from localStorage (tentative initial locale)	FOLLOW_PARENT	
frontend-i18n	Locale Detection	2	e7dd1b6d	Browser language detection persists to localStorage	FOLLOW_PARENT	
frontend-i18n	Locale Detection	3	f659d25f	Fallback to Japanese	FOLLOW_PARENT	
frontend-i18n	Translation Resource Files	0	ffa677aa	Key parity between locales	FOLLOW_PARENT	
frontend-i18n	Translation Resource Files	1	ac5fc4c1	Page-keyed naming convention	FOLLOW_PARENT	
frontend-i18n	Translation Resource Files	2	da013239	Entity-keyed naming convention	FOLLOW_PARENT	
frontend-i18n	Translation Resource Files	3	e87aaad3	Reserved top-level namespace	FOLLOW_PARENT	
frontend-i18n	Template String Externalization	0	2f3f30cd	Static text in templates	FOLLOW_PARENT	
frontend-i18n	Template String Externalization	1	19e92d53	Dynamic text with interpolation	FOLLOW_PARENT	
frontend-i18n	TypeScript String Externalization	0	558120fd	Error and toast messages	FOLLOW_PARENT	
frontend-i18n	Locale-Aware Date and Number Formatting	0	cc6f906a	Date formatting follows active locale	FOLLOW_PARENT	
frontend-i18n	Locale-Aware Date and Number Formatting	1	cb3f50b6	Relative time formatting follows active locale	FOLLOW_PARENT	
frontend-i18n	Runtime Language Switching	0	61e67143	Switching language mid-session as an anonymous user	FOLLOW_PARENT	
frontend-i18n	Runtime Language Switching	1	433844ae	Switching language mid-session as an authenticated user	FOLLOW_PARENT	
frontend-i18n	Runtime Language Switching	2	ddc7e2fa	Authenticated language switch RPC failure	FOLLOW_PARENT	
frontend-i18n	Shared Language Switching Utility	0	c4f47b76	Anonymous caller path	FOLLOW_PARENT	
frontend-i18n	Shared Language Switching Utility	1	0284307a	Authenticated caller path	FOLLOW_PARENT	
frontend-i18n	Shared Language Switching Utility	2	fa0ccabc	Used by both Welcome and Settings	FOLLOW_PARENT	
frontend-i18n	Locale Sourced from Backend User Entity for Authenticated Sessions	0	5f897c7a	i18n locale aligns with backend value on every authenticated render	FOLLOW_PARENT	
frontend-i18n	Locale Sourced from Backend User Entity for Authenticated Sessions	1	354f363d	localStorage language key absent during authenticated sessions	FOLLOW_PARENT	
frontend-i18n	Legacy Key Removal After Entity Migration	0	ba2b2423	hype.* migrated to entity.hype.*	FOLLOW_PARENT	
frontend-i18n	Legacy Key Removal After Entity Migration	1	2877ec4f	Per-screen hype labels collapse into the entity path	FOLLOW_PARENT	
frontend-i18n	Anonymous Locale is a Single Source of Truth	0	d4a9eb50	Selector highlight matches the rendered locale for an anonymous user	FOLLOW_PARENT	
frontend-i18n	Anonymous Locale is a Single Source of Truth	1	1ef443d5	No secondary localStorage key backs the anonymous locale	FOLLOW_PARENT	
frontend-i18n	Anonymous Locale is a Single Source of Truth	2	c8d69ea6	Resetting guest state does not change the rendered locale	FOLLOW_PARENT	
frontend-i18n	One-Time Migration of the Legacy `guest.language` Key	0	b778b82a	Legacy explicit choice differs from the detector cache	FOLLOW_PARENT	
frontend-i18n	One-Time Migration of the Legacy `guest.language` Key	1	c3d076cc	Legacy explicit choice present but detector cache absent	FOLLOW_PARENT	
frontend-i18n	One-Time Migration of the Legacy `guest.language` Key	2	83cfba62	Legacy value matches the detector cache	FOLLOW_PARENT	
frontend-i18n	One-Time Migration of the Legacy `guest.language` Key	3	91a2b983	No legacy key present	FOLLOW_PARENT	
frontend-network-timeouts	Default RPC call timeout	0	81225b99	A hung request is bounded by the default deadline	FOLLOW_PARENT	
frontend-network-timeouts	Default RPC call timeout	1	8d63f588	A fast request completes normally	FOLLOW_PARENT	
frontend-network-timeouts	Default RPC call timeout	2	4bdf15fc	The deadline spans the recovery path	FOLLOW_PARENT	
frontend-network-timeouts	RPC timeout value is runtime-configurable	0	3935caa0	Configuration supplies a valid timeout value	FOLLOW_PARENT	
frontend-network-timeouts	RPC timeout value is runtime-configurable	1	02cbeb90	Configuration omits the timeout value	FOLLOW_PARENT	
frontend-network-timeouts	RPC timeout value is runtime-configurable	2	9c0d99dd	Configuration supplies an invalid timeout value	FOLLOW_PARENT	
frontend-network-timeouts	Service-Worker analytics capture is time-bounded	0	ed63f2d9	A slow analytics capture is stashed for resend	FOLLOW_PARENT	
frontend-network-timeouts	Service-Worker VAPID key fetch is time-bounded	0	4f0c48e5	A stalled VAPID fetch does not hang renewal	FOLLOW_PARENT	
frontend-observability	OpenTelemetry Browser SDK Integration	0	991d72c5	OTEL tracer provider is initialized at startup	FOLLOW_PARENT	
frontend-observability	OpenTelemetry Browser SDK Integration	1	e448fd4b	Fetch requests include trace context headers	FOLLOW_PARENT	
frontend-observability	OpenTelemetry Browser SDK Integration	2	b1b7ad1f	Non-API requests are not instrumented	FOLLOW_PARENT	
frontend-observability	OpenTelemetry Browser SDK Integration	3	57b6abb3	No spans are exported from the browser	FOLLOW_PARENT	
frontend-observability	Connect-RPC Error Instrumentation	0	57897d8f	Successful RPC call creates span	FOLLOW_PARENT	
frontend-observability	Connect-RPC Error Instrumentation	1	7c912ee4	Failed RPC call records error on span	FOLLOW_PARENT	
frontend-observability	Connect-RPC Error Instrumentation	2	dfe7371b	RPC error context is forwarded to ErrorBoundaryService	FOLLOW_PARENT	
frontend-observability	ILogger OpenTelemetry Sink	0	13c83f82	Error-level log creates OTEL span	FOLLOW_PARENT	
frontend-observability	ILogger OpenTelemetry Sink	1	69abc223	Non-error logs are ignored by OTEL sink	FOLLOW_PARENT	
frontend-observability	ILogger OpenTelemetry Sink	2	731e9788	Multiple sinks are registered	FOLLOW_PARENT	
frontend-observability	ILogger OpenTelemetry Sink	3	79e1a83d	Log level controlled by environment variable	FOLLOW_PARENT	
frontend-observability	ILogger OpenTelemetry Sink	4	2f0b8db0	Log level fallback when unset in development	FOLLOW_PARENT	
frontend-observability	ILogger OpenTelemetry Sink	5	26198358	Log level fallback when unset in production	FOLLOW_PARENT	
frontend-onboarding-flow	Interactive Artist Discovery (Bubble Network UI)	0	86f8846c	Guest user follows artist via bubble tap	FOLLOW_PARENT	
frontend-onboarding-flow	Interactive Artist Discovery (Bubble Network UI)	1	49760a93	Guest follow default hype level	FOLLOW_PARENT	
frontend-onboarding-flow	Interactive Artist Discovery (Bubble Network UI)	2	915f149a	Discover to Dashboard coach-mark trigger	FOLLOW_PARENT	
frontend-onboarding-flow	Interactive Artist Discovery (Bubble Network UI)	3	50a03211	Coach Mark does not reappear	FOLLOW_PARENT	
frontend-onboarding-flow	Interactive Artist Discovery (Bubble Network UI)	4	94924baf	Pre-seeded follows on page reload	FOLLOW_PARENT	
frontend-onboarding-flow	Interactive Artist Discovery (Bubble Network UI)	5	483282bb	Snack notification on concert found	FOLLOW_PARENT	
frontend-onboarding-flow	Single-Flag Onboarding State	0	38269802	Brand-new user defaults to onboarding	FOLLOW_PARENT	
frontend-onboarding-flow	Single-Flag Onboarding State	1	3741a8d0	Completion latches on first meaningful dashboard arrival	FOLLOW_PARENT	
frontend-onboarding-flow	Single-Flag Onboarding State	2	409aefc5	Latch is independent of whether the celebration is shown	FOLLOW_PARENT	
frontend-onboarding-flow	Single-Flag Onboarding State	3	fabed35d	No latch for a zero-follow dashboard arrival	FOLLOW_PARENT	
frontend-onboarding-flow	Single-Flag Onboarding State	4	14a2d0e4	Completion latches on sign-up	FOLLOW_PARENT	
frontend-onboarding-flow	Single-Flag Onboarding State	5	263ab9fd	Completion is one-way	FOLLOW_PARENT	
frontend-onboarding-flow	Single-Flag Onboarding State	6	94285f34	Legacy step value migration	FOLLOW_PARENT	
frontend-onboarding-flow	Final onboarding step is a non-blocking analytics transparency notice	0	dbc4114e	New user sees the transparency notice once and proceeds	FOLLOW_PARENT	
frontend-onboarding-flow	Final onboarding step is a non-blocking analytics transparency notice	1	2bcf7b06	Notice does not gate analytics or block onboarding	FOLLOW_PARENT	
frontend-onboarding-flow	Final onboarding step is a non-blocking analytics transparency notice	2	dc195919	Opt-out remains reachable after the notice	FOLLOW_PARENT	
frontend-performance-instrumentation	Long animation frames reported to analytics	0	126bc88b	Long frame detected	FOLLOW_PARENT	
frontend-performance-instrumentation	Core Web Vitals reported to analytics	0	5591aa14	Core Web Vital measured	FOLLOW_PARENT	
frontend-performance-instrumentation	Slow interactions reported to analytics	0	6535c71d	Slow interaction detected	FOLLOW_PARENT	
frontend-plain-date-lib	Calendar arithmetic SHALL be exposed through an implementation-agnostic interface with `CalendarDate` boundary values	0	63fc7d78	Boundary exposes only plain data	FOLLOW_PARENT	
frontend-plain-date-lib	Calendar arithmetic SHALL be exposed through an implementation-agnostic interface with `CalendarDate` boundary values	1	cc5e69d9	Call sites depend on the interface, not an engine	FOLLOW_PARENT	
frontend-plain-date-lib	The library SHALL implement a fixed calendar-arithmetic contract	0	fd0cfacd	Weekend resolution follows the day-of-week rule	FOLLOW_PARENT	
frontend-plain-date-lib	The library SHALL implement a fixed calendar-arithmetic contract	1	0302c8c4	Inclusive day span counts both endpoints	FOLLOW_PARENT	
frontend-plain-date-lib	The library SHALL implement a fixed calendar-arithmetic contract	2	e6593a65	Malformed date-input value yields no `CalendarDate`	FOLLOW_PARENT	
frontend-plain-date-lib	Invalid calendar components SHALL NOT silently roll over	0	56b3f1c6	Zero-month input does not roll into the previous year	FOLLOW_PARENT	
frontend-plain-date-lib	Two interchangeable engines SHALL satisfy the contract identically	0	3f6ed5cb	Differential suite runs both engines and requires equivalence	FOLLOW_PARENT	
frontend-plain-date-lib	Two interchangeable engines SHALL satisfy the contract identically	1	33bf1e01	Temporal engine references the global, not a bundled polyfill	FOLLOW_PARENT	
frontend-plain-date-lib	The active engine SHALL be selected at build time, defaulting to the `Date` engine	0	481594b2	Default build resolves to the Date engine	FOLLOW_PARENT	
frontend-plain-date-lib	The active engine SHALL be selected at build time, defaulting to the `Date` engine	1	580e8d75	Explicit opt-in resolves to the Temporal engine	FOLLOW_PARENT	
frontend-plain-date-lib	The production bundle SHALL contain no Temporal polyfill	0	47c95835	Built chunks are free of polyfill code	FOLLOW_PARENT	
frontend-plain-date-lib	The production bundle SHALL contain no Temporal polyfill	1	313532c2	Polyfill is a dev-only dependency	FOLLOW_PARENT	
frontend-plain-date-lib	The production bundle SHALL contain no Temporal polyfill	2	a3572516	CI guards the bundle-purity property	FOLLOW_PARENT	
frontend-route-guard	Global Auth Hook	0	ec75b9e3	Authenticated user navigates to any route	FOLLOW_PARENT	
frontend-route-guard	Global Auth Hook	1	4b19ac6c	Public route is always allowed	FOLLOW_PARENT	
frontend-route-guard	Global Auth Hook	2	909544c9	Guest navigates to an application route	FOLLOW_PARENT	
frontend-route-guard	Global Auth Hook	3	c7fa04dd	Guest with no follows lands on the dashboard	FOLLOW_PARENT	
frontend-route-guard	Settings Reachable During Onboarding	0	5538566b	Guest opens Settings during onboarding	FOLLOW_PARENT	
frontend-route-guard	Welcome Reachable During Onboarding	0	51ef22be	Onboarding guest returns to Welcome	FOLLOW_PARENT	
frontend-router-query-params	Route loading hooks read query parameters via RouteNode	0	409266e3	Query params are read from RouteNode in loading()	FOLLOW_PARENT	
frontend-router-query-params	Route loading hooks read query parameters via RouteNode	1	c7c456c7	Test can inject query params without mutating window.location	FOLLOW_PARENT	
frontend-router-query-params	Route loading hooks read query parameters via RouteNode	2	835b030d	Missing query params default to empty string	FOLLOW_PARENT	
frontend-runtime-config	Frontend SPA SHALL load environment configuration from `/config.json` at bootstrap	0	04710fc0	Bootstrap blocks on config fetch before Aurelia starts	FOLLOW_PARENT	
frontend-runtime-config	Frontend SPA SHALL load environment configuration from `/config.json` at bootstrap	1	d0ed91be	Bundle contains no env-divergent VITE_ values	FOLLOW_PARENT	
frontend-runtime-config	Frontend SPA SHALL load environment configuration from `/config.json` at bootstrap	2	7ce45f1a	All legacy VITE_ read sites are migrated	FOLLOW_PARENT	
frontend-runtime-config	Frontend SPA SHALL load environment configuration from `/config.json` at bootstrap	3	c85ed9d6	import.meta.env.DEV reads are preserved	FOLLOW_PARENT	
frontend-runtime-config	`/config.json` SHALL conform to the AppConfig schema	0	1233dcd9	Bootstrap validates required fields	FOLLOW_PARENT	
frontend-runtime-config	`/config.json` SHALL conform to the AppConfig schema	1	76656f96	Empty-string `circuitBaseUrl` disables ZK features	FOLLOW_PARENT	
frontend-runtime-config	`/config.json` SHALL conform to the AppConfig schema	2	f893bf88	`previewArtistIds` and `previewArtistNames` length mismatch is rejected	FOLLOW_PARENT	
frontend-runtime-config	Bootstrap SHALL cross-check the configured environment against the page host	0	3b888476	Production host with dev config refuses to start	FOLLOW_PARENT	
frontend-runtime-config	Bootstrap SHALL cross-check the configured environment against the page host	1	86d3f3a6	Staging host with non-staging config refuses to start	FOLLOW_PARENT	
frontend-runtime-config	Bootstrap SHALL cross-check the configured environment against the page host	2	5d73109c	Staging host with staging config passes	FOLLOW_PARENT	
frontend-runtime-config	Bootstrap SHALL cross-check the configured environment against the page host	3	5c212e3d	Localhost or preview hostname skips the check	FOLLOW_PARENT	
frontend-runtime-config	A checked-in `public/config.json` SHALL provide dev defaults	0	488011e5	Public config.json contains dev values	FOLLOW_PARENT	
frontend-runtime-config	A checked-in `public/config.json` SHALL provide dev defaults	1	f73d0862	Public config.json is served by Vite dev server	FOLLOW_PARENT	
frontend-runtime-config	The Service Worker SHALL bypass any cache for `/config.json`	0	204ee975	SW route exists for /config.json	FOLLOW_PARENT	
frontend-runtime-config	The Service Worker SHALL bypass any cache for `/config.json`	1	976a92f0	/config.json is not precached	FOLLOW_PARENT	
frontend-runtime-config	The Service Worker SHALL bypass any cache for `/config.json`	2	4c122f23	Online reload picks up new ConfigMap content	FOLLOW_PARENT	
frontend-runtime-config	Bootstrap failures SHALL surface a static error page	0	2bcd5cba	Network failure on /config.json shows error page	FOLLOW_PARENT	
frontend-runtime-config	Bootstrap failures SHALL surface a static error page	1	75bee575	Schema validation failure shows error page	FOLLOW_PARENT	
frontend-store-cache	Shared stale-while-revalidate cache primitive	0	76676ee7	Cached value served immediately while fresh	FOLLOW_PARENT	
frontend-store-cache	Shared stale-while-revalidate cache primitive	1	d72cb038	Stale value served then revalidated	FOLLOW_PARENT	
frontend-store-cache	Shared stale-while-revalidate cache primitive	2	dee2c735	Miss issues the fetcher	FOLLOW_PARENT	
frontend-store-cache	Shared stale-while-revalidate cache primitive	3	f8c08572	Single copy, no parallel state	FOLLOW_PARENT	
frontend-store-cache	In-flight request coalescing	0	33e4e0e5	Concurrent callers share one fetch	FOLLOW_PARENT	
frontend-store-cache	Complete cache keys	0	e8ed7e4f	listTop key includes limit	FOLLOW_PARENT	
frontend-store-cache	Complete cache keys	1	73436390	Proximity key includes the artist set and area	FOLLOW_PARENT	
frontend-store-cache	Explicit invalidation on mutations	0	71b775e3	Invalidated key refetches	FOLLOW_PARENT	
frontend-store-cache	Explicit invalidation on mutations	1	2914034f	Follow or hype change invalidates follower concerts	FOLLOW_PARENT	
frontend-store-cache	Explicit invalidation on mutations	2	055bc727	New ticket invalidates the ticket list	FOLLOW_PARENT	
frontend-store-cache	Explicit invalidation on mutations	3	2b04373c	Proximity cache needs no write-side invalidation	FOLLOW_PARENT	
frontend-store-cache	Revalidation on route entry and PWA resume	0	210e8f5b	Route entry paints cache then revalidates	FOLLOW_PARENT	
frontend-store-cache	Revalidation on route entry and PWA resume	1	f81faf55	PWA resume revalidates stale data	FOLLOW_PARENT	
frontend-store-cache	Revalidation on route entry and PWA resume	2	55e86511	Revalidation does not reload or jump	FOLLOW_PARENT	
frontend-store-cache	Caching scope is limited to audited read resources	0	be687bea	One-shot per-artist reads are not cached	FOLLOW_PARENT	
frontend-store-cache	Caching scope is limited to audited read resources	1	34083608	Network-first resources are not cached	FOLLOW_PARENT	
frontend-store-cache	Caching scope is limited to audited read resources	2	b6dc0596	User.get is not migrated onto the primitive	FOLLOW_PARENT	
frontend-testing	Test infrastructure provides shared mock factories	0	c5890cde	Creating a mock logger	FOLLOW_PARENT	
frontend-testing	Test infrastructure provides shared mock factories	1	975cff16	Creating a mock auth service	FOLLOW_PARENT	
frontend-testing	Test infrastructure provides shared mock factories	2	db35bea7	Creating a test DI container	FOLLOW_PARENT	
frontend-testing	Test infrastructure provides shared mock factories	3	6c6241a5	Creating a composition fixture helper	FOLLOW_PARENT	
frontend-testing	Vitest environment is managed by vitest, not manually	0	4f89ed4b	setup.ts does not import jsdom	FOLLOW_PARENT	
frontend-testing	Vitest environment is managed by vitest, not manually	1	fa75978a	setup.ts initializes only Aurelia platform bridge	FOLLOW_PARENT	
frontend-testing	Vitest environment is managed by vitest, not manually	2	a1b5109c	Fixture cleanup uses vitest-managed environment	FOLLOW_PARENT	
frontend-testing	Aurelia template module graph is contained in tests	0	93bb2b54	Direct CE import for component tests	FOLLOW_PARENT	
frontend-testing	Aurelia template module graph is contained in tests	1	85150906	HTML template mock for route-level tests	FOLLOW_PARENT	
frontend-testing	Aurelia template module graph is contained in tests	2	f769d59c	No cascading document reference errors	FOLLOW_PARENT	
frontend-testing	CE composition integration tests verify layout propagation	0	493d7cf4	ConcertHighway renders with non-zero height in grid parent	FOLLOW_PARENT	
frontend-testing	CE composition integration tests verify layout propagation	1	0685f8c4	ConcertHighway with EventCard child CEs	FOLLOW_PARENT	
frontend-testing	CE composition integration tests verify layout propagation	2	f4fb1628	ConcertHighway in readonly mode	FOLLOW_PARENT	
frontend-testing	CE composition integration tests verify layout propagation	3	3918fd33	ConcertHighway beam index map	FOLLOW_PARENT	
frontend-testing	Dashboard-route has integration tests	0	628978c6	Loading state on initial render	FOLLOW_PARENT	
frontend-testing	Dashboard-route has integration tests	1	f0c65538	Error state when service fails	FOLLOW_PARENT	
frontend-testing	Dashboard-route has integration tests	2	97cff091	Empty state when no concerts exist	FOLLOW_PARENT	
frontend-testing	Dashboard-route has integration tests	3	b9db7a4c	Concert data populates dateGroups	FOLLOW_PARENT	
frontend-testing	Dashboard-route has integration tests	4	f332ef14	needsRegion blurs concert highway	FOLLOW_PARENT	
frontend-testing	Per-file vitest environment annotations optimize execution	0	8464256c	Mapper tests run in node environment	FOLLOW_PARENT	
frontend-testing	Per-file vitest environment annotations optimize execution	1	7b4a3dc6	Entity tests run in node environment	FOLLOW_PARENT	
frontend-testing	Per-file vitest environment annotations optimize execution	2	6a1bc732	Service tests without DOM dependency run in node environment	FOLLOW_PARENT	
frontend-testing	Per-file vitest environment annotations optimize execution	3	40894e98	Component and route tests remain in jsdom environment	FOLLOW_PARENT	
frontend-testing	Color generator produces deterministic colors	0	48883bab	Same input produces same color	FOLLOW_PARENT	
frontend-testing	Color generator produces deterministic colors	1	69777c5d	Different inputs produce different colors	FOLLOW_PARENT	
frontend-testing	Color generator produces deterministic colors	2	ed430ab4	Empty string input	FOLLOW_PARENT	
frontend-testing	Dashboard service groups concerts by date	0	6ae54876	Multiple artists with concerts	FOLLOW_PARENT	
frontend-testing	Dashboard service groups concerts by date	1	c8a19a37	No followed artists	FOLLOW_PARENT	
frontend-testing	Dashboard service groups concerts by date	2	f09f7ceb	RPC call failure for one artist	FOLLOW_PARENT	
frontend-testing	Onboarding service routes based on completion status	0	eebc1db7	User has completed onboarding	FOLLOW_PARENT	
frontend-testing	Onboarding service routes based on completion status	1	867dcdf5	User has not completed onboarding	FOLLOW_PARENT	
frontend-testing	Onboarding service routes based on completion status	2	23ab1e66	Redirect authenticated user with completed onboarding	FOLLOW_PARENT	
frontend-testing	Onboarding service routes based on completion status	3	3c6be23c	Redirect authenticated user without onboarding	FOLLOW_PARENT	
frontend-testing	Toast notification service manages toast lifecycle	0	e863b7d4	Show a toast	FOLLOW_PARENT	
frontend-testing	Toast notification service manages toast lifecycle	1	282399b9	Auto-dismiss after duration	FOLLOW_PARENT	
frontend-testing	Toast notification service manages toast lifecycle	2	26074bc5	Remove after exit animation	FOLLOW_PARENT	
frontend-testing	Event card computes display properties	0	a1a5ac8f	Background color from artist name	FOLLOW_PARENT	
frontend-testing	Event card computes display properties	1	a9516b63	Click dispatches event-selected	FOLLOW_PARENT	
frontend-testing	Live highway displays grouped events	0	bf3683f8	Empty state	FOLLOW_PARENT	
frontend-testing	Live highway displays grouped events	1	e9997c75	Event selection delegation	FOLLOW_PARENT	
frontend-testing	Auth status delegates to auth service	0	919684b8	Sign in	FOLLOW_PARENT	
frontend-testing	Auth status delegates to auth service	1	6924a982	Sign up	FOLLOW_PARENT	
frontend-testing	Auth status delegates to auth service	2	319f8fed	Sign out	FOLLOW_PARENT	
frontend-testing	MyApp showNav hides navigation on fullscreen routes	0	7df33dd6	Fullscreen route	FOLLOW_PARENT	
frontend-testing	MyApp showNav hides navigation on fullscreen routes	1	bed2a5e1	Non-fullscreen route	FOLLOW_PARENT	
frontend-testing	Auth hook guards all authenticated routes	0	96606598	Public route bypasses auth check	FOLLOW_PARENT	
frontend-testing	Auth hook guards all authenticated routes	1	3b1365e2	Authenticated user on protected route	FOLLOW_PARENT	
frontend-testing	Auth hook guards all authenticated routes	2	1205bb86	Unauthenticated user redirected to welcome	FOLLOW_PARENT	
frontend-testing	Auth hook guards all authenticated routes	3	e69fe5d5	Auth readiness is awaited before checking	FOLLOW_PARENT	
frontend-testing	Auth retry interceptor refreshes tokens on Unauthenticated errors	0	a7690fa4	Silent refresh succeeds and request is retried	FOLLOW_PARENT	
frontend-testing	Auth retry interceptor refreshes tokens on Unauthenticated errors	1	bf225cd4	Silent refresh fails and user is redirected	FOLLOW_PARENT	
frontend-testing	Auth retry interceptor refreshes tokens on Unauthenticated errors	2	c2ad3a32	Non-auth errors pass through	FOLLOW_PARENT	
frontend-testing	Retry interceptor applies exponential backoff on transient errors	0	b2029476	Unavailable error triggers retry with backoff	FOLLOW_PARENT	
frontend-testing	Retry interceptor applies exponential backoff on transient errors	1	cdb87d98	DeadlineExceeded error triggers retry	FOLLOW_PARENT	
frontend-testing	Retry interceptor applies exponential backoff on transient errors	2	4e8f15f0	Max retries exhausted	FOLLOW_PARENT	
frontend-testing	Retry interceptor applies exponential backoff on transient errors	3	af75582e	Non-retryable error is not retried	FOLLOW_PARENT	
frontend-testing	Artist discovery service manages bubble state with optimistic follow	0	35a52ad8	Load initial artists	FOLLOW_PARENT	
frontend-testing	Artist discovery service manages bubble state with optimistic follow	1	e63fd357	Follow artist with optimistic update	FOLLOW_PARENT	
frontend-testing	Artist discovery service manages bubble state with optimistic follow	2	051a1376	Follow fails after retry — rollback	FOLLOW_PARENT	
frontend-testing	Artist discovery service manages bubble state with optimistic follow	3	86589e9b	Deduplication across name, id, and mbid	FOLLOW_PARENT	
frontend-testing	Artist discovery service manages bubble state with optimistic follow	4	341b1939	Reload with genre tag	FOLLOW_PARENT	
frontend-testing	Artist discovery service manages bubble state with optimistic follow	5	8cfdcc39	Evict oldest bubbles	FOLLOW_PARENT	
frontend-testing	gRPC transport injects auth headers	0	e61da8c1	Authenticated user has valid token	FOLLOW_PARENT	
frontend-testing	gRPC transport injects auth headers	1	f7040fbc	No authenticated user	FOLLOW_PARENT	
frontend-testing	Concert service forwards RPC calls with AbortSignal	0	cbb7b736	List concerts by artist	FOLLOW_PARENT	
frontend-testing	Concert service forwards RPC calls with AbortSignal	1	a0b1f4de	List concerts by follower	FOLLOW_PARENT	
frontend-testing	Concert service forwards RPC calls with AbortSignal	2	2c54bbff	AbortSignal cancels in-flight request	FOLLOW_PARENT	
frontend-testing	Error boundary service captures and sanitizes errors	0	483a4a6e	Capture error adds to history	FOLLOW_PARENT	
frontend-testing	Error boundary service captures and sanitizes errors	1	b23a1dce	History is capped	FOLLOW_PARENT	
frontend-testing	Error boundary service captures and sanitizes errors	2	9d4e3e05	Sanitize redacts sensitive tokens	FOLLOW_PARENT	
frontend-testing	Error boundary service captures and sanitizes errors	3	9ababef3	GitHub issue URL is constructed correctly	FOLLOW_PARENT	
frontend-testing	Error boundary service captures and sanitizes errors	4	99561d5a	Dismiss clears current error	FOLLOW_PARENT	
frontend-testing	Dashboard route manages stale data on reload failure	0	be697857	Successful data load	FOLLOW_PARENT	
frontend-testing	Dashboard route manages stale data on reload failure	1	bb73eccb	Reload failure preserves old data	FOLLOW_PARENT	
frontend-testing	Dashboard route manages stale data on reload failure	2	dc04afb5	AbortError is ignored	FOLLOW_PARENT	
frontend-testing	Dashboard route manages stale data on reload failure	3	e73a3396	Retry clears error and reloads	FOLLOW_PARENT	
frontend-testing	Discover page debounces search with stale response guard	0	c8f97225	Search is debounced	FOLLOW_PARENT	
frontend-testing	Discover page debounces search with stale response guard	1	71b47592	Stale search response is discarded	FOLLOW_PARENT	
frontend-testing	Discover page debounces search with stale response guard	2	19014808	Genre tag toggle activates and deactivates	FOLLOW_PARENT	
frontend-testing	Discover page debounces search with stale response guard	3	aa897b54	Clear search restores bubble view	FOLLOW_PARENT	
frontend-testing	Artist discovery page dismisses guidance overlay	0	64e9222a	Guidance auto-dismiss after 5 seconds	FOLLOW_PARENT	
frontend-testing	Artist discovery page dismisses guidance overlay	1	1bc59f1a	Fade animation before removal	FOLLOW_PARENT	
frontend-testing	Artist discovery page dismisses guidance overlay	2	598d3cbf	Artist selection triggers follow and live event check	FOLLOW_PARENT	
frontend-testing	Event detail sheet computes URLs and handles touch dismiss	0	4a7f20e3	Google Maps URL construction	FOLLOW_PARENT	
frontend-testing	Event detail sheet computes URLs and handles touch dismiss	1	10333565	Google Calendar URL construction	FOLLOW_PARENT	
frontend-testing	Event detail sheet computes URLs and handles touch dismiss	2	fc0d4320	Touch drag exceeding threshold closes sheet	FOLLOW_PARENT	
frontend-testing	Event detail sheet computes URLs and handles touch dismiss	3	d9152a74	Touch drag below threshold keeps sheet open	FOLLOW_PARENT	
frontend-testing	Test mock helpers cover all tested DI interfaces	0	0f9d2324	Mock router factory	FOLLOW_PARENT	
frontend-testing	Test mock helpers cover all tested DI interfaces	1	42ae8f3e	Mock toast service factory	FOLLOW_PARENT	
frontend-testing	Test mock helpers cover all tested DI interfaces	2	cc723793	Mock error boundary factory	FOLLOW_PARENT	
frontend-testing	Mock helpers cover INavDimmingService and ILocalStorage	0	389fb422	createMockNavDimmingService returns spy	FOLLOW_PARENT	
frontend-testing	Mock helpers cover INavDimmingService and ILocalStorage	1	32860a5d	createMockLocalStorage returns configurable spy	FOLLOW_PARENT	
frontend-testing	Timer cleanup uses afterEach unconditionally	0	4cfd0bbf	Fake timers restored after each test	FOLLOW_PARENT	
frontend-testing	Timer cleanup uses afterEach unconditionally	1	6684d0aa	Mocks restored after each test	FOLLOW_PARENT	
frontend-testing	Timer cleanup uses afterEach unconditionally	2	cb1498ed	Fixture tests use stop(true) in afterEach	FOLLOW_PARENT	
frontend-testing	Coverage reporting is configured	0	fe53eba0	Running tests with coverage	FOLLOW_PARENT	
frontend-testing	Coverage reporting is configured	1	fd8e1a25	Coverage thresholds enforce minimum levels	FOLLOW_PARENT	
frontend-testing	Coverage reporting is configured	2	82525572	Dead config patterns are removed	FOLLOW_PARENT	
frontend-testing	Coverage reporting is configured	3	25320a26	auth-service.ts is included in coverage	FOLLOW_PARENT	
frontend-testing	Global fixture cleanup awaits all stop() calls	0	081629f0	Fixture cleanup completes before next test	FOLLOW_PARENT	
frontend-testing	Global fixture cleanup awaits all stop() calls	1	2a72f003	Cleanup errors do not fail the test	FOLLOW_PARENT	
frontend-testing	All afterEach hooks prevent test state pollution	0	802ec7a5	localStorage is cleared after tests that use it	FOLLOW_PARENT	
frontend-testing	Mock helpers return typed Partial interfaces	0	ce7cb97f	mock-i18n returns typed interface	FOLLOW_PARENT	
frontend-testing	Mock helpers return typed Partial interfaces	1	994617dc	mock-toast returns typed interface	FOLLOW_PARENT	
frontend-testing	Mock helpers return typed Partial interfaces	2	dab351c5	mock-error-boundary has all properties as spies or typed values	FOLLOW_PARENT	
frontend-testing	No deprecated Aurelia testing APIs are used	0	007a7ede	Smoke tests use stop(true)	FOLLOW_PARENT	
frontend-testing	No deprecated Aurelia testing APIs are used	1	46bcfd91	No tearDown() calls exist in the codebase	FOLLOW_PARENT	
frontend-testing	Component integration tests use createFixture with official assertion helpers	0	aa5c14fa	Fixture test verifies template binding	FOLLOW_PARENT	
frontend-testing	Component integration tests use createFixture with official assertion helpers	1	8bd4d398	Fixture test uses trigger for user interaction (when applicable)	FOLLOW_PARENT	
frontend-testing	Component integration tests use createFixture with official assertion helpers	2	450ad411	Fixture test uses type() for input simulation (when applicable)	FOLLOW_PARENT	
frontend-testing	Component integration tests use createFixture with official assertion helpers	3	142141bb	Fixture test awaits tasksSettled() after state mutation (when applicable)	FOLLOW_PARENT	
frontend-testing	Component integration tests use createFixture with official assertion helpers	4	f3a2c184	Fixture test uses stop(true) for cleanup	FOLLOW_PARENT	
frontend-testing	Component integration tests use createFixture with official assertion helpers	5	e8a939f2	Components with JSDOM-incompatible APIs use DI Unit tests	FOLLOW_PARENT	
frontend-testing	Smoke tests use meaningful DOM assertions	0	df123d5e	Smoke test verifies rendered element exists	FOLLOW_PARENT	
frontend-testing	Smoke tests use meaningful DOM assertions	1	4a2d4bde	Smoke test verifies basic attribute or text content	FOLLOW_PARENT	
frontend-testing	Bottom nav bar has component integration tests	0	ab2b9b1f	Nav items render for all routes	FOLLOW_PARENT	
frontend-testing	Bottom nav bar has component integration tests	1	7becfcd3	Active route is highlighted	FOLLOW_PARENT	
frontend-testing	Snack bar service logic is tested	0	4ce246b1	Snack events are aggregated and shown	FOLLOW_PARENT	
frontend-testing	Snack bar service logic is tested	1	267a2a39	Auto-dismiss fires after configured duration	FOLLOW_PARENT	
frontend-testing	User home selector has component integration tests	0	238f3d8e	Region options are rendered	FOLLOW_PARENT	
frontend-testing	User home selector has component integration tests	1	5b8f388f	Selection persists via service call	FOLLOW_PARENT	
frontend-testing	Post-signup dialog has component integration tests	0	151ad88a	Dialog renders notification prompt step	FOLLOW_PARENT	
frontend-testing	Post-signup dialog has component integration tests	1	a66727c9	Dialog advances to PWA install step	FOLLOW_PARENT	
frontend-testing	Error banner has component integration tests	0	a7f9817d	Error message is displayed	FOLLOW_PARENT	
frontend-testing	Error banner has component integration tests	1	213785aa	Dismiss clears the error	FOLLOW_PARENT	
frontend-testing	Settings route has component integration tests	0	050986aa	Language options are rendered via repeat.for	FOLLOW_PARENT	
frontend-testing	Settings route has component integration tests	1	1e30f49a	Email verification status is displayed conditionally	FOLLOW_PARENT	
frontend-testing	Settings route has component integration tests	2	b701e8db	PWA install section shown only when installable	FOLLOW_PARENT	
frontend-testing	Concert highway CE has component integration tests	0	e9f1688d	Date groups render lane grid	FOLLOW_PARENT	
frontend-testing	Concert highway CE has component integration tests	1	82021de3	Beam index map is built from matched events	FOLLOW_PARENT	
frontend-testing	Concert highway CE has component integration tests	2	5e88992d	Readonly mode disables interaction	FOLLOW_PARENT	
frontend-testing	Concert highway CE has component integration tests	3	bb5504d6	Detaching cleans up scroll listener and cancels rAF	FOLLOW_PARENT	
frontend-testing	Welcome route has component integration tests	0	84c9a95b	Unauthenticated user sees welcome content	FOLLOW_PARENT	
frontend-testing	Welcome route has component integration tests	1	04e648c8	canLoad redirects authenticated users	FOLLOW_PARENT	
frontend-testing	Welcome route has component integration tests	2	520686a9	Preview concert data loads on attached	FOLLOW_PARENT	
frontend-testing	Welcome route has component integration tests	3	afa9122c	Language switching updates locale via @observable	FOLLOW_PARENT	
frontend-testing	Custom attribute tests use createFixture with style verification	0	0dae329d	tile-color attribute applies CSS custom property	FOLLOW_PARENT	
frontend-testing	Value converter tests include fixture integration tests	0	aa6a66d2	Date converter renders correctly in template	FOLLOW_PARENT	
gcp-cost-guardrails	Places API Daily Quota Limit (Dev)	0	2f5f51b3	Quota limit blocks excess requests	FOLLOW_PARENT	
gcp-cost-guardrails	Places API Daily Quota Limit (Dev)	1	5aef79ee	Quota is IaC-managed and dev-only	FOLLOW_PARENT	
gcp-cost-guardrails	Vertex AI Per-Minute Quota Limit (Dev)	0	374074f6	Quota throttles runaway loop	FOLLOW_PARENT	
gcp-cost-guardrails	Vertex AI Per-Minute Quota Limit (Dev)	1	fd68c3f3	Normal CronJob is throttled gracefully	FOLLOW_PARENT	
gcp-cost-guardrails	Vertex AI Per-Minute Quota Limit (Dev)	2	41f7c5c0	Quota is IaC-managed and dev-only	FOLLOW_PARENT	
gcp-cost-guardrails	Project Billing Budget Alert	0	e2c76115	Dev budget threshold reached	FOLLOW_PARENT	
gcp-cost-guardrails	Project Billing Budget Alert	1	4c4a1df7	Prod budget threshold reached	FOLLOW_PARENT	
gcp-cost-guardrails	Project Billing Budget Alert	2	8be62d5c	Budget is IaC-managed in any seeded env	FOLLOW_PARENT	
gcp-cost-guardrails	Project Billing Budget Alert	3	4dc1601f	Unseeded env has no budget	FOLLOW_PARENT	
gcp-cost-guardrails	Project Billing Budget Alert	4	86b388e1	Prod budget amount can diverge from dev default	FOLLOW_PARENT	
gemini-grounded-extract-and-coerce	ConcertSearcher executes a two-step Gemini call sequence per Search invocation	0	3bfe9c9f	Happy path — Step 1 and Step 2 both succeed	FOLLOW_PARENT	
gemini-grounded-extract-and-coerce	ConcertSearcher executes a two-step Gemini call sequence per Search invocation	1	cd796b37	Step 1 permanent error from any slice → Search returns the error	FOLLOW_PARENT	
gemini-grounded-extract-and-coerce	ConcertSearcher executes a two-step Gemini call sequence per Search invocation	2	b622300f	Step 1 transient retry exhaustion → empty envelope flows to Step 2	FOLLOW_PARENT	
gemini-grounded-extract-and-coerce	ConcertSearcher executes a two-step Gemini call sequence per Search invocation	3	7e58d31d	Step 2 permanent error → Search returns the error	FOLLOW_PARENT	
gemini-grounded-extract-and-coerce	ConcertSearcher executes a two-step Gemini call sequence per Search invocation	4	30847342	Step 2 invalid JSON → permanent error propagates	FOLLOW_PARENT	
gemini-grounded-extract-and-coerce	Step 1 runs a single grounded slice per the default slice configuration	0	7dac1ba6	Single grounded call per Search	FOLLOW_PARENT	
gemini-grounded-extract-and-coerce	Step 1 runs a single grounded slice per the default slice configuration	1	45754e36	Open-ended start-date substitution	FOLLOW_PARENT	
gemini-grounded-extract-and-coerce	Step 1 tools MUST be {GoogleSearch, URLContext} together; no schema	0	351dbeab	Step 1 request shape	FOLLOW_PARENT	
gemini-grounded-extract-and-coerce	Step 1 tools MUST be {GoogleSearch, URLContext} together; no schema	1	cac51c68	Invariant guard rejects misconfigured Step 1	FOLLOW_PARENT	
gemini-grounded-extract-and-coerce	Step 1 emits a per-field XML envelope with `<tour>` and `<standalone>` blocks	0	f9fca65d	Tour with multiple dates	FOLLOW_PARENT	
gemini-grounded-extract-and-coerce	Step 1 emits a per-field XML envelope with `<tour>` and `<standalone>` blocks	1	3532f059	One-off concert	FOLLOW_PARENT	
gemini-grounded-extract-and-coerce	Step 1 emits a per-field XML envelope with `<tour>` and `<standalone>` blocks	2	c8960235	Missing field — empty element	FOLLOW_PARENT	
gemini-grounded-extract-and-coerce	Step 1 fills in missing years from page context for partial dates	0	29cd4221	Tour title spans two years and the date is in the second year	FOLLOW_PARENT	
gemini-grounded-extract-and-coerce	Step 1 fills in missing years from page context for partial dates	1	c491c979	Tour title spans two years and the date is in the first year	FOLLOW_PARENT	
gemini-grounded-extract-and-coerce	Step 1 fills in missing years from page context for partial dates	2	8b909575	Source already provides the year	FOLLOW_PARENT	
gemini-grounded-extract-and-coerce	Step 1 uses a single consolidated English extraction instruction	0	fc3a6622	Consolidated instruction structure	FOLLOW_PARENT	
gemini-grounded-extract-and-coerce	Step 1 uses a single consolidated English extraction instruction	1	95193520	Off-domain tour page discovery	FOLLOW_PARENT	
gemini-grounded-extract-and-coerce	Step 1 prompt template uses three positional placeholders	0	eca1df75	Prompt formatting	FOLLOW_PARENT	
gemini-grounded-extract-and-coerce	Go-side verbatim parse extracts title, source_url, venue, country, and raw date/time strings	0	b14811d3	Tour with two events → two drafts	FOLLOW_PARENT	
gemini-grounded-extract-and-coerce	Go-side verbatim parse extracts title, source_url, venue, country, and raw date/time strings	1	424420c0	Standalone block → one draft	FOLLOW_PARENT	
gemini-grounded-extract-and-coerce	Go-side verbatim parse extracts title, source_url, venue, country, and raw date/time strings	2	5caddd0f	Unparseable input → empty result, no error	FOLLOW_PARENT	
gemini-grounded-extract-and-coerce	Step 1 slice envelopes are merged by concatenation, not URL grouping	0	98bb1af8	Two slice envelopes merged	FOLLOW_PARENT	
gemini-grounded-extract-and-coerce	Step 1 slice envelopes are merged by concatenation, not URL grouping	1	ad51e54f	One slice emits non-XML fallback text	FOLLOW_PARENT	
gemini-grounded-extract-and-coerce	Step 1 slice envelopes are merged by concatenation, not URL grouping	2	6b4781db	All slices return non-XML — graceful fallback	FOLLOW_PARENT	
gemini-grounded-extract-and-coerce	Step 2 receives only the JSON-coercion-relevant fields	0	05338d49	Step 2 input shape	FOLLOW_PARENT	
gemini-grounded-extract-and-coerce	Step 2 receives only the JSON-coercion-relevant fields	1	156f1bd0	Step 2 output shape	FOLLOW_PARENT	
gemini-grounded-extract-and-coerce	Step 2 tools MUST be empty; responseJSONSchema MUST be set	0	90128888	Step 2 request shape	FOLLOW_PARENT	
gemini-grounded-extract-and-coerce	Step 2 tools MUST be empty; responseJSONSchema MUST be set	1	2ccaf46b	Invariant guard rejects misconfigured Step 2	FOLLOW_PARENT	
gemini-grounded-extract-and-coerce	Step 2's coerced output is joined back to EventDraft by index	0	d5eeb867	Index-based join — happy path	FOLLOW_PARENT	
gemini-grounded-extract-and-coerce	Step 2's coerced output is joined back to EventDraft by index	1	d2c969ba	Index missing in Step 2 output → skip with WARN	FOLLOW_PARENT	
gemini-grounded-extract-and-coerce	Deduplication keys on (local_date, venue, start_time)	0	433f2a1e	1st-stage / 2nd-stage preservation	FOLLOW_PARENT	
gemini-grounded-extract-and-coerce	Deduplication keys on (local_date, venue, start_time)	1	1612cac7	Identical triple → fold	FOLLOW_PARENT	
gemini-grounded-extract-and-coerce	Deduplication keys on (local_date, venue, start_time)	2	cdfc7883	Cross-slice duplicate at the 12-month boundary → fold	FOLLOW_PARENT	
gemini-grounded-extract-and-coerce	SearchMetadata exposes Step1Grounded and Step2Parse	0	30f54f5c	Both steps succeed	FOLLOW_PARENT	
gemini-grounded-extract-and-coerce	SearchMetadata exposes Step1Grounded and Step2Parse	1	3b447feb	All Step 1 slices exhaust retries	FOLLOW_PARENT	
gemini-grounded-extract-and-coerce	A/B harness emits per-step sub-objects in raw response files	0	dbeb109e	Per-cell raw response JSON shape	FOLLOW_PARENT	
gemini-grounded-extract-and-coerce	cmd/smoke-diff reports per-event evaluation breakdown for a single smoke run	0	17826cef	Human-readable breakdown for an 86%-recall cell	FOLLOW_PARENT	
gemini-grounded-extract-and-coerce	cmd/smoke-diff reports per-event evaluation breakdown for a single smoke run	1	e29def53	Machine-readable JSON output	FOLLOW_PARENT	
gemini-grounded-extract-and-coerce	cmd/smoke-diff reports per-event evaluation breakdown for a single smoke run	2	22fcae31	TIME_MISMATCH classification distinct from MISS	FOLLOW_PARENT	
gemini-grounded-extract-and-coerce	parseStep1Envelope Preserves Tour Grouping On EventDraft	0	7dbb9cc7	Tour block drafts share a group handle	FOLLOW_PARENT	
gemini-grounded-extract-and-coerce	parseStep1Envelope Preserves Tour Grouping On EventDraft	1	80c8cf57	Standalone drafts are marked standalone	FOLLOW_PARENT	
gemini-grounded-extract-and-coerce	parseStep1Envelope Preserves Tour Grouping On EventDraft	2	3f9fbe18	Two distinct tours produce two group handles	FOLLOW_PARENT	
gemini-grounded-extract-and-coerce	Step 1 extracts every field in the source page's original language	0	22888bf5	Multilingual tour page — Japanese venue retained	FOLLOW_PARENT	
gemini-grounded-extract-and-coerce	Step 1 extracts every field in the source page's original language	1	efc51b33	Renamed venue kept verbatim, not semantically translated	FOLLOW_PARENT	
gemini-grounded-extract-and-coerce	Step 1 selects the tour-specific page as source_url	0	a0adf982	Tour feature page preferred over the site top	FOLLOW_PARENT	
gemini-grounded-extract-and-coerce	Step 1 selects the tour-specific page as source_url	1	9c71f8f0	No tour-specific page available	FOLLOW_PARENT	
gemini-searcher-config	GCPConfig exposes per-step Gemini search model fields	0	3089390a	Field set populated from env	FOLLOW_PARENT	
gemini-searcher-config	GCPConfig exposes per-step Gemini search model fields	1	4381696b	Discovery env var is unread	FOLLOW_PARENT	
gemini-searcher-config	GCPConfig exposes per-step Gemini search model fields	2	747a0053	Extract-step default is gemini-3.6-flash	FOLLOW_PARENT	
gemini-searcher-config	Helper methods resolve per-step model with env-var precedence over defaults	0	37e6333a	Step override honoured	FOLLOW_PARENT	
gemini-searcher-config	Helper methods resolve per-step model with env-var precedence over defaults	1	1861b591	Step default applied when env unset	FOLLOW_PARENT	
gemini-searcher-config	Helper methods resolve per-step model with env-var precedence over defaults	2	a64b8d9a	No discovery helper exists	FOLLOW_PARENT	
gemini-searcher-config	Config passes per-step models through DI into gemini.Config	0	44237254	DI wiring	FOLLOW_PARENT	
gemini-searcher-config	Config passes per-step models through DI into gemini.Config	1	db9a7c6c	Searcher model selection	FOLLOW_PARENT	
gemini-searcher-config	Config passes per-step models through DI into gemini.Config	2	23a98ae0	Step 2 model selection	FOLLOW_PARENT	
gemini-searcher-config	Config passes per-step models through DI into gemini.Config	3	a4fd928c	Searcher rejects empty model name at construction	FOLLOW_PARENT	
gemini-searcher-config	Configurable search-cache TTL with env-var precedence over default	0	19941846	Env override honoured	FOLLOW_PARENT	
gemini-searcher-config	Configurable search-cache TTL with env-var precedence over default	1	16216bfa	Default applied when env unset	FOLLOW_PARENT	
gemini-searcher-config	Configurable search-cache TTL with env-var precedence over default	2	810e22e4	Invalid value rejected at startup	FOLLOW_PARENT	
gemini-searcher-config	Configurable search-cache TTL with env-var precedence over default	3	07c7815e	No hard-coded freshness constant remains in the use case	FOLLOW_PARENT	
gemini-searcher-config	Configurable discovery-skip window with env-var precedence over default	0	024ccf38	Env override honoured	FOLLOW_PARENT	
gemini-searcher-config	Configurable discovery-skip window with env-var precedence over default	1	e83d0226	Default applied when env unset	FOLLOW_PARENT	
gemini-searcher-config	Configurable discovery-skip window with env-var precedence over default	2	1b10c50e	Invalid value rejected at startup	FOLLOW_PARENT	
gemini-searcher-config	Configurable discovery-skip window with env-var precedence over default	3	b77ef478	No hard-coded discovery-window constant remains in the use case	FOLLOW_PARENT	
geo-location	GeoLocation Proto Entity	0	333b7c09	GeoLocation message definition	FOLLOW_PARENT	
geo-location	GeoLocation Proto Entity	1	47c0f25e	GeoLocation used as proximity reference	FOLLOW_PARENT	
geo-location	GeoLocation Proto Entity	2	09460b16	GeoLocation is caller-agnostic	FOLLOW_PARENT	
geo-location	GeoLocation Field Validation	0	91c43953	Latitude range enforced	FOLLOW_PARENT	
geo-location	GeoLocation Field Validation	1	00696356	Longitude range enforced	FOLLOW_PARENT	
geo-location	GeoLocation Field Validation	2	726d0dd8	admin_area must be non-empty	FOLLOW_PARENT	
gke-gateway-infrastructure	Gateway API Resource Creation	0	31ad032d	HTTPS listener active	FOLLOW_PARENT	
gke-gateway-infrastructure	Gateway API Resource Creation	1	b8bc6a49	HTTP listener redirects	FOLLOW_PARENT	
gke-gateway-infrastructure	HTTPRoute API Routing	0	1f624b0f	API requests routed correctly	FOLLOW_PARENT	
gke-gateway-infrastructure	HTTPRoute API Routing	1	499a5d72	Path prefix matching	FOLLOW_PARENT	
gke-gateway-infrastructure	GatewayClass Selection	0	04d6f914	Global ALB provisioned	FOLLOW_PARENT	
gke-gateway-infrastructure	Cross-Namespace Routing	0	246b196f	Service discovered across namespaces	FOLLOW_PARENT	
gke-gateway-infrastructure	Certificate Management Annotation	0	2580008a	Certificate mapped to listener	FOLLOW_PARENT	
gke-gateway-infrastructure	Policy Attachment for Gateway Configuration	0	1ea0fcb8	Gateway policy applied	FOLLOW_PARENT	
gke-standard-infrastructure	Standard zonal GKE cluster for dev	0	1b8d4841	Cluster type is Standard	FOLLOW_PARENT	
gke-standard-infrastructure	Standard zonal GKE cluster for dev	1	a31645f8	Spot node pool exists	FOLLOW_PARENT	
gke-standard-infrastructure	Dev cluster nodes SHALL have public external IPs	0	5c1408fb	Nodes have external IPs	FOLLOW_PARENT	
gke-standard-infrastructure	Dev cluster nodes SHALL have public external IPs	1	bd6d196f	Cloud NAT is absent for dev	FOLLOW_PARENT	
gke-standard-infrastructure	Standard cluster Spot nodeSelector	0	0b605679	Dev pod scheduled on Spot node	FOLLOW_PARENT	
gke-standard-infrastructure	Shielded GKE Nodes SHALL be enabled on the Spot node pool	0	4b03ae65	Node pool has shieldedInstanceConfig enabled	FOLLOW_PARENT	
gke-standard-infrastructure	Dev cluster SHALL use LEGACY_DATAPATH (kube-proxy/iptables)	0	e2730a91	ADVANCED_DATAPATH is absent	FOLLOW_PARENT	
gke-standard-infrastructure	Dev cluster SHALL use LEGACY_DATAPATH (kube-proxy/iptables)	1	bbce5ba1	kube-proxy DaemonSet is present	FOLLOW_PARENT	
gke-standard-infrastructure	Dev cluster SHALL disable Google Managed Prometheus	0	6b2a8433	GMP is disabled	FOLLOW_PARENT	
gke-standard-infrastructure	Dev cluster SHALL disable Google Managed Prometheus	1	f56ccee9	Logging includes workloads	FOLLOW_PARENT	
gke-standard-infrastructure	Dev cluster SHALL disable Google Managed Prometheus	2	4e74ded1	Monitoring restricted to system components	FOLLOW_PARENT	
gke-standard-infrastructure	Dev cluster SHALL disable Google Managed Prometheus	3	a598c00f	Log-based alerts read from workload logs	FOLLOW_PARENT	
gke-standard-infrastructure	Dev cluster Spot node pool boot disk SHALL be 30GB pd-standard	0	cc738613	Boot disk size is 30GB	FOLLOW_PARENT	
gke-standard-infrastructure	Dev cluster Spot node pool boot disk SHALL be 30GB pd-standard	1	f3b12163	Boot disk type is pd-standard	FOLLOW_PARENT	
gke-standard-infrastructure	Dev cluster Spot node pool boot disk SHALL be 30GB pd-standard	2	77a6889b	All running spot nodes use the configured disk	FOLLOW_PARENT	
gke-standard-infrastructure	Dev cluster `kube-dns-autoscaler` SHALL set `preventSinglePointFailure: false`	0	9ce93978	ConfigMap declares preventSinglePointFailure false	FOLLOW_PARENT	
gke-standard-infrastructure	Dev cluster `kube-dns-autoscaler` SHALL set `preventSinglePointFailure: false`	1	a920f89b	kube-dns scales to one replica	FOLLOW_PARENT	
gke-standard-infrastructure	Dev cluster `kube-dns-autoscaler` SHALL set `preventSinglePointFailure: false`	2	640c763c	Override is reconciled by ArgoCD	FOLLOW_PARENT	
gke-standard-infrastructure	Dev cluster `kube-dns-autoscaler` SHALL set `preventSinglePointFailure: false`	3	46a8d31d	Override is dev-only	FOLLOW_PARENT	
goroutine-leak-detection	Goroutine leak profile is exposed	0	dd7b4c2e	Profile retrievable from a healthy instance	FOLLOW_PARENT	
goroutine-leak-detection	Goroutine leak profile is exposed	1	0495f861	Leaked goroutine appears in the profile with its stack	FOLLOW_PARENT	
goroutine-leak-detection	Goroutine leak profile is exposed	2	1ce9fc40	Profiling endpoint is not publicly reachable	FOLLOW_PARENT	
goroutine-leak-detection	Detected goroutine leaks raise an alert	0	1d529506	Sustained leak escalates to operators	FOLLOW_PARENT	
goroutine-leak-detection	Detected goroutine leaks raise an alert	1	9d4a905d	Transient blocking does not alert	FOLLOW_PARENT	
goroutine-leak-detection	Detected goroutine leaks raise an alert	2	64324c98	Incident auto-resolves when leaks clear	FOLLOW_PARENT	
goroutine-leak-detection	Leak detection complements existing consumer health signals	0	feb6b47a	Wedge invisible to backlog metrics is still detected	FOLLOW_PARENT	
goroutine-leak-detection	Leak detection complements existing consumer health signals	1	e9bf42c1	Known blind spots are documented	FOLLOW_PARENT	
guest-data-merge	Guest Data Storage	0	5c28fb03	Followed artists stored locally with hype	FOLLOW_PARENT	
guest-data-merge	Guest Data Storage	1	09959d63	Hype update stored inline in follow entry	FOLLOW_PARENT	
guest-data-merge	Guest Data Storage	2	04959ff1	Legacy data read with hype fallback	FOLLOW_PARENT	
guest-data-merge	Guest Data Storage	3	1302c203	Home area selection stored locally	FOLLOW_PARENT	
guest-data-merge	Guest hype included in data merge on signup	0	8d0bb981	Guest hype merged from follow entries	FOLLOW_PARENT	
guest-data-merge	Guest hype included in data merge on signup	1	8088f636	Hype merge failure is non-blocking	FOLLOW_PARENT	
guest-data-merge	Guest hype included in data merge on signup	2	a237c749	Guest data cleared after merge	FOLLOW_PARENT	
guest-data-merge	Data Merge on Authentication	0	57427042	Successful data merge	FOLLOW_PARENT	
guest-data-merge	Data Merge on Authentication	1	a43fe115	User already exists during merge	FOLLOW_PARENT	
guest-data-merge	Data Merge on Authentication	2	cd3b4deb	Follow call fails during merge	FOLLOW_PARENT	
guest-data-merge	Data Merge on Authentication	3	7fb786a9	Merge progress indication	FOLLOW_PARENT	
guest-data-merge	Guest Data Cleanup	0	b7f935fc	Cleanup after successful migration	FOLLOW_PARENT	
guest-data-merge	Guest Data Cleanup	1	23cc47e4	Cleanup on sign-out	FOLLOW_PARENT	
guest-data-merge	Guest Data Cleanup	2	be24378f	Cleanup on fresh tutorial start	FOLLOW_PARENT	
guest-mode-access	Guest Free Navigation After Dashboard	0	ecc564ea	Guest navigates to Tickets after dashboard	FOLLOW_PARENT	
guest-mode-access	Guest Free Navigation After Dashboard	1	d500d2f4	Guest navigates to Settings after dashboard	FOLLOW_PARENT	
guest-mode-access	Account-Only Features Hidden, Not Blocked	0	1c108343	Account-only affordance is absent for guests	FOLLOW_PARENT	
guest-mode-access	Account-Only Features Hidden, Not Blocked	1	81dec756	Account-only affordance appears once authenticated	FOLLOW_PARENT	
guest-mode-access	Persistent Auth Entry From Discovery Onward	0	fc47cdfb	Guest reaches auth entry during early onboarding	FOLLOW_PARENT	
guest-mode-access	Persistent Auth Entry From Discovery Onward	1	644565ef	Returning user recovers from mis-tapping Get Started	FOLLOW_PARENT	
http-retry	HTTP retry on transient errors	0	8b08919e	Retry on 408 request timeout	FOLLOW_PARENT	
http-retry	HTTP retry on transient errors	1	7a0b53ae	Retry on 429 rate limit	FOLLOW_PARENT	
http-retry	HTTP retry on transient errors	2	211f6b6b	Retry on 500 internal server error	FOLLOW_PARENT	
http-retry	HTTP retry on transient errors	3	22c7176b	Retry on 502 bad gateway	FOLLOW_PARENT	
http-retry	HTTP retry on transient errors	4	affdb596	Retry on 503 service unavailable	FOLLOW_PARENT	
http-retry	HTTP retry on transient errors	5	1135ca9e	Retry on 504 gateway timeout	FOLLOW_PARENT	
http-retry	HTTP retry on transient errors	6	6828bf45	No retry on client errors	FOLLOW_PARENT	
http-retry	HTTP retry on transient errors	7	a28bf572	All retries exhausted	FOLLOW_PARENT	
http-retry	HTTP retry on transient errors	8	7a45138f	All retries exhausted with transient errors only (graceful degradation)	FOLLOW_PARENT	
http-retry	Retry-After header respect	0	d3cd6429	Retry-After with delta-seconds	FOLLOW_PARENT	
http-retry	Retry-After header respect	1	67f598a3	Retry-After with HTTP-date	FOLLOW_PARENT	
http-retry	Context cancellation during retry	0	8dbadaa1	Context canceled during backoff	FOLLOW_PARENT	
http-retry	Request body replay for retried POST requests	0	d47bd843	POST request retried after 503	FOLLOW_PARENT	
http-retry	Independent context per Gemini API retry	0	1bf8dddc	First attempt uses independent context	FOLLOW_PARENT	
http-retry	Independent context per Gemini API retry	1	860ad233	Retry uses fresh context	FOLLOW_PARENT	
http-retry	Independent context per Gemini API retry	2	3a856004	Client cancellation does not abort Gemini call	FOLLOW_PARENT	
http-retry	Backoff max interval aligned with Google recommendation	0	84cc3e23	Backoff interval capped at 60 seconds	FOLLOW_PARENT	
http-retry	Diagnostic capture of error response body	0	003b9e60	Error body is captured into the apperr	FOLLOW_PARENT	
http-retry	Diagnostic capture of error response body	1	9635b3d2	Body capture is bounded	FOLLOW_PARENT	
http-retry	Diagnostic capture of error response body	2	dc1827fb	Body capture handles empty / oversized binary bodies	FOLLOW_PARENT	
http-retry	Diagnostic capture of error response body	3	4512dbd2	Body read failures do not mask the original error	FOLLOW_PARENT	
http-retry	Deduplicated auth token refresh on concurrent 401s	0	f1b34a68	Single RPC gets Unauthenticated	FOLLOW_PARENT	
http-retry	Deduplicated auth token refresh on concurrent 401s	1	65c287ea	Multiple concurrent RPCs all get Unauthenticated	FOLLOW_PARENT	
http-retry	Deduplicated auth token refresh on concurrent 401s	2	13ca0551	Subsequent expiry after refresh completes	FOLLOW_PARENT	
hype-inline-slider	Sticky Header Legend	0	d1d5df9c	Header renders with 4 columns	FOLLOW_PARENT	
hype-inline-slider	Sticky Header Legend	1	04ddf6af	Header column alignment matches artist row dot positions	FOLLOW_PARENT	
hype-inline-slider	Sticky Header Legend	2	99eab805	Header remains visible during scroll	FOLLOW_PARENT	
hype-inline-slider	Inline Dot Slider	0	2d9889c6	Slider renders on each artist row	FOLLOW_PARENT	
hype-inline-slider	Inline Dot Slider	1	c875c92c	User taps a dot	FOLLOW_PARENT	
hype-inline-slider	Inline Dot Slider	2	cd027747	Parent accepts hype selection	FOLLOW_PARENT	
hype-inline-slider	Inline Dot Slider	3	3d1c2e5b	Parent reverts hype selection	FOLLOW_PARENT	
hype-inline-slider	Inline Dot Slider	4	ffec66fa	Active dot reflects hype tier CSS effects	FOLLOW_PARENT	
hype-inline-slider	Inline Dot Slider	5	40b4b396	Reduced motion preference	FOLLOW_PARENT	
hype-inline-slider	Inline Dot Slider	6	be4071d0	Native radio input semantics	FOLLOW_PARENT	
hype-inline-slider	Slider Track Vertical Centering	0	05193abb	Track is vertically centered	FOLLOW_PARENT	
hype-inline-slider	Slider dot positions align with header columns	0	4388b0aa	Slider spans header dot columns	FOLLOW_PARENT	
id-resolution	RPC handlers resolve Zitadel external ID to internal UUID before database access	0	94009a4a	Authenticated user calls FollowService/Follow	FOLLOW_PARENT	
id-resolution	RPC handlers resolve Zitadel external ID to internal UUID before database access	1	68c98579	Authenticated user calls FollowService/Unfollow	FOLLOW_PARENT	
id-resolution	RPC handlers resolve Zitadel external ID to internal UUID before database access	2	d6b4c912	Authenticated user calls FollowService/ListFollowed	FOLLOW_PARENT	
id-resolution	RPC handlers resolve Zitadel external ID to internal UUID before database access	3	8343f7e1	Authenticated user calls FollowService/SetHype	FOLLOW_PARENT	
id-resolution	RPC handlers resolve Zitadel external ID to internal UUID before database access	4	29c9f4e6	Authenticated user calls TicketJourneyService/SetStatus	FOLLOW_PARENT	
id-resolution	RPC handlers resolve Zitadel external ID to internal UUID before database access	5	58c2a50e	Authenticated user calls TicketJourneyService/Delete	FOLLOW_PARENT	
id-resolution	RPC handlers resolve Zitadel external ID to internal UUID before database access	6	25a3e23f	Authenticated user calls TicketJourneyService/ListByUser	FOLLOW_PARENT	
id-resolution	RPC handlers resolve Zitadel external ID to internal UUID before database access	7	edd7286b	Authenticated user calls TicketEmailService/CreateTicketEmail	FOLLOW_PARENT	
id-resolution	RPC handlers resolve Zitadel external ID to internal UUID before database access	8	efa02386	Authenticated user calls TicketEmailService/UpdateTicketEmail	FOLLOW_PARENT	
id-resolution	RPC handlers resolve Zitadel external ID to internal UUID before database access	9	73abca8c	ID resolution occurs exactly once per request	FOLLOW_PARENT	
id-resolution	Handlers return NotFound when user record does not exist	0	955f0947	Valid JWT but no user record	FOLLOW_PARENT	
identity-management	Manage Zitadel Organization	0	3b76141f	Provision admin role org via bootstrap + import	FOLLOW_PARENT	
identity-management	Manage Zitadel Organization	1	301de0af	Provision product org via Pulumi	FOLLOW_PARENT	
identity-management	Manage Zitadel Organization	2	5120ee34	Console login routes to the admin org's policy	FOLLOW_PARENT	
identity-management	Manage Zitadel Organization	3	300839af	No third org	FOLLOW_PARENT	
identity-management	Manage Zitadel Organization	4	c520d7e6	Admin org cannot be accidentally destroyed	FOLLOW_PARENT	
identity-management	Manage Zitadel Project	0	918826a1	Provision Project in product org	FOLLOW_PARENT	
identity-management	Manage OIDC Application	0	7a9038c8	Provision OIDC App in product org	FOLLOW_PARENT	
identity-management	Manage OIDC Application	1	f3ba6698	Prod env serves prod identifiers via /config.json	FOLLOW_PARENT	
identity-management	Configure Login Policy	0	b633ada1	Apply Strict Passkeys Policy on product org	FOLLOW_PARENT	
identity-management	Configure Login Policy	1	17c09716	Admin org isolation	FOLLOW_PARENT	
identity-management	Configure Admin Org Login Policy	0	cf98be11	Apply admin org login policy	FOLLOW_PARENT	
identity-management	Configure Admin Org Login Policy	1	cf7c353f	defaultRedirectUri matches the environment's own console	FOLLOW_PARENT	
identity-management	Configure Admin Org Login Policy	2	c20b0730	DefaultLoginPolicy mirrors admin org policy for Console fallback	FOLLOW_PARENT	
identity-management	Configure Admin Org Login Policy	3	48d2c373	Admin org enables domain discovery routing	FOLLOW_PARENT	
identity-management	Provision Google IdP for Admin Sign-in	0	cf8cf769	Provision instance-level Google IdP	FOLLOW_PARENT	
identity-management	Provision Google IdP for Admin Sign-in	1	20bdbcea	Rotate Google OAuth client secret	FOLLOW_PARENT	
identity-management	Provision Human Admin User in Admin Role Org	0	86a307d0	Provision Human Admin	FOLLOW_PARENT	
identity-management	Provision Human Admin User in Admin Role Org	1	0791f399	Admin role org is exclusively Pulumi-managed	FOLLOW_PARENT	
identity-management	Provision Human Admin User in Admin Role Org	2	223983be	Random initial password is unreachable	FOLLOW_PARENT	
identity-management	Grant IAM_OWNER to Human Admin User	0	bc73bdb0	Grant IAM_OWNER	FOLLOW_PARENT	
identity-management	Pre-link Google Identity to Human Admin via IaC	0	ccc6ae55	Pre-link record is provisioned in Zitadel	FOLLOW_PARENT	
identity-management	Pre-link Google Identity to Human Admin via IaC	1	92109624	First Google sign-in resolves directly to the local user	FOLLOW_PARENT	
identity-management	Pre-link Google Identity to Human Admin via IaC	2	e04503e7	Subsequent Google sign-ins reuse the same link	FOLLOW_PARENT	
identity-management	Pre-link Google Identity to Human Admin via IaC	3	40d9065f	Identity tuple changes trigger replace, not update	FOLLOW_PARENT	
identity-management	Provision Admin Google Sub via ESC	0	ce8d0a16	ESC carries the sub for each admin	FOLLOW_PARENT	
identity-management	Provision Admin Google Sub via ESC	1	bee66969	Admin onboarding workflow	FOLLOW_PARENT	
identity-management	Place Machine Users by Responsibility	0	00826104	pulumi-admin lives in admin org	FOLLOW_PARENT	
identity-management	Place Machine Users by Responsibility	1	14b28e22	login-client lives in admin org	FOLLOW_PARENT	
identity-management	Place Machine Users by Responsibility	2	3700c05d	backend-app lives in product org	FOLLOW_PARENT	
identity-management	Retain Break-glass Machine User	0	05f8efdc	Break-glass identity exists	FOLLOW_PARENT	
identity-management	Retain Break-glass Machine User	1	60c084e2	Recover from broken Google sign-in	FOLLOW_PARENT	
identity-management	Maintain Google OAuth Client in Dev Infrastructure	0	c0db765b	OAuth client exists with correct redirect URI	FOLLOW_PARENT	
identity-management	Maintain Google OAuth Client in Dev Infrastructure	1	44071fad	ESC carries the credentials	FOLLOW_PARENT	
identity-management	Maintain Google OAuth Client in Dev Infrastructure	2	07ea68f0	No OAuth secret in git	FOLLOW_PARENT	
identity-management	Maintain Google OAuth Client in Dev Infrastructure	3	07acef8b	Client recreation runbook	FOLLOW_PARENT	
identity-management	Inject Email Claim into Access Tokens via Actions v2	0	743c14d1	Access token issued to a human user contains email	FOLLOW_PARENT	
identity-management	Inject Email Claim into Access Tokens via Actions v2	1	716e8987	Access token issued to a machine user omits email	FOLLOW_PARENT	
identity-management	Provision Actions v2 Target and Execution Resources	0	36388825	Pulumi apply creates Actions v2 resources	FOLLOW_PARENT	
identity-management	Provision Actions v2 Target and Execution Resources	1	fe8f2d9c	Targets use JWT payload authentication	FOLLOW_PARENT	
identity-management	Dedicated Service User for Login V2 UI	0	e9aebd87	Login UI authenticates to Zitadel API on every SSR request	FOLLOW_PARENT	
identity-management	Dedicated Service User for Login V2 UI	1	93da0fcf	PAT is mounted as a file, not an env var value	FOLLOW_PARENT	
identity-management	Dedicated Service User for Login V2 UI	2	b49f6417	PAT has no expiration in dev	FOLLOW_PARENT	
identity-management	SMTP Configuration Must Be Activated After Creation	0	b1c3fcc2	Newly provisioned SMTP config is activated automatically	FOLLOW_PARENT	
identity-management	SMTP Configuration Must Be Activated After Creation	1	f9282fde	First apply against an already-active SMTP succeeds (create-time idempotency)	FOLLOW_PARENT	
identity-management	SMTP Configuration Must Be Activated After Creation	2	6a885e85	Refresh detects a drifted (inactive) SMTP and re-activation heals it	FOLLOW_PARENT	
identity-management	SMTP Configuration Must Be Activated After Creation	3	2b7e363c	Re-apply with unchanged inputs is a Pulumi-graph no-op	FOLLOW_PARENT	
identity-management	SMTP Configuration Must Be Activated After Creation	4	1a03303a	Activation runs on a fresh Zitadel rebuild without operator intervention	FOLLOW_PARENT	
identity-management	Provision Password-Based E2E Test User in Dev Zitadel	0	cfde823b	Pulumi apply on dev stack provisions the test user	FOLLOW_PARENT	
identity-management	Provision Password-Based E2E Test User in Dev Zitadel	1	e0aa30cd	Non-dev stacks do not provision the test user	FOLLOW_PARENT	
identity-management	Provision Password-Based E2E Test User in Dev Zitadel	2	cccaa5a6	`initialPassword` changes do not trigger silent replacement	FOLLOW_PARENT	
identity-management	Provision Password-Based E2E Test User in Dev Zitadel	3	4058fbba	Intentional rotation requires an explicit replace	FOLLOW_PARENT	
identity-management	E2E Test User Password Marked Permanent	0	b387abae	Pulumi apply marks the password permanent	FOLLOW_PARENT	
identity-management	E2E Test User Password Marked Permanent	1	e181aa2d	First sign-in does not redirect to /password/change	FOLLOW_PARENT	
identity-management	E2E Test User Password Marked Permanent	2	7d7ce9b9	ESC password rotation re-asserts permanence	FOLLOW_PARENT	
identity-management	E2E Test User Password Marked Permanent	3	74e0cbe4	ESC-secret edit without --replace does not silently rotate	FOLLOW_PARENT	
identity-management	E2E Test User Password Marked Permanent	4	037707cc	Resource removal does not unset permanence	FOLLOW_PARENT	
identity-management	Maintain Google OAuth Client in Prod Infrastructure	0	ce2d1af2	OAuth client exists with correct redirect URI	FOLLOW_PARENT	
identity-management	Maintain Google OAuth Client in Prod Infrastructure	1	9241666c	ESC carries the prod credentials	FOLLOW_PARENT	
identity-management	Maintain Google OAuth Client in Prod Infrastructure	2	6cc2f009	Dev and prod clients are distinct	FOLLOW_PARENT	
identity-management	Maintain Google OAuth Client in Prod Infrastructure	3	51bee135	No prod OAuth secret in git	FOLLOW_PARENT	
identity-management	Configure Login UI Branding	0	bfa7e0e0	Brand colors on the product org label policy	FOLLOW_PARENT	
identity-management	Configure Login UI Branding	1	cac2e580	Enforce product branding per application	FOLLOW_PARENT	
identity-management	Configure Login UI Branding	2	be227eaf	Hosted Login UI v2 reflects the brand colors	FOLLOW_PARENT	
identity-management	Configure Login UI Branding	3	939b6aba	Light and dark themes are branded	FOLLOW_PARENT	
identity-management	Configure Login UI Branding	4	49a01f67	Logo and login text remain out of scope	FOLLOW_PARENT	
identity-management	Localize Login UI Text for the Product	0	1ccbe3df	Japanese hosted login translation is provisioned	FOLLOW_PARENT	
identity-management	Localize Login UI Text for the Product	1	6c452e23	Japanese login screen renders Japanese	FOLLOW_PARENT	
identity-management	Localize Login UI Text for the Product	2	131ec3e0	English login copy carries the product rebrand	FOLLOW_PARENT	
identity-management	Localize Login UI Text for the Product	3	14cc4e3c	Other languages and the default are unaffected	FOLLOW_PARENT	
identity-management	Localize Login UI Text for the Product	4	23a5f5ca	Override is retired once upstream ships Japanese defaults	FOLLOW_PARENT	
identity-management	Localize Login UI Text for the Product	5	e9267adf	Client recreation runbook covers prod	FOLLOW_PARENT	
identity-management	Configure OIDC Token Lifetimes	0	96276e97	OIDC token lifetimes provisioned via IaC	FOLLOW_PARENT	
identity-management	Configure OIDC Token Lifetimes	1	cbe5a207	Access token rejected after its lifetime	FOLLOW_PARENT	
identity-management	Configure OIDC Token Lifetimes	2	41e0e9bb	Session ends after refresh token absolute expiry	FOLLOW_PARENT	
infra	KEDA-managed Deployments SHALL NOT declare replicas	0	5ed0ea50	Consumer Deployment with no replicas field	FOLLOW_PARENT	
infra	ArgoCD SHALL ignore replicas drift for KEDA-managed Deployments	0	7629ca4c	KEDA scales consumer to zero	FOLLOW_PARENT	
intel	Live Information Crawling	0	9d63f37c	Crawl UVERworld schedule	FOLLOW_PARENT	
interaction-feedback	Immediate tactile acknowledgement on press	0	388b3e91	Button press ripples and morphs	FOLLOW_PARENT	
interaction-feedback	Immediate tactile acknowledgement on press	1	9fbbfe3f	Hit target is preserved during morph	FOLLOW_PARENT	
interaction-feedback	Immediate tactile acknowledgement on press	2	f77bd3f3	Reduced motion still acknowledges	FOLLOW_PARENT	
interaction-feedback	Layout-preserving skeleton loading	0	34d9dbc8	Content region shows a skeleton while loading	FOLLOW_PARENT	
interaction-feedback	Layout-preserving skeleton loading	1	c4fab5fc	No layout shift on resolve	FOLLOW_PARENT	
interaction-feedback	Layout-preserving skeleton loading	2	f5bba394	Skeleton animation respects reduced motion	FOLLOW_PARENT	
interaction-feedback	Haptic feedback for meaningful confirmations	0	8a9f2bec	Confirm action triggers haptic where supported	FOLLOW_PARENT	
interaction-feedback	Haptic feedback for meaningful confirmations	1	22d4d257	Graceful degradation without vibration support	FOLLOW_PARENT	
interaction-feedback	Animated list enter and exit	0	e5b95b24	Unfollow animates the item out	FOLLOW_PARENT	
interaction-feedback	Animated list enter and exit	1	b1d2f805	New item animates in	FOLLOW_PARENT	
interaction-feedback	Animated list enter and exit	2	eb28e365	Reduced motion lands end state	FOLLOW_PARENT	
interaction-feedback	Animated selection state	0	4bb62dfe	Selecting a nav tab springs into state	FOLLOW_PARENT	
interaction-feedback	Animated selection state	1	16a962b3	Selecting a filter chip is clearly signalled without a shape morph	FOLLOW_PARENT	
interaction-feedback	Animated selection state	2	b4aa8253	Selection is driven by state, not hover	FOLLOW_PARENT	
interaction-feedback	Expression budget and accessibility guarantees	0	7aace2d5	Every animation has a reduced-motion path	FOLLOW_PARENT	
interaction-feedback	Expression budget and accessibility guarantees	1	397be7ee	Feedback does not degrade accessibility	FOLLOW_PARENT	
interceptor-chain-ordering	Interceptor Execution Order	0	915050cf	Normal request with application error	FOLLOW_PARENT	
interceptor-chain-ordering	Interceptor Execution Order	1	3e8e0072	Handler panic	FOLLOW_PARENT	
interceptor-chain-ordering	Interceptor Execution Order	2	8b3ec483	Validation failure	FOLLOW_PARENT	
interceptor-chain-ordering	Interceptor Ordering Documentation	0	94a79fa4	Developer modifies interceptor chain	FOLLOW_PARENT	
jetstream-consumer-reliability	Consumer backlog stall is detected and alerted	0	260a27d7	A consumer stops draining while events keep arriving	FOLLOW_PARENT	
jetstream-consumer-reliability	Consumer backlog stall is detected and alerted	1	99211096	A healthy draining consumer does not alert	FOLLOW_PARENT	
jetstream-consumer-reliability	Consumer backlog stall is detected and alerted	2	cf951384	Silent stall with no ERROR log still alerts	FOLLOW_PARENT	
jetstream-consumer-reliability	Subscription failure fails loud	0	6ae4c145	A durable cannot be created or bound at startup	FOLLOW_PARENT	
jetstream-consumer-reliability	Subscription failure fails loud	1	86e74acd	One failing subscription does not silently disable the rest	FOLLOW_PARENT	
jetstream-consumer-reliability	Liveness reflects consumption health	0	9fc14b2c	Router is not consuming	FOLLOW_PARENT	
jetstream-consumer-reliability	Liveness reflects consumption health	1	b908a7aa	Fully consuming pod stays healthy	FOLLOW_PARENT	
jetstream-consumer-reliability	Consumers are named by behavior, with a unique deliver group	0	b22a8e34	Durable is named for its behavior	FOLLOW_PARENT	
jetstream-consumer-reliability	Consumers are named by behavior, with a unique deliver group	1	10c16560	No two consumers share a deliver group	FOLLOW_PARENT	
jetstream-consumer-reliability	Every handler receives every message (fan-out)	0	8dbd748d	Two behaviors on one subject both run	FOLLOW_PARENT	
jetstream-consumer-reliability	Subjects are named as past-tense events	0	93eb4a3c	Login is a user event	FOLLOW_PARENT	
jetstream-consumer-reliability	KEDA triggers reference the live behavior-named durables	0	7dfe6f60	Trigger name matches the live durable	FOLLOW_PARENT	
jetstream-consumer-reliability	Stream and durable configuration is managed declaratively by a single owner	0	c72815f6	A pre-existing durable has drifted configuration	FOLLOW_PARENT	
jetstream-consumer-reliability	Stream and durable configuration is managed declaratively by a single owner	1	2eb39f88	An already-correct durable is left untouched	FOLLOW_PARENT	
jetstream-consumer-reliability	Stream and durable configuration is managed declaratively by a single owner	2	46223118	One consumer application never deletes another's durables	FOLLOW_PARENT	
jetstream-consumer-reliability	A consumer may scale to zero without losing its durable	0	c277fc84	A message published while idle wakes the workload and is processed	FOLLOW_PARENT	
jetstream-consumer-reliability	A consumer may scale to zero without losing its durable	1	70c14f05	No replicas run while there is no work	FOLLOW_PARENT	
journey-status-presentation	Canonical journey-status presentation map	0	80cea05d	Single source of truth	FOLLOW_PARENT	
journey-status-presentation	Canonical journey-status presentation map	1	fd09486a	Map covers every status	FOLLOW_PARENT	
journey-status-presentation	Status icon and hue assignments	0	d7d7fd86	Icon per status	FOLLOW_PARENT	
journey-status-presentation	Status icon and hue assignments	1	becf2418	Hue per status	FOLLOW_PARENT	
journey-status-presentation	Status icon and hue assignments	2	2715d4d0	Meaning survives without colour	FOLLOW_PARENT	
journey-status-presentation	Status icon and hue assignments	3	44b2682d	Icon-only rendering retains an accessible name	FOLLOW_PARENT	
journey-status-presentation	Consistent rendering across components	0	9577f530	Same status looks the same everywhere	FOLLOW_PARENT	
k8s-resource-right-sizing	Dev environment resource requests use Standard GKE minimums	0	7c51b5b1	ArgoCD components resource requests	FOLLOW_PARENT	
k8s-resource-right-sizing	Dev environment resource requests use Standard GKE minimums	1	5e57a720	External Secrets components resource requests	FOLLOW_PARENT	
k8s-resource-right-sizing	Dev environment resource requests use Standard GKE minimums	2	5f7cf1fc	Backend server resource requests	FOLLOW_PARENT	
k8s-resource-right-sizing	Dev environment resource requests use Standard GKE minimums	3	32a91eb4	Frontend fan-web-app resource requests	FOLLOW_PARENT	
k8s-resource-right-sizing	Dev environment resource requests use Standard GKE minimums	4	ef98acfc	Reloader resource requests	FOLLOW_PARENT	
k8s-resource-right-sizing	Dev environment resource requests use Standard GKE minimums	5	a32b7074	KEDA components resource requests	FOLLOW_PARENT	
k8s-resource-right-sizing	Dev environment resource requests use Standard GKE minimums	6	705491a7	NATS resource requests	FOLLOW_PARENT	
k8s-resource-right-sizing	Dev environment resource requests use Standard GKE minimums	7	2ca560a7	OTel Collector resource requests	FOLLOW_PARENT	
k8s-resource-right-sizing	Dev environment resource requests use Standard GKE minimums	8	ab72246a	Atlas Operator resource requests	FOLLOW_PARENT	
k8s-resource-right-sizing	KEDA ScaledObjects in dev SHALL cap at maxReplicaCount 1	0	9d1381c3	event-consumer ScaledObject maxReplicaCount	FOLLOW_PARENT	
k8s-service-cross-namespace-routing	Backend Service Accessibility from External Gateway	0	370c7c3e	Service discovered by Gateway	FOLLOW_PARENT	
k8s-service-cross-namespace-routing	Backend Service Accessibility from External Gateway	1	d2194db8	Service IP stable	FOLLOW_PARENT	
k8s-service-cross-namespace-routing	Service Protocol Configuration for HTTP/2	0	e0f1d3be	h2c protocol detected	FOLLOW_PARENT	
k8s-service-cross-namespace-routing	Service Protocol Configuration for HTTP/2	1	369de1bd	Health checks use HTTP/2	FOLLOW_PARENT	
k8s-service-cross-namespace-routing	Cross-Namespace Routing Enabled	0	96d708cd	HTTPRoute from gateway namespace accepted	FOLLOW_PARENT	
k8s-service-cross-namespace-routing	Backend Pods Targeted via Service	0	5ca64b2d	Traffic reaches pod	FOLLOW_PARENT	
k8s-service-cross-namespace-routing	Backend Pods Targeted via Service	1	ea55f727	Multiple backend replicas load-balanced	FOLLOW_PARENT	
k8s-service-cross-namespace-routing	No Direct Pod Exposure	0	6b8bff37	Service load balancing enforced	FOLLOW_PARENT	
k8s-service-cross-namespace-routing	Namespace Isolation Maintained	0	a7b2c363	Accidental service not exposed	FOLLOW_PARENT	
landing-page	Passkey Authentication CTA	0	bc23cae2	With preview data — both CTAs appear on Screen 2 only	FOLLOW_PARENT	
landing-page	Passkey Authentication CTA	1	c6882f34	Without preview data — CTAs fall back to Screen 1	FOLLOW_PARENT	
landing-page	Passkey Authentication CTA	2	5f514381	Get Started initiates onboarding without clearing guest data	FOLLOW_PARENT	
landing-page	Passkey Authentication CTA	3	89132741	Log In initiates OAuth sign-in	FOLLOW_PARENT	
landing-page	Passkey Authentication CTA	4	33e1ebac	No alternative auth methods displayed	FOLLOW_PARENT	
landing-page	Hero Screen Scroll Affordance	0	293b8e73	Scroll affordance button is rendered when preview is available	FOLLOW_PARENT	
landing-page	Hero Screen Scroll Affordance	1	fc7b23ef	Tapping the scroll affordance reveals the preview	FOLLOW_PARENT	
landing-page	Hero Screen Scroll Affordance	2	aa120842	Reduced motion preference disables smooth scroll	FOLLOW_PARENT	
landing-page	Hero Screen Scroll Affordance	3	c676421a	Scroll affordance hidden when preview data is unavailable	FOLLOW_PARENT	
landing-page	Hero Screen Scroll Affordance	4	b8c90fbe	Button label is localized	FOLLOW_PARENT	
landing-page	Guest-Friendly Welcome Copy	0	12b23d82	Guest-friendly copy displayed near primary CTA	FOLLOW_PARENT	
landing-page	Authenticated User Redirect	0	d7e643b8	Authenticated user visits landing page	FOLLOW_PARENT	
landing-page	Authenticated User Redirect	1	d52c4dfc	Redirect target check fails	FOLLOW_PARENT	
landing-page	Welcome Page Language Switcher	0	33d512a1	Language toggle visible on welcome page	FOLLOW_PARENT	
landing-page	Welcome Page Language Switcher	1	6d4a48d3	Switching language on welcome page	FOLLOW_PARENT	
landing-page	Welcome Page Language Switcher	2	eac95650	Language preference persists across sessions	FOLLOW_PARENT	
landing-page	Guided Product Demo Sequence	0	0b27d1a1	Demo begins on scroll entry	FOLLOW_PARENT	
landing-page	Guided Product Demo Sequence	1	4e8d65bd	Notification advances to the timetable	FOLLOW_PARENT	
landing-page	Guided Product Demo Sequence	2	12bc608d	Notification transitions into the timetable	FOLLOW_PARENT	
landing-page	Guided Product Demo Sequence	3	f3554997	Reduced motion presents the interactive end state directly	FOLLOW_PARENT	
landing-page	Guided Product Demo Sequence	4	aa2cdf24	Content present without motion	FOLLOW_PARENT	
landing-page	Interactive Timetable Detail	0	117a7f93	Timetable shown as a composed frame	FOLLOW_PARENT	
landing-page	Interactive Timetable Detail	1	605a266d	Guidance to open a concert	FOLLOW_PARENT	
landing-page	Interactive Timetable Detail	2	f4739dfe	Card opens the real detail view	FOLLOW_PARENT	
landing-page	Interactive Timetable Detail	3	817f9e72	Timetable absent without preview data	FOLLOW_PARENT	
landing-page	New-Concert Notification Cue	0	13dbd7b4	Notification communicates the push value	FOLLOW_PARENT	
landing-page	Hero Kinetic Brand Treatment	0	8cc5979c	Brand wordmark is kinetic	FOLLOW_PARENT	
landing-page	Ambient Background	0	8aac00cd	Ambient background is decorative and non-blocking	FOLLOW_PARENT	
landing-page	Landing Page Value Pillars Scope	0	8a3a843f	Only existing capabilities are advertised	FOLLOW_PARENT	
layout-assertions	E2E selectors use data-testid for stability	0	8d52c446	Concert highway scroll container uses data-testid	FOLLOW_PARENT	
layout-assertions	E2E selectors use data-testid for stability	1	fb0498a4	Journey badge uses data-testid	FOLLOW_PARENT	
layout-assertions	E2E selectors use data-testid for stability	2	214f85a8	Detail sheet journey section uses data-testid	FOLLOW_PARENT	
layout-assertions	E2E selectors use data-testid for stability	3	3188f02d	Journey status buttons use data-testid with status qualifier	FOLLOW_PARENT	
layout-assertions	E2E selectors use data-testid for stability	4	6f7883a1	Dashboard loading indicator uses data-testid	FOLLOW_PARENT	
layout-assertions	E2E selectors use data-testid for stability	5	918d2e59	Welcome preview section uses data-testid	FOLLOW_PARENT	
layout-assertions	E2E selectors use data-testid for stability	6	d051580c	data-testid attributes are present in component templates	FOLLOW_PARENT	
layout-assertions	E2E tests use Playwright native locator API without JS dispatch workarounds	0	e5735772	Popover elements are dismissed before serial test interactions	FOLLOW_PARENT	
layout-assertions	E2E tests use Playwright native locator API without JS dispatch workarounds	1	0485eac5	Visually-hidden radio inputs are clickable via labels	FOLLOW_PARENT	
layout-assertions	E2E tests use Playwright native locator API without JS dispatch workarounds	2	c1a6d7f4	Event card clicks use native Playwright click	FOLLOW_PARENT	
layout-assertions	E2E tests use Playwright native locator API without JS dispatch workarounds	3	001b8b5a	Journey button clicks use native Playwright click	FOLLOW_PARENT	
layout-assertions	Shell layout structural integrity	0	9276e63c	Shell fills viewport height	FOLLOW_PARENT	
layout-assertions	Shell layout structural integrity	1	67a73e4d	Route viewport stretches to fill available space	FOLLOW_PARENT	
layout-assertions	Shell layout structural integrity	2	fe558603	Bottom nav anchored to viewport bottom	FOLLOW_PARENT	
layout-assertions	Shell layout structural integrity	3	7a69b022	Full-height route without bottom nav	FOLLOW_PARENT	
layout-assertions	Discover page layout containment	0	94b8a634	Discover layout fills viewport	FOLLOW_PARENT	
layout-assertions	Discover page layout containment	1	d1310f2e	Bubble area fills remaining space	FOLLOW_PARENT	
layout-assertions	Discover page layout containment	2	29d57777	Canvas fills bubble area	FOLLOW_PARENT	
layout-assertions	Discover page layout containment	3	01406332	Search bar stays within viewport	FOLLOW_PARENT	
layout-assertions	Discover page layout containment	4	9c1ad3e8	Search results scrollable in search mode	FOLLOW_PARENT	
layout-assertions	Layout test execution performance	0	5685578e	Full suite completes within budget	FOLLOW_PARENT	
layout-assertions	Layout tests independent of backend	0	1532974e	Tests pass without backend	FOLLOW_PARENT	
legal-documents	Legal documents are served as in-app routes with stable URLs	0	83e6b51a	Each document has its own route	FOLLOW_PARENT	
legal-documents	Legal documents are served as in-app routes with stable URLs	1	ff4ee711	Privacy Policy URL is externally linkable	FOLLOW_PARENT	
legal-documents	Legal documents are reachable without authentication	0	80e2d5ad	Guest opens a legal document	FOLLOW_PARENT	
legal-documents	Legal documents are localized	0	f9bd1a20	Document follows the active locale	FOLLOW_PARENT	
legal-documents	Privacy Policy discloses the actual data practices	0	2c1aa0db	Collected data and purposes are stated	FOLLOW_PARENT	
legal-documents	Privacy Policy discloses the actual data practices	1	f7bb87f3	Third-party transfer and cross-border processing are disclosed	FOLLOW_PARENT	
legal-documents	Privacy Policy discloses the actual data practices	2	df2710b0	PostHog is named as a cross-border recipient with country, categories, and purpose	FOLLOW_PARENT	
legal-documents	Privacy Policy discloses the actual data practices	3	e9094695	Consent withdrawal and rights are explained	FOLLOW_PARENT	
legal-documents	Terms of Service disclaims third-party data accuracy	0	1cbbac20	Third-party data disclaimer present	FOLLOW_PARENT	
legal-documents	OSS Licenses content is generated from the shipped dependencies	0	ecf5a2c7	License list reflects the production bundle	FOLLOW_PARENT	
legal-documents	OSS Licenses content is generated from the shipped dependencies	1	73215364	List regenerates on dependency change	FOLLOW_PARENT	
legal-documents	In-app legal links resolve to in-app legal routes	0	ad31449c	Consent notice and settings link to the in-app Privacy Policy	FOLLOW_PARENT	
live-events	Concert Schedue Data Model	0	d1c3e3ce	Artist Definition	FOLLOW_PARENT	
live-events	Concert Schedue Data Model	1	dd8c3bf2	Venue Definition	FOLLOW_PARENT	
live-events	Concert Schedue Data Model	2	e6c4a1fd	Concert Definition	FOLLOW_PARENT	
live-events	Concert Schedue Data Model	3	bdb38cab	Event Definition	FOLLOW_PARENT	
live-events	Concert Schedue Data Model	4	7c167231	Concert card displays ticket journey badge	FOLLOW_PARENT	
live-events	Concert Schedue Data Model	5	6ea6d3e0	Concert card without ticket journey	FOLLOW_PARENT	
live-events	Artist Management	0	e0652a70	Create Artist	FOLLOW_PARENT	
live-events	Artist Management	1	e05b743b	List Artists	FOLLOW_PARENT	
live-events	Artist Management	2	42ed71b0	Add Media	FOLLOW_PARENT	
live-events	Artist Management	3	5d65fcc9	Remove Media	FOLLOW_PARENT	
live-events	Live Schedule Access	0	094d096d	List Concerts	FOLLOW_PARENT	
live-events	Live Schedule Access	1	9ec48ad4	List Concerts by Follower	FOLLOW_PARENT	
live-events	Live Schedule Access	2	263a2211	List Concerts by Follower from a given date	FOLLOW_PARENT	
live-events	Live Schedule Access	3	acbb97f9	List Concerts by Follower with no matching concerts	FOLLOW_PARENT	
live-events	Proto Value Object Consistency	0	fdbc438c	LocalDate VO	FOLLOW_PARENT	
live-events	Proto Value Object Consistency	1	8102fcc0	StartTime and OpenTime VOs	FOLLOW_PARENT	
live-events	Proto Value Object Consistency	2	af3db98a	Title VO	FOLLOW_PARENT	
live-events	Proto Value Object Consistency	3	55b16787	SourceUrl VO	FOLLOW_PARENT	
live-events	Proto Value Object Consistency	4	d7f360d5	ListedVenueName VO	FOLLOW_PARENT	
live-events	Venue Embedding in Concert and Event	0	aa064806	Concert carries embedded Venue	FOLLOW_PARENT	
live-events	Venue Embedding in Concert and Event	1	a3a581b5	Event carries embedded Venue	FOLLOW_PARENT	
live-events	Go Entity Field Name Alignment	0	78169558	LocalEventDate renamed to LocalDate	FOLLOW_PARENT	
live-events	Dashboard Lane Classification	0	ccd78e8a	Home lane assignment	FOLLOW_PARENT	
live-events	Dashboard Lane Classification	1	517ef6f8	Nearby lane assignment	FOLLOW_PARENT	
live-events	Dashboard Lane Classification	2	b1737fd9	Away lane assignment	FOLLOW_PARENT	
live-events	Dashboard Lane Classification	3	66b78200	User has no home set	FOLLOW_PARENT	
live-events	ISO 3166-2 Display Conversion	0	107afa8c	Display admin_area in venue detail	FOLLOW_PARENT	
live-events	ISO 3166-2 Display Conversion	1	2defa0c8	Display home area in region setup	FOLLOW_PARENT	
live-events	Live Event Availability Check	0	874898c1	Artist has upcoming events	FOLLOW_PARENT	
live-events	Live Event Availability Check	1	520358aa	Artist has no upcoming events	FOLLOW_PARENT	
live-events	Live Event Availability Check	2	b1f382c3	Concert list call fails	FOLLOW_PARENT	
loading-spinner-ce	Loading Spinner Custom Element	0	406ef4f9	Default rendering	FOLLOW_PARENT	
loading-spinner-ce	Loading Spinner Custom Element	1	bb54dc27	Size variants	FOLLOW_PARENT	
loading-spinner-ce	Loading Spinner Custom Element	2	16831838	Accessibility semantics	FOLLOW_PARENT	
loading-spinner-ce	Loading Spinner Custom Element	3	48eff82c	Color inheritance	FOLLOW_PARENT	
loading-spinner-ce	Loading Spinner Custom Element	4	5fb199ef	Reduced motion	FOLLOW_PARENT	
loading-spinner-ce	Loading Spinner Custom Element	5	6c80d07b	CUBE CSS layer	FOLLOW_PARENT	
localstorage-naming	Unified key naming convention	0	7d2f951d	Key format validation	FOLLOW_PARENT	
localstorage-naming	Centralized key registry	0	7ff5e35e	New key addition	FOLLOW_PARENT	
localstorage-naming	Centralized key registry	1	e3977bd3	No inline key strings in source	FOLLOW_PARENT	
localstorage-naming	Domain term alignment	0	497a2e32	Guest home storage	FOLLOW_PARENT	
localstorage-naming	Domain term alignment	1	f7101991	Legacy key migration	FOLLOW_PARENT	
logo-color-analysis	Logo Color Extraction	0	7f738634	Chromatic logo (e.g., colored text/symbol)	FOLLOW_PARENT	
logo-color-analysis	Logo Color Extraction	1	e2075c16	Achromatic light logo (e.g., white text)	FOLLOW_PARENT	
logo-color-analysis	Logo Color Extraction	2	e8f67af3	Achromatic dark logo (e.g., black text)	FOLLOW_PARENT	
logo-color-analysis	Logo Color Extraction	3	5b06d67c	Fully transparent image	FOLLOW_PARENT	
logo-color-analysis	sRGB to OKLCH Conversion	0	bb3a21fa	Pure white pixel	FOLLOW_PARENT	
logo-color-analysis	sRGB to OKLCH Conversion	1	c884668d	Pure red pixel	FOLLOW_PARENT	
logo-color-analysis	sRGB to OKLCH Conversion	2	ee1f93a4	Pure black pixel	FOLLOW_PARENT	
logo-color-analysis	Logo Analysis Integration in Sync Pipeline	0	d8ea1d3f	Artist has HDMusicLogo	FOLLOW_PARENT	
logo-color-analysis	Logo Analysis Integration in Sync Pipeline	1	84c3cb1d	Artist has only MusicLogo	FOLLOW_PARENT	
logo-color-analysis	Logo Analysis Integration in Sync Pipeline	2	fd6c6aea	Artist has no logo images	FOLLOW_PARENT	
logo-color-analysis	Logo Analysis Integration in Sync Pipeline	3	5f5ffd14	Logo image download fails	FOLLOW_PARENT	
logo-color-analysis	LogoColorProfile Proto Message	0	4ed000af	Artist with logo analysis data	FOLLOW_PARENT	
logo-color-analysis	LogoColorProfile Proto Message	1	0647f4b3	Artist without logo analysis data	FOLLOW_PARENT	
logo-color-analysis	Frontend Background Color Derivation	0	50093f85	Chromatic logo card background	FOLLOW_PARENT	
logo-color-analysis	Frontend Background Color Derivation	1	341dfaba	Achromatic light logo card background	FOLLOW_PARENT	
logo-color-analysis	Frontend Background Color Derivation	2	1570b78e	Achromatic dark logo card background	FOLLOW_PARENT	
logo-color-analysis	Frontend Background Color Derivation	3	28ba34d7	No logo analysis available	FOLLOW_PARENT	
lottery-application	Configure a lottery sales phase	0	8fb2b194	Organizer configures a lottery phase	FOLLOW_PARENT	
lottery-application	Configure a lottery sales phase	1	91ed3ebc	Phase on an unpublished concert is rejected	FOLLOW_PARENT	
lottery-application	Configure a lottery sales phase	2	d35ff55f	Invalid phase configuration is rejected	FOLLOW_PARENT	
lottery-application	Organizer console entry point to lottery configuration	0	8d468fe9	Organizer reaches lottery configuration from a published event	FOLLOW_PARENT	
lottery-application	Organizer console entry point to lottery configuration	1	7d9be570	No lottery entry point for a draft event	FOLLOW_PARENT	
lottery-application	Apply to a lottery phase	0	09bddc5d	Fan applies within the window	FOLLOW_PARENT	
lottery-application	Apply to a lottery phase	1	5a352f1a	Application outside the window is rejected	FOLLOW_PARENT	
lottery-application	Apply to a lottery phase	2	93e61326	Requested count over the max is rejected	FOLLOW_PARENT	
lottery-application	Apply to a lottery phase	3	426e262b	Unsupported card is rejected	FOLLOW_PARENT	
lottery-application	Apply to a lottery phase	4	5c0625a2	No capture at application	FOLLOW_PARENT	
lottery-application	One application per account per phase	0	54ec58f3	Second application is rejected	FOLLOW_PARENT	
lottery-application	One application per account per phase	1	dc6dd16d	Withdraw before the draw releases the hold	FOLLOW_PARENT	
lottery-application	One application per account per phase	2	f9672ca0	Issued ticket is not withdrawable in ④	FOLLOW_PARENT	
lottery-application	Automatic draw against fixed capacity	0	a24afc83	Draw fills capacity without oversell	FOLLOW_PARENT	
lottery-application	Automatic draw against fixed capacity	1	30281f5a	Companion group is all-or-nothing	FOLLOW_PARENT	
lottery-application	Automatic draw against fixed capacity	2	98af00c3	Losers are recorded in a stable order	FOLLOW_PARENT	
lottery-application	Automatic draw against fixed capacity	3	91b68b55	Draw does not run before close	FOLLOW_PARENT	
lottery-application	Automatic draw against fixed capacity	4	121802c5	Demand at or below capacity	FOLLOW_PARENT	
lottery-application	Capture winners and release losers at the draw	0	3c094076	Winner's hold is captured and handed off	FOLLOW_PARENT	
lottery-application	Capture winners and release losers at the draw	1	cbba8864	Loser's hold is released	FOLLOW_PARENT	
lottery-application	Capture winners and release losers at the draw	2	b0231954	Capture failure leaves the seat unfilled	FOLLOW_PARENT	
lottery-application	Application results	0	c78a53c0	Applicant sees their result	FOLLOW_PARENT	
lottery-application	Persisted loser waitlist for resale	0	603d2b0e	Losing applications are the resale demand pool	FOLLOW_PARENT	
lottery-application	本人確認 binding carried to issuance	0	25334c58	Identity is available at issuance	FOLLOW_PARENT	
m3-design-tokens	Color roles with guaranteed on-color pairing	0	f3e8b36d	Fill and text use a matched role pair	FOLLOW_PARENT	
m3-design-tokens	Color roles with guaranteed on-color pairing	1	a3b44452	Dynamic-hue surfaces guarantee contrast	FOLLOW_PARENT	
m3-design-tokens	Color roles with guaranteed on-color pairing	2	7ddb7812	No raw palette leakage	FOLLOW_PARENT	
m3-design-tokens	State-layer opacity scale	0	f9c0b9e6	Hover applies the shared 8% overlay	FOLLOW_PARENT	
m3-design-tokens	State-layer opacity scale	1	10825315	Keyboard focus uses focus-visible	FOLLOW_PARENT	
m3-design-tokens	State-layer opacity scale	2	b74e3e61	Selected state persists and stacks	FOLLOW_PARENT	
m3-design-tokens	Motion tokens split by property class	0	73eba031	Positional change uses a spatial spring	FOLLOW_PARENT	
m3-design-tokens	Motion tokens split by property class	1	30e95a03	Opacity/color change uses a non-bouncy token	FOLLOW_PARENT	
m3-design-tokens	Motion tokens split by property class	2	e64f6175	Scattered raw timings are consolidated	FOLLOW_PARENT	
m3-design-tokens	Shape roles including expressive steps	0	9d34574d	Radius matches component size	FOLLOW_PARENT	
m3-design-tokens	Shape roles including expressive steps	1	702899fc	Directional rounding is RTL-safe	FOLLOW_PARENT	
m3-design-tokens	Tonal surface-container tiers	0	e2f59f7a	Resting depth uses a tonal tier	FOLLOW_PARENT	
m3-design-tokens	Tonal surface-container tiers	1	985811f1	Surfaces survive forced-colors	FOLLOW_PARENT	
migration-rebase-guard	The system MUST detect out-of-order migration timestamps	0	ad2dff53	Branch adds migration with older timestamp than main's latest	FOLLOW_PARENT	
migration-rebase-guard	The system MUST detect out-of-order migration timestamps	1	a9641e48	Branch adds migration with newer timestamp than main's latest	FOLLOW_PARENT	
migration-rebase-guard	The system MUST detect out-of-order migration timestamps	2	0abd7a8d	No new migration files on branch	FOLLOW_PARENT	
migration-rebase-guard	The system MUST auto-fix out-of-order migrations when --fix is passed	0	f8bfc668	Auto-fix renames and updates kustomization	FOLLOW_PARENT	
migration-rebase-guard	The system MUST auto-fix out-of-order migrations when --fix is passed	1	4d3f325a	Auto-fix with no issues found	FOLLOW_PARENT	
migration-rebase-guard	The system MUST integrate with Claude Code hooks	0	74921dc0	Developer rebases branch onto main via Claude Code	FOLLOW_PARENT	
migration-rebase-guard	The system MUST integrate with Claude Code hooks	1	24d58b03	Rebase fails with merge conflicts	FOLLOW_PARENT	
modern-css-platform	Container Queries for component-level responsive design	0	2a56b092	Event card adapts to lane width	FOLLOW_PARENT	
modern-css-platform	Container Queries for component-level responsive design	1	ab842d50	Container query fallback	FOLLOW_PARENT	
modern-css-platform	Container Queries for component-level responsive design	2	e9fab95a	All responsive components use Container Queries	FOLLOW_PARENT	
modern-css-platform	View Transitions API for route animations	0	07b9e53f	Forward navigation transition	FOLLOW_PARENT	
modern-css-platform	View Transitions API for route animations	1	417fe01b	Reduced motion preference	FOLLOW_PARENT	
modern-css-platform	CSS `:has()` selector for state-based styling	0	d0915637	Navigation item active state	FOLLOW_PARENT	
modern-css-platform	CSS `:has()` selector for state-based styling	1	a899cf7c	Form validation visual feedback	FOLLOW_PARENT	
modern-css-platform	CSS Logical Properties	0	62931be4	Margin and padding use logical properties	FOLLOW_PARENT	
modern-css-platform	CSS Logical Properties	1	09355c3b	Border and positioning use logical properties	FOLLOW_PARENT	
modern-css-platform	CSS Logical Properties	2	4e066bdf	All existing physical properties migrated	FOLLOW_PARENT	
modern-css-platform	CSS `@layer` for cascade management	0	ff46b94f	Layer declaration establishes cascade	FOLLOW_PARENT	
modern-css-platform	CSS `@layer` for cascade management	1	b4c1d60a	Layer order prevents specificity wars	FOLLOW_PARENT	
modern-css-platform	CSS `@scope` for component isolation	0	cde22b70	Component CSS scoped to custom element	FOLLOW_PARENT	
modern-css-platform	CSS `@scope` for component isolation	1	661e23f2	Scope limit prevents deep leaking	FOLLOW_PARENT	
modern-css-platform	No viewport media queries for component responsiveness	0	d02616d8	Component layout uses container queries	FOLLOW_PARENT	
modern-css-platform	OKLCH color enforcement	0	3f3c8996	OKLCH used for solid colors	FOLLOW_PARENT	
modern-css-platform	OKLCH color enforcement	1	a836c6db	OKLCH used for transparency	FOLLOW_PARENT	
modern-css-platform	OKLCH color enforcement	2	9e85b9cd	Color derivation uses color-mix()	FOLLOW_PARENT	
modern-css-platform	Anchored Container Query for position-dependent child styling	0	09871956	Tooltip arrow toggles when position flips	FOLLOW_PARENT	
modern-css-platform	Anchored Container Query for position-dependent child styling	1	fe099e9c	Anchored container query graceful degradation	FOLLOW_PARENT	
modern-css-platform	CSS `@starting-style` for entry animations on dynamic elements	0	b3e9ee4c	Toast notification entry animation	FOLLOW_PARENT	
modern-css-platform	CSS `@starting-style` for entry animations on dynamic elements	1	204ce18a	Popover entry animation	FOLLOW_PARENT	
modern-css-platform	`transitionend` event for post-animation DOM cleanup	0	2f74f35f	Toast removal after exit transition	FOLLOW_PARENT	
modern-css-platform	`transitionend` event for post-animation DOM cleanup	1	c34079fa	Overlay cleanup after fade-out transition	FOLLOW_PARENT	
modern-css-platform	`transitionend` event for post-animation DOM cleanup	2	2a990796	Reduced motion bypasses transitionend	FOLLOW_PARENT	
modern-css-platform	`overscroll-behavior: contain` for scroll isolation	0	35d17efe	Bottom sheet scroll isolation	FOLLOW_PARENT	
modern-css-platform	`scrollIntoView` + `scrollend` for scroll-then-act patterns	0	80cbb235	Coach mark scrolls target into view	FOLLOW_PARENT	
modern-css-platform	`scrollIntoView` + `scrollend` for scroll-then-act patterns	1	15ed6622	Target already in viewport	FOLLOW_PARENT	
modern-css-platform	`data-state` attribute for CSS animation state	0	0a7d379b	Exit state triggers CSS transition	FOLLOW_PARENT	
modern-css-platform	Total `style` attribute ban in templates	0	87e8e110	Dynamic values via custom attributes	FOLLOW_PARENT	
modern-css-platform	Total `style` attribute ban in templates	1	bc05b6e9	Static inline styles prohibited	FOLLOW_PARENT	
modern-css-platform	Total `style` attribute ban in templates	2	62fbe30a	Lint enforcement	FOLLOW_PARENT	
modern-css-platform	`color-mix()` for dynamic alpha	0	2b810d79	Dynamic color with alpha	FOLLOW_PARENT	
modern-css-platform	`translate` shorthand for transforms	0	80959b7c	Single-axis translation	FOLLOW_PARENT	
modern-css-platform	No setTimeout for CSS animation timing	0	fe0b2567	Post-animation cleanup uses transitionend	FOLLOW_PARENT	
modern-css-platform	No setTimeout for CSS animation timing	1	7ba8c21a	Display duration via CSS animation	FOLLOW_PARENT	
modern-css-platform	No setTimeout for CSS animation timing	2	de6e4bb9	Exit animation with popover	FOLLOW_PARENT	
modern-css-platform	CSS scroll snap for bottom sheet dismiss gestures	0	f8ffbe95	User swipes down to dismiss the event detail sheet	FOLLOW_PARENT	
modern-css-platform	CSS scroll snap for bottom sheet dismiss gestures	1	f85ba1de	User swipes partially and releases	FOLLOW_PARENT	
modern-css-platform	CSS scroll snap for bottom sheet dismiss gestures	2	4d1cf7ba	Non-dismissable mode (onboarding)	FOLLOW_PARENT	
modern-css-platform	No JS-to-CSS variable bridge custom attributes	0	3c4228b9	Removing bridge custom attributes	FOLLOW_PARENT	
modern-css-platform	No JS-to-CSS variable bridge custom attributes	1	74debede	Custom attributes with computation are valid	FOLLOW_PARENT	
modern-css-platform	Scroll-driven Animations for scroll-linked effects	0	d8c27b78	Scroll progress indicator	FOLLOW_PARENT	
modern-css-platform	Scroll-driven Animations for scroll-linked effects	1	6300907d	Graceful degradation for unsupported browsers	FOLLOW_PARENT	
my-artists	Hype Change Persisted for Guest Users	0	e54b22a1	Guest user changes hype during onboarding	FOLLOW_PARENT	
my-artists	Hype Change Persisted for Guest Users	1	94ca6c2e	Repeated hype change applies every time	FOLLOW_PARENT	
my-artists	Hype Change Persisted for Guest Users	2	ab2555e8	Guest user changes hype after onboarding completion	FOLLOW_PARENT	
my-artists	View Toggle (List / Grid)	0	9c8857b0	Toggling view mode	FOLLOW_PARENT	
my-artists	Grid (Festival) View	0	6f19303e	Away tiles are larger	FOLLOW_PARENT	
my-artists	Grid (Festival) View	1	2f72f94c	Non-Away tiles are standard size	FOLLOW_PARENT	
my-artists	Grid (Festival) View	2	14b42ffd	Long-press opens context menu	FOLLOW_PARENT	
my-artists	My Artists page help content documents all available gestures	0	461bb1fb	Help text visible to touch device users	FOLLOW_PARENT	
my-artists	My Artists page help content documents all available gestures	1	3b98eb83	Help text available in all supported locales	FOLLOW_PARENT	
my-artists	Default hype tier for new follows is Nearby	0	eeb032dc	Guest follows an artist from Discovery	FOLLOW_PARENT	
my-artists	Default hype tier for new follows is Nearby	1	7d7c57e6	Authenticated user follows an artist	FOLLOW_PARENT	
my-artists	Default hype tier for new follows is Nearby	2	a155bb56	Guest-data merge respects new default	FOLLOW_PARENT	
my-artists	Default hype tier for new follows is Nearby	3	6eb5cca0	"Explicit guest ""Nearby"" choice indistinguishable from passive default acceptance (known limitation)"	FOLLOW_PARENT	
my-artists	Default hype tier for new follows is Nearby	4	5017b197	Existing stored records are not migrated	FOLLOW_PARENT	
my-artists	My Artists hype column headers render invariant English	0	246535f4	Column header label rendering	FOLLOW_PARENT	
my-artists	My Artists hype column headers render invariant English	1	43473db1	Tier label per column	FOLLOW_PARENT	
nearby-proximity	Proximity Classification Model	0	4e14affa	HOME classification by admin_area match	FOLLOW_PARENT	
nearby-proximity	Proximity Classification Model	1	06867d8e	NEARBY classification by Haversine distance	FOLLOW_PARENT	
nearby-proximity	Proximity Classification Model	2	11a9576c	AWAY classification for distant venues	FOLLOW_PARENT	
nearby-proximity	Proximity Classification Model	3	7d5d4963	AWAY classification for venues without coordinates	FOLLOW_PARENT	
nearby-proximity	Proximity Classification Model	4	f87105b6	AWAY classification when user has no home	FOLLOW_PARENT	
nearby-proximity	Home Area Centroid Lookup	0	238c13be	Centroid resolved at home write time	FOLLOW_PARENT	
nearby-proximity	Home Area Centroid Lookup	1	fc8fa2e7	Japanese prefecture centroid resolution	FOLLOW_PARENT	
nearby-proximity	Home Area Centroid Lookup	2	e6b30af5	Unsupported country code centroid	FOLLOW_PARENT	
nearby-proximity	Home Area Centroid Lookup	3	8ec4fc51	Existing rows backfilled	FOLLOW_PARENT	
nearby-proximity	Centroid Resolution Unit Coverage	0	96da5564	Japanese prefecture centroid lookup	FOLLOW_PARENT	
nearby-proximity	Centroid Resolution Unit Coverage	1	4d1cefd5	Unsupported region code	FOLLOW_PARENT	
non-blocking-menu-navigation	Menu-tab navigation attaches the view before data resolves	0	c910ddfe	Tapping a menu tab swaps the view immediately	FOLLOW_PARENT	
non-blocking-menu-navigation	Menu-tab navigation attaches the view before data resolves	1	af2ee744	Data fetch is kicked off non-blocking from loading()	FOLLOW_PARENT	
non-blocking-menu-navigation	In-flight state is shown via the route's existing UI	0	709d69d1	Spinner shown immediately after attach	FOLLOW_PARENT	
non-blocking-menu-navigation	In-flight state is shown via the route's existing UI	1	d76cb897	Fetch failure shows an error/empty state, not a frozen screen	FOLLOW_PARENT	
non-blocking-menu-navigation	Synchronous prelude remains in loading()	0	e2912c7c	Prelude state is set before first paint	FOLLOW_PARENT	
non-blocking-menu-navigation	Synchronous prelude remains in loading()	1	58430076	Re-entrant load aborts the prior request first	FOLLOW_PARENT	
non-blocking-menu-navigation	Navigating away cancels the in-flight fetch	0	5ad2657f	Leaving the tab aborts the request	FOLLOW_PARENT	
non-blocking-menu-navigation	Data-ready side effects gate on observed data arrival	0	2493d193	Celebration fires only once the timetable is real	FOLLOW_PARENT	
non-blocking-menu-navigation	Data-ready side effects gate on observed data arrival	1	200df6de	Completion latch waits for engagement data	FOLLOW_PARENT	
non-blocking-menu-navigation	Late-arriving data renders regardless of attach order	0	125db106	Data resolves before the view attaches	FOLLOW_PARENT	
non-blocking-menu-navigation	Late-arriving data renders regardless of attach order	1	b6148495	Data resolves after the view attaches	FOLLOW_PARENT	
notification-lifecycle	Notifications are persisted as identified entities	0	5dd7d64e	A notification is recorded when produced	FOLLOW_PARENT	
notification-lifecycle	Per-notification delivery outcome is recorded	0	b09e15dd	Successful web-push send is recorded as delivered	FOLLOW_PARENT	
notification-lifecycle	Per-notification delivery outcome is recorded	1	bc83aacb	Failed send is recorded as failed, not dropped	FOLLOW_PARENT	
notification-lifecycle	Per-notification delivery outcome is recorded	2	aa72b0c6	Failed send is surfaced as an operational signal	FOLLOW_PARENT	
notification-lifecycle	All user-facing notifications flow through the notification service	0	6da4f7cf	New-concert and sales-reminder notifications are recorded	FOLLOW_PARENT	
notification-lifecycle	Read and dismiss state is user-controllable and idempotent	0	c1ce9d1f	Marking a notification read is idempotent and user-scoped	FOLLOW_PARENT	
notification-lifecycle	The notification identifier is propagated end-to-end	0	2ae98a41	The push payload carries the notification id	FOLLOW_PARENT	
notification-lifecycle	Delivered notifications are reported to product analytics	0	35eb4123	A delivered notification is reported once	FOLLOW_PARENT	
notification-lifecycle	Delivered notifications are reported to product analytics	1	4e07936f	A failed notification is not reported as delivered	FOLLOW_PARENT	
notification-lifecycle	Delivered notifications are reported to product analytics	2	9aeec78a	Analytics failure does not affect delivery	FOLLOW_PARENT	
notification-lifecycle	Notification opens and dismissals are reported to product analytics	0	637bcb6f	Opening a notification is reported	FOLLOW_PARENT	
notification-lifecycle	Notification opens and dismissals are reported to product analytics	1	ddd2e819	Dismissing a notification is reported	FOLLOW_PARENT	
notification-lifecycle	Notification opens and dismissals are reported to product analytics	2	d3c88835	Opted-out users are not tracked	FOLLOW_PARENT	
notification-lifecycle	Notification fan-out logs zero-recipient skips	0	6ee4df11	Event processed but no eligible recipients	FOLLOW_PARENT	
official-site-search	Resolve Official Site URL from MusicBrainz	0	ce082764	Artist has an active official homepage relation	FOLLOW_PARENT	
official-site-search	Resolve Official Site URL from MusicBrainz	1	3a1fb8d5	All official homepage relations are ended	FOLLOW_PARENT	
official-site-search	Resolve Official Site URL from MusicBrainz	2	430ccc8b	No official homepage relation exists	FOLLOW_PARENT	
official-site-search	Resolve Official Site URL from MusicBrainz	3	0ef49b69	MusicBrainz API is unavailable	FOLLOW_PARENT	
official-site-search	Async Official Site Persistence on Follow	0	48e1dec8	Official site is successfully resolved and persisted	FOLLOW_PARENT	
official-site-search	Async Official Site Persistence on Follow	1	d75719a2	Official site already exists	FOLLOW_PARENT	
official-site-search	Async Official Site Persistence on Follow	2	b63561a4	MusicBrainz returns no URL	FOLLOW_PARENT	
official-site-search	Async Official Site Persistence on Follow	3	75c26683	Resolution fails with an error	FOLLOW_PARENT	
onboarding-celebration	Two-Tier Celebration Overlay	0	4bf7b9ba	Celebration gated on timetable readiness	FOLLOW_PARENT	
onboarding-celebration	Two-Tier Celebration Overlay	1	bd0c9403	Guest light celebration on first dashboard	FOLLOW_PARENT	
onboarding-celebration	Two-Tier Celebration Overlay	2	4af97746	No light celebration for a completed guest revisiting the dashboard	FOLLOW_PARENT	
onboarding-celebration	Two-Tier Celebration Overlay	3	1b7c7ed9	Post-signup full celebration then dialog	FOLLOW_PARENT	
onboarding-celebration	Two-Tier Celebration Overlay	4	231fe2d6	Celebration does not replay	FOLLOW_PARENT	
onboarding-celebration	Two-Tier Celebration Overlay	5	45fed138	Reduced motion preference	FOLLOW_PARENT	
onboarding-celebration	Celebration Reveals the Timetable Behind the Text	0	8b61b365	Timetable colors remain visible at the screen edges	FOLLOW_PARENT	
onboarding-celebration	Celebration Reveals the Timetable Behind the Text	1	21ebbbad	Heading and sub-text stay legible over bright cards	FOLLOW_PARENT	
onboarding-celebration	Celebration Reveals the Timetable Behind the Text	2	ef63be24	Existing celebration behavior is preserved	FOLLOW_PARENT	
onboarding-guidance	Onboarding guidance rendered within unified DiscoverPage	0	5d9b3c53	Onboarding user navigates to discover	FOLLOW_PARENT	
onboarding-guidance	Onboarding guidance rendered within unified DiscoverPage	1	5ea7d5e7	Normal user navigates to discover	FOLLOW_PARENT	
onboarding-guidance	Onboarding guidance rendered within unified DiscoverPage	2	147f2eb3	CTA button removed during onboarding	FOLLOW_PARENT	
onboarding-guidance	Followed count reflects localStorage state	0	29f4ad84	Initial page load with existing guest data	FOLLOW_PARENT	
onboarding-guidance	Followed count reflects localStorage state	1	fd0764c5	Follow an artist during onboarding	FOLLOW_PARENT	
onboarding-guidance	Followed count reflects localStorage state	2	a82cbf26	Unfollow an artist	FOLLOW_PARENT	
onboarding-guidance	Orb pulse on follow	0	0af4df18	Bubble tap triggers orb pulse	FOLLOW_PARENT	
onboarding-guidance	Search and genre filter available during onboarding	0	5b0a2ec0	Onboarding user searches for an artist	FOLLOW_PARENT	
onboarding-guidance	No z-index stacking in discovery page CSS	0	7471f7fe	Overlay elements paint above canvas	FOLLOW_PARENT	
onboarding-guidance	No z-index stacking in discovery page CSS	1	e8c2995e	Popover renders in top layer	FOLLOW_PARENT	
onboarding-page-help	Persistent Help Icon in Onboarding Pages	0	69f3b4ed	Help icon is always visible	FOLLOW_PARENT	
onboarding-page-help	Persistent Help Icon in Onboarding Pages	1	3e2dafe9	No `?` trigger in the page header	FOLLOW_PARENT	
onboarding-page-help	Persistent Help Icon in Onboarding Pages	2	e666acc6	Pages without page-specific help contribute no help item	FOLLOW_PARENT	
onboarding-page-help	Auto-open on First Page Visit	0	ab7f6ddf	First visit to Discovery during onboarding	FOLLOW_PARENT	
onboarding-page-help	Auto-open on First Page Visit	1	823d56cc	First visit to My Artists during onboarding	FOLLOW_PARENT	
onboarding-page-help	Auto-open on First Page Visit	2	bd414be8	Subsequent visits do not auto-open	FOLLOW_PARENT	
onboarding-page-help	Page-specific Help Content	0	356bb315	Discovery help content	FOLLOW_PARENT	
onboarding-page-help	Page-specific Help Content	1	c8ab281c	Dashboard help content	FOLLOW_PARENT	
onboarding-page-help	Page-specific Help Content	2	816ec5b7	My Artists help content	FOLLOW_PARENT	
onboarding-page-help	Multi-section help sheet structure	0	3af9eafc	Section title structure	FOLLOW_PARENT	
onboarding-page-help	Multi-section help sheet structure	1	fb74bcfb	No sheet-level heading	FOLLOW_PARENT	
onboarding-page-help	Multi-section help sheet structure	2	15b4fd31	Multiple sub-sections render in document order	FOLLOW_PARENT	
onboarding-page-help	Hype tier table is a 3-column grid	0	98e244d3	Column alignment	FOLLOW_PARENT	
onboarding-page-help	Hype tier table is a 3-column grid	1	410f53d4	Tier content per row	FOLLOW_PARENT	
onboarding-page-help	Hype tier table is a 3-column grid	2	7846bcf5	Semantic markup	FOLLOW_PARENT	
onboarding-page-help	Help sheet visual readability	0	3b91a982	Sheet background, title font, and muted text rendering	FOLLOW_PARENT	
onboarding-page-help	Top-layer Popover Text Color Inheritance	0	cc173d9a	Bottom-sheet text is readable on dark background	FOLLOW_PARENT	
onboarding-page-help	Top-layer Popover Text Color Inheritance	1	4fcf8131	Global rule uses zero specificity	FOLLOW_PARENT	
onboarding-page-help	Help seen flags cleared on onboarding reset	0	26d79ac1	Help-seen flags cleared on fresh onboarding	FOLLOW_PARENT	
onboarding-popover-guide	Popover guide on discover page entry during onboarding	0	c98e0204	Popover appears on onboarding entry	FOLLOW_PARENT	
onboarding-popover-guide	Popover guide on discover page entry during onboarding	1	012646fa	Popover dismissed via light-dismiss	FOLLOW_PARENT	
onboarding-popover-guide	Popover guide on discover page entry during onboarding	2	ab43335c	Popover entry animation uses CSS only	FOLLOW_PARENT	
onboarding-popover-guide	Popover guide on discover page entry during onboarding	3	6814236d	Popover exit animation	FOLLOW_PARENT	
onboarding-popover-guide	Popover guide on discover page entry during onboarding	4	fb895ded	Non-onboarding user does not see popover	FOLLOW_PARENT	
onboarding-popover-guide	Popover guide on discover page entry during onboarding	5	ba4507a9	Popover shown only once per onboarding session	FOLLOW_PARENT	
onboarding-popover-guide	Popover guide on discover page entry during onboarding	6	0c69e5ba	Respects prefers-reduced-motion	FOLLOW_PARENT	
onboarding-spotlight	Spotlight Visual Layer via Box-Shadow	0	208b32a1	Spotlight renders with rounded cutout over target	FOLLOW_PARENT	
onboarding-spotlight	Spotlight Visual Layer via Box-Shadow	1	2c0b7a20	Spotlight shape adapts per step	FOLLOW_PARENT	
onboarding-spotlight	Spotlight Visual Layer via Box-Shadow	2	b24abdfa	Spotlight cutout has padding around target	FOLLOW_PARENT	
onboarding-spotlight	Coach Mark Overlay System	0	daa3365d	Spotlight renders for active coach mark	FOLLOW_PARENT	
onboarding-spotlight	Coach Mark Overlay System	1	2282e026	Nav tab tap through spotlight delegates to href	FOLLOW_PARENT	
onboarding-spotlight	Coach Mark Overlay System	2	de6c3f1c	Off-target tap light-dismisses without blocking the page	FOLLOW_PARENT	
onboarding-spotlight	Coach Mark Overlay System	3	ec96371a	Target selector is scoped to component context	FOLLOW_PARENT	
onboarding-spotlight	Spotlight Uses Popover Top Layer	0	f2fe12ba	Spotlight renders above all page content	FOLLOW_PARENT	
onboarding-spotlight	Spotlight Uses Popover Top Layer	1	783d5cdf	Popover UA styles are neutralized	FOLLOW_PARENT	
onboarding-spotlight	Route Detach Spotlight Cleanup	0	63431b8b	Route detaching cleans up spotlight	FOLLOW_PARENT	
onboarding-spotlight	Route Detach Spotlight Cleanup	1	ed935475	Navigation during active spotlight does not throw	FOLLOW_PARENT	
onboarding-spotlight	Coach Mark Target Click Delegates Navigation to Aurelia Router	0	7d42e5bc	Nav link target navigates via Aurelia Router href intercept	FOLLOW_PARENT	
onboarding-spotlight	Coach Mark Target Click Delegates Navigation to Aurelia Router	1	ee31637c	Non-nav target triggers onTap callback for application logic	FOLLOW_PARENT	
onboarding-spotlight	Smooth Spotlight Movement via View Transitions API	0	e50a5f42	Same-page target change (lane introduction)	FOLLOW_PARENT	
onboarding-spotlight	Smooth Spotlight Movement via View Transitions API	1	837fc7d1	Cross-route target change	FOLLOW_PARENT	
onboarding-spotlight	Smooth Spotlight Movement via View Transitions API	2	8ebc5c6c	Reduced motion preference	FOLLOW_PARENT	
onboarding-spotlight	Tooltip Anchor Positioning	0	031c0ad8	Tooltip appears below target	FOLLOW_PARENT	
onboarding-spotlight	Tooltip Visual Treatment	0	777af85e	Tooltip renders without solid background	FOLLOW_PARENT	
onboarding-spotlight	Inline SVG Directional Arrow	0	54b72fe2	Arrow direction adapts to tooltip placement	FOLLOW_PARENT	
onboarding-spotlight	Inline SVG Directional Arrow	1	03bf6410	Arrow drawing animation on appearance	FOLLOW_PARENT	
onboarding-spotlight	Inline SVG Directional Arrow	2	5707d2a0	Arrow inherits theme color	FOLLOW_PARENT	
onboarding-spotlight	Inline SVG Directional Arrow	3	251b476a	Arrow with reduced motion preference	FOLLOW_PARENT	
onboarding-spotlight	Invisible Target Rejection	0	27e3d045	Zero-dimension target is skipped	FOLLOW_PARENT	
onboarding-spotlight	Invisible Target Rejection	1	43ec59ef	Hidden element in closed popover is skipped	FOLLOW_PARENT	
onboarding-spotlight	Single Transient Non-Blocking Coach Mark	0	873eace7	Coach mark does not block the rest of the page	FOLLOW_PARENT	
onboarding-spotlight	Single Transient Non-Blocking Coach Mark	1	2aeebeaf	Single coach mark driven from the app shell	FOLLOW_PARENT	
onboarding-spotlight	Single Transient Non-Blocking Coach Mark	2	9aafad96	Coach mark dismissed on target tap, outside tap, or route detach	FOLLOW_PARENT	
onboarding-tutorial	Coach Mark Navigation Delegation	0	e617d5d4	Nav tab tap through coach mark	FOLLOW_PARENT	
organizer-accounts	Admin creates an organizer with an initial operator	0	44e3cc5e	Admin creates an organizer	FOLLOW_PARENT	
organizer-accounts	Admin creates an organizer with an initial operator	1	160f348f	Non-admin cannot create an organizer	FOLLOW_PARENT	
organizer-accounts	Admin creates an organizer with an initial operator	2	83c1a99a	Organizer identity is separate from artist identity	FOLLOW_PARENT	
organizer-accounts	Initial operator bootstraps credentials on first sign-in	0	31ede2b0	Operator completes first sign-in via init link and passkey	FOLLOW_PARENT	
organizer-accounts	Initial operator bootstraps credentials on first sign-in	1	72afea55	Operator is routed to their org by org-pinned entry	FOLLOW_PARENT	
organizer-accounts	Initial operator bootstraps credentials on first sign-in	2	cf41422d	The invitation credential is never placed in a console URL	FOLLOW_PARENT	
organizer-accounts	Initial operator bootstraps credentials on first sign-in	3	551bd7d3	Recovery is an admin re-invite	FOLLOW_PARENT	
organizer-accounts	An artist is represented by at most one organizer	0	b2f4edb2	A label organizer represents multiple artists	FOLLOW_PARENT	
organizer-accounts	An artist is represented by at most one organizer	1	f1cca70b	Associating a non-existent artist is rejected	FOLLOW_PARENT	
organizer-accounts	An artist is represented by at most one organizer	2	5f8cdeaa	An artist cannot be claimed by a second organizer	FOLLOW_PARENT	
organizer-accounts	An artist is represented by at most one organizer	3	3543156c	Disassociate frees the artist	FOLLOW_PARENT	
organizer-accounts	Admin can list and inspect organizers	0	87e77d0e	Admin lists organizers and inspects an organizer's artists	FOLLOW_PARENT	
organizer-accounts	Admin can list and inspect organizers	1	f6a03926	Non-admin cannot list organizers	FOLLOW_PARENT	
organizer-accounts	Organizer provisioning is idempotent and compensating	0	b165380f	Retry after mid-provisioning failure does not duplicate	FOLLOW_PARENT	
organizer-accounts	Organizer provisioning is idempotent and compensating	1	2668fbfe	Operator is never left without an owner grant	FOLLOW_PARENT	
organizer-accounts	An organizer can be deactivated	0	588c125d	Deactivated organizer's operations are rejected	FOLLOW_PARENT	
organizer-accounts	An organizer can be deactivated	1	f4dd83ca	Deactivation frees the organizer's artists	FOLLOW_PARENT	
organizer-accounts	Organizer lifecycle emits analytics events	0	499fb6b2	Creating an organizer emits an event	FOLLOW_PARENT	
organizer-accounts	Organizer lifecycle emits analytics events	1	8119c3af	Associating an artist emits an event	FOLLOW_PARENT	
organizer-console	Bundle isolation from the consumer SPA and admin console	0	d3526121	Consumer page loads no organizer code	FOLLOW_PARENT	
organizer-console	Authenticate operators via org-pinned entry, one client for all tenants	0	ae28a267	Operator signs in and is routed to their org by org-pinned entry	FOLLOW_PARENT	
organizer-console	Authenticate operators via org-pinned entry, one client for all tenants	1	c0247489	One OIDC client serves all tenants	FOLLOW_PARENT	
organizer-console	Authenticate operators via org-pinned entry, one client for all tenants	2	afad4577	Invited operator lands on the console after accepting the invite	FOLLOW_PARENT	
organizer-console	Authenticate operators via org-pinned entry, one client for all tenants	3	aa010a8a	A reused or mismatched session does not silently onboard the wrong operator	FOLLOW_PARENT	
organizer-console	Route guard admits only owner-role operators	0	b112aabd	Unauthenticated visitor is redirected to sign-in	FOLLOW_PARENT	
organizer-console	Route guard admits only owner-role operators	1	c2865c89	Authenticated operator with owner role sees the placeholder	FOLLOW_PARENT	
organizer-console	Route guard admits only owner-role operators	2	4c4c956c	Authenticated account without the owner role is denied	FOLLOW_PARENT	
organizer-console	Organizer runtime config resolves the org at login	0	36526656	Organizer config omits a fixed org id	FOLLOW_PARENT	
organizer-console-hosting	Serve the organizer console at a dedicated per-env host	0	69d9cf66	Organizer host is reachable over TLS per environment	FOLLOW_PARENT	
organizer-console-hosting	Serve a per-host organizer config	0	a65e4455	Organizer host serves its own config	FOLLOW_PARENT	
organizer-event-authoring	Organizer authors a concert as a draft	0	f0603671	Create a draft concert for a represented artist	FOLLOW_PARENT	
organizer-event-authoring	Organizer authors a concert as a draft	1	831eb8a5	Multi-showtime day is multiple events	FOLLOW_PARENT	
organizer-event-authoring	Organizer authors a concert as a draft	2	601201c8	Cannot author for an unrepresented artist	FOLLOW_PARENT	
organizer-event-authoring	Organizer authors a concert as a draft	3	8c5bc89d	Venue is resolved to the shared venue entity	FOLLOW_PARENT	
organizer-event-authoring	Organizer lists and edits its own concerts	0	259f9498	Organizer sees its own drafts and published concerts	FOLLOW_PARENT	
organizer-event-authoring	Organizer lists and edits its own concerts	1	c226e76e	Correcting a published concert	FOLLOW_PARENT	
organizer-event-authoring	Organizer lists and edits its own concerts	2	717d244d	Cancelling a published concert	FOLLOW_PARENT	
organizer-event-authoring	Organizer lists and edits its own concerts	3	3efb52a3	Cancelled is terminal	FOLLOW_PARENT	
organizer-event-authoring	Publish makes a concert live, first-party, and notifies once	0	156cc69f	Unlisted later made public notifies exactly once	FOLLOW_PARENT	
organizer-event-authoring	Publish makes a concert live, first-party, and notifies once	1	c0c10fdb	Public publish notifies once per series	FOLLOW_PARENT	
organizer-event-authoring	Publish makes a concert live, first-party, and notifies once	2	5a7a4647	Adding a new event to a published series notifies once for it	FOLLOW_PARENT	
organizer-event-authoring	Publish makes a concert live, first-party, and notifies once	3	9cb72694	Unlisted or draft never notifies	FOLLOW_PARENT	
organizer-event-authoring	Publish makes a concert live, first-party, and notifies once	4	da82a7f0	Only the owning organizer may publish	FOLLOW_PARENT	
organizer-event-authoring	Publish enforces the complete required-field set	0	c783f787	Publish rejects a concert missing a required field	FOLLOW_PARENT	
organizer-event-authoring	Publish enforces the complete required-field set	1	a969b87a	Publish succeeds when the required set is complete	FOLLOW_PARENT	
organizer-event-authoring	First-party publish supersedes scraped data without harm	0	07e1a15f	Supersede a pending staged concert	FOLLOW_PARENT	
organizer-event-authoring	First-party publish supersedes scraped data without harm	1	e3b55f67	Claim an already-published discovered event	FOLLOW_PARENT	
organizer-event-authoring	First-party publish supersedes scraped data without harm	2	170b1b15	Suppressed slot is not silently resurrected	FOLLOW_PARENT	
organizer-event-authoring	First-party publish supersedes scraped data without harm	3	27b302e7	Cross-organizer slot is a conflict, not a takeover	FOLLOW_PARENT	
organizer-event-authoring	Represented artists are excluded from scraping	0	9f7a2a1e	Associated artist is excluded from discovery scraping	FOLLOW_PARENT	
organizer-event-authoring	Represented artists are excluded from scraping	1	5b23d179	Disassociation resumes scraping	FOLLOW_PARENT	
organizer-event-authoring	Visibility controls where a published concert appears	0	146d76a6	Public concert appears in discovery	FOLLOW_PARENT	
organizer-event-authoring	Visibility controls where a published concert appears	1	edac9a00	Unlisted concert is excluded from fan-facing surfaces	FOLLOW_PARENT	
organizer-event-authoring	Organizer uploads an image	0	c4d4ed40	Image is stored and served	FOLLOW_PARENT	
organizer-event-authoring	Organizer uploads an image	1	bd94275d	Invalid image is rejected	FOLLOW_PARENT	
organizer-event-authoring	Organizer uploads an image	2	9328d14b	Only the owning organizer can attach an image to a concert	FOLLOW_PARENT	
organizer-event-authoring	Uploaded images are processed into safe, responsive variants	0	bb41dd11	A valid image becomes servable variants	FOLLOW_PARENT	
organizer-event-authoring	Uploaded images are processed into safe, responsive variants	1	148a976f	A malformed or oversized-dimension image yields no variants	FOLLOW_PARENT	
organizer-event-authoring	Uploaded images are processed into safe, responsive variants	2	62e38d82	Readiness is observable without a stored status	FOLLOW_PARENT	
organizer-event-authoring	Replacing an image reclaims the previous one	0	f54f851a	New image supersedes and reclaims the old without a gap	FOLLOW_PARENT	
organizer-rpc-server	Dedicated organizer Connect server isolated by audience	0	1edd034e	Organizer server is reachable and isolated	FOLLOW_PARENT	
organizer-rpc-server	Dedicated organizer Connect server isolated by audience	1	caa9d9dc	CORS admits only the organizer origin	FOLLOW_PARENT	
organizer-rpc-server	OrganizerService.Get returns the caller's own organizer	0	a0ac88e9	Operator reads their own organizer	FOLLOW_PARENT	
organizer-rpc-server	OrganizerService.ListArtists returns the caller's roster	0	d394efd1	Operator lists their own roster	FOLLOW_PARENT	
organizer-rpc-server	OrganizerService.ListArtists returns the caller's roster	1	319e5a96	Roster order is stable across calls	FOLLOW_PARENT	
organizer-rpc-server	OrganizerService.ListArtists returns the caller's roster	2	d98e7adb	Operator cannot list a different organizer's roster	FOLLOW_PARENT	
organizer-rpc-server	Org-scoped authorization from the role claim	0	e5cfb738	Missing or empty roles claim is denied	FOLLOW_PARENT	
organizer-rpc-server	Org-scoped authorization from the role claim	1	fc3df725	Token audience without the project id is denied	FOLLOW_PARENT	
organizer-rpc-server	Org-scoped authorization from the role claim	2	a0a056fa	Login-scope org and role-claim org must agree	FOLLOW_PARENT	
organizer-rpc-server	Org-scoped authorization from the role claim	3	c1a6021e	Absent or ambiguous login-scope org is denied	FOLLOW_PARENT	
organizer-rpc-server	Org-scoped authorization from the role claim	4	df96d8f8	Deactivated own organizer returns a precondition failure	FOLLOW_PARENT	
organizer-rpc-server	Org-scoped authorization from the role claim	5	0237f06b	Caller's Zitadel org has no linked Organizer	FOLLOW_PARENT	
organizer-rpc-server	Org-scoped authorization from the role claim	6	ecd3ef3b	Missing or malformed OrganizerId on ListArtists is rejected	FOLLOW_PARENT	
organizer-rpc-server	Org-scoped authorization from the role claim	7	eb08b71a	Unauthenticated request is rejected	FOLLOW_PARENT	
organizer-tenancy	Shared organizer-console project in the product org	0	88e2ba9e	Organizer-console project exists in the product org	FOLLOW_PARENT	
organizer-tenancy	Shared organizer-console project in the product org	1	e06b6044	Role check does not block sign-in	FOLLOW_PARENT	
organizer-tenancy	Organizer console OIDC app and backend API app	0	9948e5e8	OIDC app serves all tenants with per-env redirect URIs	FOLLOW_PARENT	
organizer-tenancy	Organizer console OIDC app and backend API app	1	00287456	Backend API app provides the audience	FOLLOW_PARENT	
organizer-tenancy	Dedicated organizer-provisioner machine user	0	46958db6	Provisioner machine user exists with org-create rights	FOLLOW_PARENT	
organizer-tenancy	Organizer-provisioner root key has a finite lifecycle	0	2779a81b	Provisioner key is finite, not indefinite	FOLLOW_PARENT	
organizer-tenancy	Organizer tenant orgs use a passkey-primary login policy with a designed recovery path	0	d7f76c43	A provisioned tenant org has the passkey-primary policy	FOLLOW_PARENT	
organizer-tenancy	Organizer tenant orgs use a passkey-primary login policy with a designed recovery path	1	4d4c30a2	The policy renders a usable login and returns the operator to the console	FOLLOW_PARENT	
organizer-tenancy	Organizer tenant orgs use a passkey-primary login policy with a designed recovery path	2	d408aea8	Operator completes first login by enrolling a passkey	FOLLOW_PARENT	
organizer-tenancy	Organizer tenant orgs use a passkey-primary login policy with a designed recovery path	3	8b57b9a1	A recovery path exists for a lost passkey	FOLLOW_PARENT	
organizer-tenancy	Organizer tenant orgs use a passkey-primary login policy with a designed recovery path	4	d55db657	Org is resolved by org-pinned entry for every operator	FOLLOW_PARENT	
organizer-tenancy	Organizer tenant orgs use a passkey-primary login policy with a designed recovery path	5	4a98ca28	Email-domain discovery is a future optional enhancement	FOLLOW_PARENT	
otel-collector-deployment	OTel Collector Kubernetes Deployment	0	94ab56a4	Collector receives OTLP traces over HTTP	FOLLOW_PARENT	
otel-collector-deployment	OTel Collector Kubernetes Deployment	1	6bb421eb	Collector receives OTLP traces over gRPC	FOLLOW_PARENT	
otel-collector-deployment	OTel Collector Kubernetes Deployment	2	81f610a6	Collector is reachable via in-cluster service	FOLLOW_PARENT	
otel-collector-deployment	OTel Collector Kubernetes Deployment	3	da1feca3	Metrics pipeline drops noisy auto-generated metrics	FOLLOW_PARENT	
otel-collector-deployment	OTel Collector Kubernetes Deployment	4	4218dfec	Business-relevant metrics pass through	FOLLOW_PARENT	
otel-collector-deployment	OTel Collector Kubernetes Deployment	5	ee68f0df	Filter ordering minimizes batch overhead	FOLLOW_PARENT	
otel-collector-deployment	Workload Identity for Cloud Trace Authentication	0	5fad4678	Collector authenticates via Workload Identity	FOLLOW_PARENT	
otel-collector-deployment	Backend Trace Export Configuration	0	83afe739	Backend server sends traces to OTel Collector	FOLLOW_PARENT	
otel-collector-deployment	Backend Trace Export Configuration	1	821cf972	Backend consumer sends traces to OTel Collector	FOLLOW_PARENT	
otel-collector-deployment	Backend Trace Export Configuration	2	d56e7ea9	Backend concert-discovery CronJob sends traces to OTel Collector	FOLLOW_PARENT	
otel-collector-deployment	Cost-Optimized Resource Configuration	0	906eab9b	Collector uses Spot VMs and minimal resources	FOLLOW_PARENT	
otel-collector-deployment	ArgoCD GitOps Management	0	c3d2a96d	ArgoCD Application for OTel Collector	FOLLOW_PARENT	
otel-collector-deployment	Filter rule scope is documented in the ConfigMap	0	9963dc46	ConfigMap comment explains drop rules	FOLLOW_PARENT	
otel-collector-deployment	Metric ingest volume is observable	0	7c2ece05	Operator can compare ingest volume before and after filter	FOLLOW_PARENT	
otel-sdk-configuration	Environment-aware trace sampling	0	fc11c3b4	Production uses ratio-based sampling	FOLLOW_PARENT	
otel-sdk-configuration	Environment-aware trace sampling	1	93b37154	Development samples all traces	FOLLOW_PARENT	
otel-sdk-configuration	Enriched resource attributes	0	1f3c7f00	Resource includes deployment environment	FOLLOW_PARENT	
otel-sdk-configuration	Explicit text map propagator	0	102149b2	W3C TraceContext propagator is set	FOLLOW_PARENT	
otel-sdk-configuration	MeterProvider initialization	0	9a0973f5	MeterProvider exports metrics via OTLP	FOLLOW_PARENT	
otel-sdk-configuration	MeterProvider initialization	1	e85385ba	MeterProvider is created without exporter when endpoint is not configured	FOLLOW_PARENT	
otel-sdk-configuration	MeterProvider initialization	2	b6a748ba	MeterProvider is shut down during graceful shutdown	FOLLOW_PARENT	
page-header-ce	Page header renders i18n title	0	c18d36bc	Title-only header (settings, tickets)	FOLLOW_PARENT	
page-header-ce	Page header renders i18n title	1	52716d0f	Title key changes dynamically	FOLLOW_PARENT	
page-header-ce	Page header supports trailing actions via slot	0	166b9b75	Header with slotted actions (my-artists)	FOLLOW_PARENT	
page-header-ce	Page header supports trailing actions via slot	1	f4f2442a	No slot content provided	FOLLOW_PARENT	
page-header-ce	Page header provides consistent visual styling	0	3bff2460	Visual consistency across routes	FOLLOW_PARENT	
page-header-ce	Page header participates in route grid layout	0	addd79ef	Header placed in grid area	FOLLOW_PARENT	
page-header-ce	Page header is globally registered	0	e46c9bf1	Usage without explicit import	FOLLOW_PARENT	
page-header-ce	Page header is a single shell-hosted instance bound to shared state	0	0b02e662	Single shell-hosted instance across route changes	FOLLOW_PARENT	
page-header-ce	Page header is a single shell-hosted instance bound to shared state	1	406bc43b	Title bound to shared state, not per-route markup	FOLLOW_PARENT	
page-header-ce	Page header is a single shell-hosted instance bound to shared state	2	ac87cf91	Title morph preserved for in-place title swaps	FOLLOW_PARENT	
passion-level	Passion Level Tiers	0	73258717	Default hype level on follow	FOLLOW_PARENT	
passion-level	Passion Level Tiers	1	cb6ceacb	UI labels are invariant English across locales	FOLLOW_PARENT	
passion-level	Passion Level Tiers	2	35ab6001	SetHype accepts all four tiers	FOLLOW_PARENT	
passion-level	Existing follow records preserve their stored hype	0	d3a78346	Pre-migration follows keep their hype	FOLLOW_PARENT	
passion-level	Existing follow records preserve their stored hype	1	7299a7b2	Post-migration new follows pick up new default	FOLLOW_PARENT	
passion-level	Hype Changes Require Authentication for Server-Side Persistence	0	59e68aa7	Unauthenticated user attempts hype change (server-side write blocked)	FOLLOW_PARENT	
passion-level	Hype Changes Require Authentication for Server-Side Persistence	1	ced778ec	Authenticated user changes hype	FOLLOW_PARENT	
passion-level	Hype Level Persistence	0	6ad1e3a7	Hype level survives session restart	FOLLOW_PARENT	
passion-level	SetHype API	0	a1893afd	Successful update	FOLLOW_PARENT	
passion-level	SetHype API	1	e02efe2e	Unauthenticated request	FOLLOW_PARENT	
passion-level	SetHype API	2	ddaa17ff	Invalid artist ID	FOLLOW_PARENT	
passion-level	HypeLevel in ListFollowed Response	0	5562e641	ListFollowed returns hype levels	FOLLOW_PARENT	
passion-level	Hype Visual Indicators on Dashboard Cards	0	77e684fa	Match computation is TypeScript responsibility	FOLLOW_PARENT	
passion-level	Hype Visual Indicators on Dashboard Cards	1	21be9b78	Matched card background	FOLLOW_PARENT	
passion-level	Hype Visual Indicators on Dashboard Cards	2	3f3efd88	Matched card clearLOGO neon glow	FOLLOW_PARENT	
passion-level	Hype Visual Indicators on Dashboard Cards	3	a4f93e14	Matched card text fallback neon glow	FOLLOW_PARENT	
passion-level	Hype Visual Indicators on Dashboard Cards	4	3fe33308	Matched card spotlight beam cone	FOLLOW_PARENT	
passion-level	Hype Visual Indicators on Dashboard Cards	5	793f6aba	Matched card color drift animation	FOLLOW_PARENT	
passion-level	Hype Visual Indicators on Dashboard Cards	6	bb48b62d	Unmatched card styling	FOLLOW_PARENT	
passion-level	Hype Visual Indicators on Dashboard Cards	7	db9445fb	Unmatched card clearLOGO dimming	FOLLOW_PARENT	
passion-level	Hype Visual Indicators on Dashboard Cards	8	24769332	Unmatched card text fallback dimming	FOLLOW_PARENT	
passion-level	Hype Visual Indicators on Dashboard Cards	9	52e0a64f	Away artist matched on all stages	FOLLOW_PARENT	
passion-level	Hype Visual Indicators on Dashboard Cards	10	00c03f4a	Home artist matched only on home stage	FOLLOW_PARENT	
passion-level	Hype Visual Indicators on Dashboard Cards	11	97ead746	Watch artist always unmatched	FOLLOW_PARENT	
passion-level	Hype Visual Indicators on Dashboard Cards	12	04403efa	Artist color source	FOLLOW_PARENT	
passion-level	Hype Visual Indicators on Dashboard Cards	13	f129ab5f	Reduced motion preference	FOLLOW_PARENT	
passion-level	Hype Visual Indicators on Dashboard Cards	14	54590c55	Color drift graceful degradation	FOLLOW_PARENT	
passive-concert-discovery	Dashboard Mode Toggle	0	0692e53e	Default mode is My Timetable	FOLLOW_PARENT	
passive-concert-discovery	Dashboard Mode Toggle	1	39a5a6df	Mode-specific filters appear only in All Nearby	FOLLOW_PARENT	
passive-concert-discovery	Dashboard Mode Toggle	2	09f8de8a	Switching modes replaces the concert list	FOLLOW_PARENT	
passive-concert-discovery	Date Preset Selector	0	22847e8d	Date chip opens the range sheet in one tap	FOLLOW_PARENT	
passive-concert-discovery	Date Preset Selector	1	cb1e2fea	Available quick presets	FOLLOW_PARENT	
passive-concert-discovery	Date Preset Selector	2	a70758af	今週末 preset date range	FOLLOW_PARENT	
passive-concert-discovery	Date Preset Selector	3	66ecd185	今週末 when today is Saturday or Sunday	FOLLOW_PARENT	
passive-concert-discovery	Date Preset Selector	4	8bd8b856	7日以内 preset date range	FOLLOW_PARENT	
passive-concert-discovery	Date Preset Selector	5	8e883b21	30日以内 preset date range	FOLLOW_PARENT	
passive-concert-discovery	Date Preset Selector	6	b2a6dff1	Quick preset applies and closes in one tap	FOLLOW_PARENT	
passive-concert-discovery	Date Preset Selector	7	80916362	Custom range is edited then applied	FOLLOW_PARENT	
passive-concert-discovery	Date Preset Selector	8	0f83b0bc	Custom range validation	FOLLOW_PARENT	
passive-concert-discovery	Area Selector in All Nearby Mode	0	fcad658e	Default area is user home	FOLLOW_PARENT	
passive-concert-discovery	Area Selector in All Nearby Mode	1	586bce19	Area override via UserHomeSelector	FOLLOW_PARENT	
passive-concert-discovery	Area Selector in All Nearby Mode	2	f6e77e41	Area override is session-scoped	FOLLOW_PARENT	
passive-concert-discovery	Area Selector in All Nearby Mode	3	892fb2f5	Area override for unauthenticated user	FOLLOW_PARENT	
passive-concert-discovery	All Nearby Concert List	0	d051d0f6	HOME and NEARBY lanes rendered	FOLLOW_PARENT	
passive-concert-discovery	All Nearby Concert List	1	1bb4e545	Venue name shown for all lanes	FOLLOW_PARENT	
passive-concert-discovery	All Nearby Concert List	2	64865cb5	Empty state	FOLLOW_PARENT	
passive-concert-discovery	Follow CTA in Event Detail Sheet for All Nearby	0	3d93a23b	Follow button visible for unfollowed artist	FOLLOW_PARENT	
passive-concert-discovery	Follow CTA in Event Detail Sheet for All Nearby	1	a3e64ad9	Follow action from detail sheet	FOLLOW_PARENT	
passive-concert-discovery	Follow CTA in Event Detail Sheet for All Nearby	2	0a6e14c2	No follow button for already-followed artist	FOLLOW_PARENT	
passive-concert-discovery	Follow CTA in Event Detail Sheet for All Nearby	3	ee36b3de	Follow button for unauthenticated user	FOLLOW_PARENT	
passive-concert-discovery	Compact All Nearby Filter Bar	0	9ce13fe2	Filter bar is a single row of two chips	FOLLOW_PARENT	
passive-concert-discovery	Compact All Nearby Filter Bar	1	73aa7920	Timetable height is unaffected by filter interaction	FOLLOW_PARENT	
passive-concert-discovery	Localized All Nearby Date Display	0	ca270592	Date chip shows a localized range	FOLLOW_PARENT	
passive-concert-discovery	Localized All Nearby Date Display	1	32b82e58	Single-day range	FOLLOW_PARENT	
passive-concert-discovery	Localized All Nearby Date Display	2	3c2b5449	Preset shows its name	FOLLOW_PARENT	
passive-concert-discovery	Natural Japanese Copy for All Nearby	0	6e4519ac	All Nearby strings are natural Japanese	FOLLOW_PARENT	
post-signup-dialog	Post-Signup Dialog on First Authentication	0	ce0e05b4	Dialog shown after first signup	FOLLOW_PARENT	
post-signup-dialog	Post-Signup Dialog on First Authentication	1	a4b05803	Dialog not shown on subsequent logins	FOLLOW_PARENT	
post-signup-dialog	Post-Signup Dialog on First Authentication	2	10e01faa	Sign-in with an empty local cache does not trigger the dialog	FOLLOW_PARENT	
post-signup-dialog	Post-Signup Dialog on First Authentication	3	a03f24f6	Dialog content leads with celebration	FOLLOW_PARENT	
post-signup-dialog	Post-Signup Dialog on First Authentication	4	f9cd83ac	Footer button label when all actions are complete	FOLLOW_PARENT	
post-signup-dialog	Post-Signup Dialog on First Authentication	5	ac75963c	Footer button label when actions remain	FOLLOW_PARENT	
post-signup-dialog	Post-Signup Dialog on First Authentication	6	61b1edfd	Notification opt-in from dialog	FOLLOW_PARENT	
post-signup-dialog	Post-Signup Dialog on First Authentication	7	f1e21e42	PWA install from dialog — native prompt	FOLLOW_PARENT	
post-signup-dialog	Post-Signup Dialog on First Authentication	8	95d7e2bc	PWA install row hidden on iOS Safari	FOLLOW_PARENT	
post-signup-dialog	Post-Signup Dialog on First Authentication	9	81c62425	Dialog dismissed	FOLLOW_PARENT	
post-signup-dialog	Dialog reliably opens when active is true at creation time	0	ec252613	Dashboard sets showPostSignupDialog in loading() before attach	FOLLOW_PARENT	
post-signup-dialog	PostSignupDialog title and aria-label use i18n bindings	0	b3e1df27	Title renders in active locale	FOLLOW_PARENT	
post-signup-dialog	PostSignupDialog title and aria-label use i18n bindings	1	1c6e9afb	Title renders in Japanese locale	FOLLOW_PARENT	
post-signup-dialog	PostSignupDialog title and aria-label use i18n bindings	2	304a2dcb	aria-label follows active locale	FOLLOW_PARENT	
post-signup-dialog	PostSignupDialog title and aria-label use i18n bindings	3	5d02d571	Translation key parity	FOLLOW_PARENT	
post-signup-dialog	PostSignupDialog footer button reflects completion state	0	f93ba07d	"Button switches to ""Close"" after enabling notifications"	FOLLOW_PARENT	
post-signup-dialog	Celebration Precedes Post-Signup Dialog	0	4759c833	Dialog opens after celebration dismissal	FOLLOW_PARENT	
post-signup-dialog	Celebration Precedes Post-Signup Dialog	1	be3e6ff9	Region selection still precedes both	FOLLOW_PARENT	
post-signup-dialog	PWA Install Row Shows Fallback Instructions When Native Prompt Unavailable	0	38bf5cad	"Install row shows ""How to add"" disclosure when deferredPrompt is absent"	FOLLOW_PARENT	
post-signup-dialog	PWA Install Row Shows Fallback Instructions When Native Prompt Unavailable	1	60f0011a	"Toggling ""How to add"" reveals inline instructions"	FOLLOW_PARENT	
post-signup-dialog	PWA Install Row Shows Fallback Instructions When Native Prompt Unavailable	2	cf7087fd	Install row reactively upgrades to native button on prompt arrival	FOLLOW_PARENT	
post-signup-dialog	PwaInstallService Registers beforeinstallprompt Listener Before Routing	0	69532c86	Listener registered before auth-callback navigation	FOLLOW_PARENT	
post-signup-dialog	PwaInstallService Registers beforeinstallprompt Listener Before Routing	1	955cfd5a	Install row shows native button when prompt captured during auth-callback	FOLLOW_PARENT	
private-google-access	Private DNS zone for googleapis.com	0	4a93dd5b	googleapis.com resolves via the private VIP	FOLLOW_PARENT	
private-google-access	Private DNS zone for googleapis.com	1	de13795f	private.googleapis.com A records are present in the googleapis.com zone	FOLLOW_PARENT	
private-google-access	Google API traffic bypasses Cloud NAT	0	35a2a919	No NAT processing for googleapis.com traffic	FOLLOW_PARENT	
private-google-access	Reachability of services not protected by VPC Service Controls	0	10fed1ba	FCM Web Push delivery from GKE pods	FOLLOW_PARENT	
private-google-access	Reachability of services not protected by VPC Service Controls	1	391449d2	Pod-internal connectivity check	FOLLOW_PARENT	
prod-environment-bootstrap	Prod GKE cluster SHALL be an Autopilot regional cluster in asia-northeast2	0	fa0774e4	Cluster is Autopilot mode	FOLLOW_PARENT	
prod-environment-bootstrap	Prod GKE cluster SHALL be an Autopilot regional cluster in asia-northeast2	1	9316381b	Cluster is regional	FOLLOW_PARENT	
prod-environment-bootstrap	Prod GKE cluster SHALL be an Autopilot regional cluster in asia-northeast2	2	90183317	Only one cluster exists in prod	FOLLOW_PARENT	
prod-environment-bootstrap	Prod GKE cluster SHALL be an Autopilot regional cluster in asia-northeast2	3	9ba434fa	Cluster qualifies for GKE free tier	FOLLOW_PARENT	
prod-environment-bootstrap	Prod GKE cluster SHALL enable Dataplane V2	0	28db4fdf	ADVANCED_DATAPATH is set	FOLLOW_PARENT	
prod-environment-bootstrap	Prod GKE cluster SHALL enable Dataplane V2	1	1f22a17b	anetd DaemonSet is present and kube-proxy is unscheduled	FOLLOW_PARENT	
prod-environment-bootstrap	Prod GKE cluster SHALL enable Dataplane V2	2	17b7e564	NetworkPolicy enforcement is implicitly enabled	FOLLOW_PARENT	
prod-environment-bootstrap	Prod GKE cluster SHALL encrypt Kubernetes Secrets via Cloud KMS (etcd CMEK)	0	2ca64bcf	databaseEncryption is configured	FOLLOW_PARENT	
prod-environment-bootstrap	Prod GKE cluster SHALL encrypt Kubernetes Secrets via Cloud KMS (etcd CMEK)	1	ad404ff0	Stored Kubernetes Secrets are encrypted with the CMEK key	FOLLOW_PARENT	
prod-environment-bootstrap	Prod project SHALL host the Cloud KMS keyring and key for etcd CMEK	0	ae5ca786	KeyRing exists	FOLLOW_PARENT	
prod-environment-bootstrap	Prod project SHALL host the Cloud KMS keyring and key for etcd CMEK	1	9ebffc4f	CryptoKey is configured for ENCRYPT_DECRYPT	FOLLOW_PARENT	
prod-environment-bootstrap	Prod project SHALL host the Cloud KMS keyring and key for etcd CMEK	2	d754d608	GKE service agent has encrypt/decrypt permission	FOLLOW_PARENT	
prod-environment-bootstrap	Prod project SHALL host the Cloud KMS keyring and key for etcd CMEK	3	2cde17d7	KMS resources are Pulumi-managed with destroy protection	FOLLOW_PARENT	
prod-environment-bootstrap	Prod GKE cluster SHALL use the same secondary IP CIDR plan as dev	0	9167a7a1	Subnet primary range matches plan	FOLLOW_PARENT	
prod-environment-bootstrap	Prod GKE cluster SHALL use the same secondary IP CIDR plan as dev	1	1ad8ac1e	Pod secondary range matches plan	FOLLOW_PARENT	
prod-environment-bootstrap	Prod GKE cluster SHALL use the same secondary IP CIDR plan as dev	2	012e53c1	Service secondary range matches plan	FOLLOW_PARENT	
prod-environment-bootstrap	Prod GKE cluster SHALL use the same secondary IP CIDR plan as dev	3	e4c8c8b4	ipAllocationPolicy references the named ranges	FOLLOW_PARENT	
prod-environment-bootstrap	Prod cluster SHALL NOT enable Confidential GKE Nodes at cluster level	0	3bcadffc	Cluster-level Confidential Nodes is off	FOLLOW_PARENT	
prod-environment-bootstrap	Prod cluster SHALL bound Google Managed Service for Prometheus (GMP) cost via disabled application auto-monitoring	0	5e8d6111	Automatic application monitoring is disabled at the cluster level	FOLLOW_PARENT	
prod-environment-bootstrap	Prod cluster SHALL bound Google Managed Service for Prometheus (GMP) cost via disabled application auto-monitoring	1	8031ee1a	GMP managed collection remains enabled	FOLLOW_PARENT	
prod-environment-bootstrap	Prod cluster SHALL bound Google Managed Service for Prometheus (GMP) cost via disabled application auto-monitoring	2	7aff0079	GMP billing stays bounded	FOLLOW_PARENT	
prod-environment-bootstrap	Workload Pods SHALL request Spot scheduling via the `cloud.google.com/gke-spot` label	0	866fe457	Spot-tolerant Pods have the gke-spot label	FOLLOW_PARENT	
prod-environment-bootstrap	Workload Pods SHALL request Spot scheduling via the `cloud.google.com/gke-spot` label	1	75af4c93	Autopilot honors the gke-spot label	FOLLOW_PARENT	
prod-environment-bootstrap	Prod GCP project SHALL host the same peripheral GCP resources as dev	0	9ee76fd5	Cloud SQL instance exists	FOLLOW_PARENT	
prod-environment-bootstrap	Prod GCP project SHALL host the same peripheral GCP resources as dev	1	225f3467	Cloud SQL initial tier is db-f1-micro	FOLLOW_PARENT	
prod-environment-bootstrap	Prod GCP project SHALL host the same peripheral GCP resources as dev	2	361504c8	Artifact Registry repositories exist	FOLLOW_PARENT	
prod-environment-bootstrap	Prod GCP project SHALL host the same peripheral GCP resources as dev	3	28476449	Service Accounts mirror dev's set	FOLLOW_PARENT	
prod-environment-bootstrap	Initial prod Pulumi deploy SHALL be manual-triggered	0	dee81b06	Prod merge does not auto-deploy	FOLLOW_PARENT	
prod-environment-bootstrap	Initial prod Pulumi deploy SHALL be manual-triggered	1	9de88cd1	Operator approves prod up	FOLLOW_PARENT	
prod-environment-bootstrap	Prod public DNS SHALL be managed entirely by Cloudflare, with apex A record bound to the shared GKE Gateway static IP	0	009dd4bf	Cloud DNS hosts no prod public zones	FOLLOW_PARENT	
prod-environment-bootstrap	Prod public DNS SHALL be managed entirely by Cloudflare, with apex A record bound to the shared GKE Gateway static IP	1	a8aa14cf	Cloudflare zone is authoritative for all prod public hostnames	FOLLOW_PARENT	
prod-environment-bootstrap	Prod public DNS SHALL be managed entirely by Cloudflare, with apex A record bound to the shared GKE Gateway static IP	2	743a0d0a	Apex A record exists and is protected	FOLLOW_PARENT	
prod-environment-bootstrap	Prod public DNS SHALL be managed entirely by Cloudflare, with apex A record bound to the shared GKE Gateway static IP	3	aa34a4e2	Apex certificate exists and serves TLS for the apex hostname	FOLLOW_PARENT	
prod-environment-bootstrap	Prod public DNS SHALL be managed entirely by Cloudflare, with apex A record bound to the shared GKE Gateway static IP	4	85e1455f	Prod-stack DNS and Certificate Manager resources are Pulumi-protected	FOLLOW_PARENT	
prod-environment-bootstrap	Prod backend ConfigMaps SHALL reference the mainnet ticket SBT contract	0	e82c3b40	No zero-address SBT in prod configmaps	FOLLOW_PARENT	
prod-environment-bootstrap	Prod backend ConfigMaps SHALL reference the mainnet ticket SBT contract	1	3a85ac2b	Mainnet contract is reachable	FOLLOW_PARENT	
prod-environment-bootstrap	Prod VAPID public key SHALL match the GSM-stored private key	0	ace2b4ad	Configmap public key matches GSM private key	FOLLOW_PARENT	
prod-environment-bootstrap	Prod VAPID public key SHALL match the GSM-stored private key	1	e141d920	Frontend bundle public key matches GSM private key	FOLLOW_PARENT	
prod-environment-bootstrap	Prod VAPID public key SHALL match the GSM-stored private key	2	08fb1230	Push notifications round-trip in prod	FOLLOW_PARENT	
prod-environment-bootstrap	Prod blockchain ESC values SHALL reference mainnet	0	ad63aeab	Prod RPC URL targets mainnet	FOLLOW_PARENT	
prod-environment-bootstrap	Prod blockchain ESC values SHALL reference mainnet	1	42848549	Prod deployer private key controls the mainnet ticket SBT owner	FOLLOW_PARENT	
prod-environment-bootstrap	Prod blockchain ESC values SHALL reference mainnet	2	10900571	Prod bundler API key targets mainnet	FOLLOW_PARENT	
prod-environment-bootstrap	Prod admin Google sub SHALL be issued by the prod OAuth client	0	14df7426	Prod sub differs from dev sub	FOLLOW_PARENT	
prod-environment-bootstrap	Prod admin Google sub SHALL be issued by the prod OAuth client	1	f6685881	Prod sub authenticates against prod admin org	FOLLOW_PARENT	
prod-image-pipeline	Prod container images SHALL be sourced exclusively from the prod project's Artifact Registry	0	ec30d803	Backend prod images come from prod AR	FOLLOW_PARENT	
prod-image-pipeline	Prod container images SHALL be sourced exclusively from the prod project's Artifact Registry	1	2227beda	Frontend prod image comes from prod AR	FOLLOW_PARENT	
prod-image-pipeline	Prod container images SHALL be sourced exclusively from the prod project's Artifact Registry	2	b7184661	No cross-project image references in prod kustomize overlays	FOLLOW_PARENT	
prod-image-pipeline	Prod cluster service accounts SHALL NOT hold cross-project Artifact Registry IAM grants	0	c8583e78	No prod cluster SA in dev project IAM policy	FOLLOW_PARENT	
prod-image-pipeline	Prod cluster service accounts SHALL NOT hold cross-project Artifact Registry IAM grants	1	19bcb777	No prod cluster SA on dev AR repos	FOLLOW_PARENT	
prod-image-pipeline	Prod cluster service accounts SHALL NOT hold cross-project Artifact Registry IAM grants	2	b1f4b669	Revocation runbook is documented	FOLLOW_PARENT	
prod-image-pipeline	CI service accounts MAY hold scoped cross-project AR reader for image promotion	0	7babe0a0	Prod CI SA holds repo-scoped reader on dev frontend AR	FOLLOW_PARENT	
prod-image-pipeline	CI service accounts MAY hold scoped cross-project AR reader for image promotion	1	7c8974b3	Prod CI SA holds repo-scoped reader on dev backend AR	FOLLOW_PARENT	
prod-image-pipeline	CI service accounts MAY hold scoped cross-project AR reader for image promotion	2	016ceaf9	Prod CI SA holds NO writer or admin on dev AR	FOLLOW_PARENT	
prod-image-pipeline	CI service accounts MAY hold scoped cross-project AR reader for image promotion	3	26cb6117	Prod CI SA holds NO project-level reader on dev project	FOLLOW_PARENT	
prod-image-pipeline	Frontend prod image SHALL be env-agnostic at the bundle level	0	b475e12f	Bundle contains no env-divergent hostnames	FOLLOW_PARENT	
prod-image-pipeline	Frontend prod image SHALL be env-agnostic at the bundle level	1	c49eead3	Bundle contains no OIDC client IDs	FOLLOW_PARENT	
prod-image-pipeline	Frontend prod image SHALL be env-agnostic at the bundle level	2	2c3a33c5	Image build receives no env-specific build-arg	FOLLOW_PARENT	
prod-image-pipeline	Frontend prod image SHALL be env-agnostic at the bundle level	3	3284b5f9	Same image SHA can be deployed to multiple environments	FOLLOW_PARENT	
prod-image-pipeline	Backend prod images SHALL be promoted to prod AR on GitHub Release tags	0	a09219d4	Push to main triggers dev-only backend build or inherit	FOLLOW_PARENT	
prod-image-pipeline	Backend prod images SHALL be promoted to prod AR on GitHub Release tags	1	0de0f0f3	GitHub Release publish promotes the 4 dev AR digests	FOLLOW_PARENT	
prod-image-pipeline	Backend prod images SHALL be promoted to prod AR on GitHub Release tags	2	be837704	Prod and dev backend images share the same digest after promotion	FOLLOW_PARENT	
prod-image-pipeline	Backend prod images SHALL be promoted to prod AR on GitHub Release tags	3	b3a40379	Release CI SHALL refuse a matrix entry if its dev AR :<sha> is missing	FOLLOW_PARENT	
prod-image-pipeline	Backend prod images SHALL be promoted to prod AR on GitHub Release tags	4	df754b7d	Prod build uses prod environment Workload Identity	FOLLOW_PARENT	
prod-image-pipeline	Frontend prod image SHALL be promoted to prod AR on GitHub Release tags	0	170fde3c	Push to main triggers dev-only frontend build or inherit	FOLLOW_PARENT	
prod-image-pipeline	Frontend prod image SHALL be promoted to prod AR on GitHub Release tags	1	1db80a5d	GitHub Release publish promotes the dev AR digest	FOLLOW_PARENT	
prod-image-pipeline	Frontend prod image SHALL be promoted to prod AR on GitHub Release tags	2	86eab3da	Prod and dev images share the same digest after promotion	FOLLOW_PARENT	
prod-image-pipeline	Frontend prod image SHALL be promoted to prod AR on GitHub Release tags	3	49b2eec1	Release CI SHALL refuse if dev AR :<sha> is missing	FOLLOW_PARENT	
prod-image-pipeline	Frontend prod image SHALL be promoted to prod AR on GitHub Release tags	4	cd17dd2e	Post-build template-presence assertion gates the dev path	FOLLOW_PARENT	
prod-image-pipeline	Prod kustomize overlays SHALL pin image URIs to prod-AR paths	0	f8d6b898	Backend prod overlay rewrites image URIs	FOLLOW_PARENT	
prod-image-pipeline	Prod kustomize overlays SHALL pin image URIs to prod-AR paths	1	7c75aef3	Frontend prod overlay rewrites image URIs	FOLLOW_PARENT	
prod-image-pipeline	Every main commit SHALL have a resolvable dev AR image	0	f1c71a45	Build-relevant push produces a built image	FOLLOW_PARENT	
prod-image-pipeline	Every main commit SHALL have a resolvable dev AR image	1	b9f0802e	Build-irrelevant push inherits the parent digest	FOLLOW_PARENT	
prod-image-pipeline	Every main commit SHALL have a resolvable dev AR image	2	5d73858d	A release cut on main HEAD always resolves a dev image	FOLLOW_PARENT	
prod-image-pipeline	Every main commit SHALL have a resolvable dev AR image	3	e60a26dc	Force-push or branch-creation takes the build path	FOLLOW_PARENT	
prod-image-pipeline	Every main commit SHALL have a resolvable dev AR image	4	1cfc927e	Missing parent image fails loudly with no tag fallback	FOLLOW_PARENT	
prod-image-pipeline	Every main commit SHALL have a resolvable dev AR image	5	19d9b96a	Concurrency protects the in-progress run; a merge-train intermediate run may be cancelled	FOLLOW_PARENT	
prod-image-pipeline	Prod kustomize pin-bumps SHALL be automated via repository_dispatch	0	519d6d9b	Backend release dispatches a pin-bump after retag	FOLLOW_PARENT	
prod-image-pipeline	Prod kustomize pin-bumps SHALL be automated via repository_dispatch	1	605ba0fc	Frontend release dispatches a pin-bump after retag	FOLLOW_PARENT	
prod-image-pipeline	Prod kustomize pin-bumps SHALL be automated via repository_dispatch	2	c4d9b4bd	A partially-failed backend retag SHALL NOT dispatch	FOLLOW_PARENT	
prod-image-pipeline	Prod kustomize pin-bumps SHALL be automated via repository_dispatch	3	3b6511c5	A partially-failed frontend retag SHALL NOT dispatch	FOLLOW_PARENT	
prod-image-pipeline	Prod kustomize pin-bumps SHALL be automated via repository_dispatch	4	68916322	Dispatch credential is the org-owned ci-bot App, prod-env scoped	FOLLOW_PARENT	
prod-image-pipeline	A cloud-provisioning workflow SHALL apply the prod pin-bump on dispatch	0	8f8c292b	Dispatch updates newTag and version label in lock-step	FOLLOW_PARENT	
prod-image-pipeline	A cloud-provisioning workflow SHALL apply the prod pin-bump on dispatch	1	2526f62f	A frontend dispatch pins all bundles atomically in one commit	FOLLOW_PARENT	
prod-image-pipeline	A cloud-provisioning workflow SHALL apply the prod pin-bump on dispatch	2	fdff465e	Provenance gate rejects a frontend tag whose bundles are not all in prod AR	FOLLOW_PARENT	
prod-image-pipeline	A cloud-provisioning workflow SHALL apply the prod pin-bump on dispatch	3	2756d19f	Missing prod-AR image aborts before any edit	FOLLOW_PARENT	
prod-image-pipeline	A cloud-provisioning workflow SHALL apply the prod pin-bump on dispatch	4	cd59e11d	kustomize build failure aborts before push	FOLLOW_PARENT	
prod-image-pipeline	A cloud-provisioning workflow SHALL apply the prod pin-bump on dispatch	5	e70a32f1	Successful bump pushes directly to main, no PR	FOLLOW_PARENT	
prod-image-pipeline	A cloud-provisioning workflow SHALL apply the prod pin-bump on dispatch	6	a1c13e8a	Bump is idempotent	FOLLOW_PARENT	
prod-image-pipeline	A cloud-provisioning workflow SHALL apply the prod pin-bump on dispatch	7	49a6c4e2	Concurrent backend and frontend bumps both land	FOLLOW_PARENT	
prod-image-pipeline	cloud-provisioning main ruleset SHALL allow the ci-bot App to bypass for the pin-bump push	0	f95b6a50	ci-bot push to main is accepted	FOLLOW_PARENT	
prod-image-pipeline	cloud-provisioning main ruleset SHALL allow the ci-bot App to bypass for the pin-bump push	1	b8fc9ef1	Human pushes still obey the ruleset	FOLLOW_PARENT	
prod-image-pipeline	The manual pin-bump fallback SHALL be admin-gated	0	eead6575	Manual fallback requires admin approval	FOLLOW_PARENT	
prod-image-pipeline	The manual pin-bump fallback SHALL be admin-gated	1	6d0445d2	Release path is not gated by the reviewer rule	FOLLOW_PARENT	
prod-image-tag-immutability	Non-dev Artifact Registry Docker repositories SHALL enforce tag immutability at the registry API level	0	bc66f1d2	Prod backend AR repo enforces immutable tags	FOLLOW_PARENT	
prod-image-tag-immutability	Non-dev Artifact Registry Docker repositories SHALL enforce tag immutability at the registry API level	1	5c2e6896	Prod frontend AR repo enforces immutable tags	FOLLOW_PARENT	
prod-image-tag-immutability	Non-dev Artifact Registry Docker repositories SHALL enforce tag immutability at the registry API level	2	e8d1b787	Dev backend AR repo remains mutable	FOLLOW_PARENT	
prod-image-tag-immutability	Non-dev Artifact Registry Docker repositories SHALL enforce tag immutability at the registry API level	3	ece75d11	Dev frontend AR repo remains mutable	FOLLOW_PARENT	
prod-image-tag-immutability	Non-dev Artifact Registry Docker repositories SHALL enforce tag immutability at the registry API level	4	1227b0cf	Attempting to re-point a post-enablement prod tag SHALL fail with 409 Conflict	FOLLOW_PARENT	
prod-image-tag-immutability	Prod kustomize overlays SHALL pin image URIs to semantic version tags	0	df424e2b	Backend prod overlay uses semver tags only	FOLLOW_PARENT	
prod-image-tag-immutability	Prod kustomize overlays SHALL pin image URIs to semantic version tags	1	12cecad0	Frontend prod overlay uses semver tags only	FOLLOW_PARENT	
prod-image-tag-immutability	Prod kustomize overlays SHALL pin image URIs to semantic version tags	2	27ce8be9	Commit SHA is preserved in an inline comment	FOLLOW_PARENT	
prod-image-tag-immutability	Prod kustomize overlays SHALL pin image URIs to semantic version tags	3	ccf367ac	Rendered Deployment image references carry the semver tag	FOLLOW_PARENT	
prod-image-tag-immutability	Prod workload Deployments and CronJobs SHALL carry the app.kubernetes.io/version Recommended Label, propagated to the Pod template	0	0a8a6371	Backend prod Deployments carry the version label	FOLLOW_PARENT	
prod-image-tag-immutability	Prod workload Deployments and CronJobs SHALL carry the app.kubernetes.io/version Recommended Label, propagated to the Pod template	1	4e3b63b9	Backend prod Deployment Pod templates carry the version label	FOLLOW_PARENT	
prod-image-tag-immutability	Prod workload Deployments and CronJobs SHALL carry the app.kubernetes.io/version Recommended Label, propagated to the Pod template	2	64420d44	Backend prod CronJobs carry the version label at the CronJob level	FOLLOW_PARENT	
prod-image-tag-immutability	Prod workload Deployments and CronJobs SHALL carry the app.kubernetes.io/version Recommended Label, propagated to the Pod template	3	53a8371c	Backend prod CronJob Pod templates carry the version label	FOLLOW_PARENT	
prod-image-tag-immutability	Prod workload Deployments and CronJobs SHALL carry the app.kubernetes.io/version Recommended Label, propagated to the Pod template	4	25d586c1	Frontend prod Deployment carries the version label at both Deployment and Pod-template levels	FOLLOW_PARENT	
prod-image-tag-immutability	Prod workload Deployments and CronJobs SHALL carry the app.kubernetes.io/version Recommended Label, propagated to the Pod template	5	d60692f6	Dev manifests SHALL NOT carry the version label	FOLLOW_PARENT	
prod-image-tag-immutability	A runbook SHALL document the prod image tag pinning policy	0	3166df17	Runbook exists and is referenced	FOLLOW_PARENT	
prod-image-tag-immutability	A runbook SHALL document the prod image tag pinning policy	1	4f9f1f38	Runbook is discoverable from the prod overlay	FOLLOW_PARENT	
prod-k8s-manifests	Prod cluster SHALL run a full ArgoCD Application set matching dev's structure	0	ef86084c	All 14 prod Applications exist	FOLLOW_PARENT	
prod-k8s-manifests	Prod cluster SHALL run a full ArgoCD Application set matching dev's structure	1	ef0a9943	Each Application points at the prod overlay	FOLLOW_PARENT	
prod-k8s-manifests	Prod cluster SHALL run a full ArgoCD Application set matching dev's structure	2	c3c09d8d	Sync-wave ordering matches dev	FOLLOW_PARENT	
prod-k8s-manifests	Every prod namespace under `k8s/namespaces/` SHALL have a `prod/` overlay	0	59a2e80a	11 prod overlays exist	FOLLOW_PARENT	
prod-k8s-manifests	Every prod namespace under `k8s/namespaces/` SHALL have a `prod/` overlay	1	d550df6a	Every prod overlay renders	FOLLOW_PARENT	
prod-k8s-manifests	Prod overlays SHALL diverge from dev only by ESC secret refs, hostnames, ArgoCD project labels, and replica counts	0	dbf84e55	No image-tag divergence between dev and prod overlays	FOLLOW_PARENT	
prod-k8s-manifests	Prod overlays SHALL diverge from dev only by ESC secret refs, hostnames, ArgoCD project labels, and replica counts	1	47aadefc	Single replica per Deployment and StatefulSet for prod	FOLLOW_PARENT	
prod-k8s-manifests	Every Pod template in prod overlays SHALL include the gke-spot nodeSelector	0	fef6830c	lint-k8s covers prod overlays	FOLLOW_PARENT	
prod-k8s-manifests	Every Pod template in prod overlays SHALL include the gke-spot nodeSelector	1	5894a9c1	Spot label present on every prod Pod	FOLLOW_PARENT	
prod-k8s-manifests	Prod Gateway SHALL bind to the existing api-gateway-static-ip and serve api./auth. hostnames	0	38ec7511	Gateway references the named static IP	FOLLOW_PARENT	
prod-k8s-manifests	Prod Gateway SHALL bind to the existing api-gateway-static-ip and serve api./auth. hostnames	1	1e968f01	HTTPRoutes target prod hostnames	FOLLOW_PARENT	
prod-k8s-manifests	Prod Gateway SHALL bind to the existing api-gateway-static-ip and serve api./auth. hostnames	2	e5907076	Static IP becomes IN_USE after sync	FOLLOW_PARENT	
prod-k8s-manifests	Prod cluster SHALL opt application workloads into GMP via per-workload PodMonitoring CRDs	0	dd7fa167	PodMonitoring opt-in count matches the alert-driven workload set	FOLLOW_PARENT	
prod-k8s-manifests	Prod cluster SHALL opt application workloads into GMP via per-workload PodMonitoring CRDs	1	e513cac3	Backend PodMonitoring scope is bounded	FOLLOW_PARENT	
prod-k8s-manifests	Prod cluster SHALL opt application workloads into GMP via per-workload PodMonitoring CRDs	2	2d3e8717	Zitadel PodMonitoring scope is bounded	FOLLOW_PARENT	
product-analytics	PostHog Cloud EU is the sole product-analytics platform	0	08a86d76	Backend forwards a domain event to PostHog Cloud EU	FOLLOW_PARENT	
product-analytics	PostHog Cloud EU is the sole product-analytics platform	1	f4d6eb91	Frontend bundle does not include a second analytics SDK	FOLLOW_PARENT	
product-analytics	Analytics `distinct_id` is the platform-internal `UserId`	0	cc50bb65	Frontend identifies an authenticated user	FOLLOW_PARENT	
product-analytics	Analytics `distinct_id` is the platform-internal `UserId`	1	09417722	Backend forwards an event with `distinct_id`	FOLLOW_PARENT	
product-analytics	Event names follow `domain.action[.qualifier][.outcome]` in dot.case	0	4854eebd	A new event is added to the catalogue	FOLLOW_PARENT	
product-analytics	Event names follow `domain.action[.qualifier][.outcome]` in dot.case	1	8c0825d0	Property keys use snake_case	FOLLOW_PARENT	
product-analytics	Event sourcing is partitioned between frontend and backend	0	12f8e53d	Trust-critical event is emitted from backend only	FOLLOW_PARENT	
product-analytics	Event sourcing is partitioned between frontend and backend	1	4b3b2b93	UI exploration event is emitted from frontend only	FOLLOW_PARENT	
product-analytics	Event sourcing is partitioned between frontend and backend	2	c6aa5694	Paired event captures intent-to-completion gap	FOLLOW_PARENT	
product-analytics	Backend analytics flow uses NATS and an `analytics-consumer`	0	f244127c	Connect-RPC handler completes without calling PostHog	FOLLOW_PARENT	
product-analytics	Backend analytics flow uses NATS and an `analytics-consumer`	1	8704f33d	`analytics-consumer` forwards a subscribed NATS message	FOLLOW_PARENT	
product-analytics	Backend analytics flow uses NATS and an `analytics-consumer`	2	dcd5b712	PostHog outage does not block business handlers	FOLLOW_PARENT	
product-analytics	PostHog SDK initialisation is deferred until after first paint	0	9887b48e	SDK initialises after first paint on a cold start	FOLLOW_PARENT	
product-analytics	PostHog SDK initialisation is deferred until after first paint	1	a5831812	Early event is queued and flushed on SDK ready	FOLLOW_PARENT	
product-analytics	Frontend disables autocapture and automatic page-view capture	0	7dacbe68	Click on an arbitrary element does not produce an autocapture event	FOLLOW_PARENT	
product-analytics	Frontend disables autocapture and automatic page-view capture	1	9effefb8	Router navigation does not emit a page-view event	FOLLOW_PARENT	
product-analytics	Session replay masks PII by default	0	6807af58	Only a sampled fraction of sessions is recorded	FOLLOW_PARENT	
product-analytics	Session replay masks PII by default	1	44a37a4f	User types into an email input	FOLLOW_PARENT	
product-analytics	Session replay masks PII by default	2	aca819c0	Payment form area is excluded from recording	FOLLOW_PARENT	
product-analytics	Session replay masks PII by default	3	0abc7e31	Email displayed in the UI is masked	FOLLOW_PARENT	
product-analytics	Product analytics and OpenTelemetry remain separated; only `trace_id` bridges	0	defc1381	HTTP request latency is recorded in OTel, not PostHog	FOLLOW_PARENT	
product-analytics	Product analytics and OpenTelemetry remain separated; only `trace_id` bridges	1	bafa2d04	Conversion event carries `trace_id`	FOLLOW_PARENT	
product-analytics	Product analytics and OpenTelemetry remain separated; only `trace_id` bridges	2	c488ed49	Search-pipeline health is an OTel metric, not a catalogue event	FOLLOW_PARENT	
product-analytics	Event catalogue is the single source of truth	0	e4b6a8e2	Pull request adds an event without catalogue update	FOLLOW_PARENT	
product-analytics	Event catalogue is the single source of truth	1	c2357927	Catalogue omits the redundant and phantom concert events	FOLLOW_PARENT	
product-analytics	Event catalogue is the single source of truth	2	a8636b55	Catalogue omits the phantom signup-completion event	FOLLOW_PARENT	
product-analytics	Event catalogue is the single source of truth	3	128a5ba8	The underlying event identifier is named consistently	FOLLOW_PARENT	
product-analytics	Internal and E2E traffic is excluded from product analytics	0	1254aa9f	E2E test user does not pollute funnels	FOLLOW_PARENT	
product-analytics	Internal and E2E traffic is excluded from product analytics	1	f75890a8	Developer session is distinguishable from real users	FOLLOW_PARENT	
product-analytics	Account authentication events are emitted server-side	0	bf9c1555	A user-initiated login emits `account.login` exactly once	FOLLOW_PARENT	
product-analytics	Account authentication events are emitted server-side	1	7b49420f	A token refresh does NOT emit `account.login`	FOLLOW_PARENT	
product-analytics	Account authentication events are emitted server-side	2	d9623eab	Signup is represented by `user.created`, not a duplicate event	FOLLOW_PARENT	
product-analytics	Account authentication events are emitted server-side	3	973c9bc4	Analytics failure on the login path does not break login	FOLLOW_PARENT	
product-analytics	Every active catalogue event has a verified emission call site	0	a45b618f	A name constant with no emitter is not an active event	FOLLOW_PARENT	
product-analytics	Every active catalogue event has a verified emission call site	1	523b7c07	Pull-request review checks the call site, not only the catalogue row	FOLLOW_PARENT	
product-analytics	The event catalogue records a per-event collection status	0	8887d9e3	Dashboard is built only on active events	FOLLOW_PARENT	
product-analytics	The event catalogue records a per-event collection status	1	5a4c2b1d	Deferred ticketing events are dormant, not deleted	FOLLOW_PARENT	
product-analytics	The event catalogue records a per-event collection status	2	54a07377	A removed event is recorded, not silently dropped	FOLLOW_PARENT	
product-analytics	The event catalogue records a per-event collection status	3	69443bb3	Blockchain ticket analytics events are removed	FOLLOW_PARENT	
product-analytics	The event catalogue records a per-event collection status	4	3a9a16bf	Ticket-email analytics event is removed	FOLLOW_PARENT	
prompt-timing	PWA Install Prompt Blocked During Onboarding	0	6a49a7d2	User is mid-tutorial on the dashboard	FOLLOW_PARENT	
prompt-timing	PWA Install Prompt Blocked During Onboarding	1	f798fdd3	User has not started onboarding (LP step)	FOLLOW_PARENT	
prompt-timing	Notification Prompt Blocked When Not Authenticated	0	bf5b174c	Anonymous user on dashboard during tutorial	FOLLOW_PARENT	
prompt-timing	Notification Prompt Blocked When Not Authenticated	1	21ec7f7b	Authenticated user after onboarding	FOLLOW_PARENT	
prompt-timing	Notification Prompt Blocked During Onboarding	0	92e92ed0	User at MY_ARTISTS step before sign-up	FOLLOW_PARENT	
prompt-timing	Single Prompt Per Session	0	714cc566	Notification prompt shown first	FOLLOW_PARENT	
prompt-timing	Single Prompt Per Session	1	8a5b5085	PWA install prompt shown first	FOLLOW_PARENT	
prompt-timing	Single Prompt Per Session	2	aaa08592	New session resets prompt allowance	FOLLOW_PARENT	
prompt-timing	Notification Prompt Priority Over Disruptive PWA Prompts	0	fffb9bd2	Both prompts eligible (first or later post-completion session)	FOLLOW_PARENT	
prompt-timing	Notification Prompt Priority Over Disruptive PWA Prompts	1	8a95c5d2	Notification prompt already dismissed	FOLLOW_PARENT	
prompt-timing	Notification Prompt Eligible on First Post-Completion Session	0	be1ea009	User completes onboarding and returns	FOLLOW_PARENT	
prompt-timing	Notification Prompt Eligible on First Post-Completion Session	1	7d46bc0d	User completes onboarding within the same session	FOLLOW_PARENT	
prompt-timing	PWA Install Banner Eligible After Onboarding Completion	0	11232393	First session after completion — authenticated user	FOLLOW_PARENT	
prompt-timing	PWA Install Banner Eligible After Onboarding Completion	1	801c9952	Guest user after onboarding — banner not shown	FOLLOW_PARENT	
prompt-timing	PWA Install Banner Eligible After Onboarding Completion	2	e1f9f1c1	Completion within the same session	FOLLOW_PARENT	
prompt-timing	Dismissed Prompts Do Not Reappear	0	063f1bb3	User dismisses notification prompt	FOLLOW_PARENT	
prompt-timing	Dismissed Prompts Do Not Reappear	1	21c0b793	User dismisses pwa-install-banner (session-level)	FOLLOW_PARENT	
prompt-timing	Dismissed Prompts Do Not Reappear	2	b29553a5	Session dismiss is not permanent suppression	FOLLOW_PARENT	
proximity-model	Proximity Enum in Proto	0	69f3f708	Proximity enum definition	FOLLOW_PARENT	
proximity-model	Proximity Enum in Proto	1	5eadc752	Symmetry with HypeType	FOLLOW_PARENT	
proximity-model	Concert.ProximityTo Entity Method	0	338c5ac7	HOME classification by admin_area match	FOLLOW_PARENT	
proximity-model	Concert.ProximityTo Entity Method	1	9783d182	NEARBY classification by Haversine distance	FOLLOW_PARENT	
proximity-model	Concert.ProximityTo Entity Method	2	9131b361	AWAY classification for distant venues	FOLLOW_PARENT	
proximity-model	Concert.ProximityTo Entity Method	3	e3f8964f	AWAY classification when venue has no coordinates	FOLLOW_PARENT	
proximity-model	Concert.ProximityTo Entity Method	4	ab1df5db	AWAY classification when home is nil	FOLLOW_PARENT	
proximity-model	Concert.ProximityTo Entity Method	5	15487d2f	AWAY classification when venue is nil	FOLLOW_PARENT	
proximity-model	Haversine in pkg/geo	0	6d568e39	Distance calculation	FOLLOW_PARENT	
pulumi-state-recovery	State-Recovery Operator Runbook	0	459729c4	Operator hits a state-cascade incident	FOLLOW_PARENT	
pulumi-state-recovery	State-Recovery Operator Runbook	1	6c9bbdb5	Operator considers `pulumi state delete` for a planned change	FOLLOW_PARENT	
pulumi-state-recovery	State-Recovery Operator Runbook	2	cfb2b0bb	AI agent reads CLAUDE.md before invoking destructive CLI	FOLLOW_PARENT	
push-notification-localization	Localized Notification Copy	0	d027ef8e	Recipient has a preferred language	FOLLOW_PARENT	
push-notification-localization	Localized Notification Copy	1	74fe2c82	Recipient has no preferred language	FOLLOW_PARENT	
push-notification-localization	Localized Notification Copy	2	76b2e44a	Recipient has an unsupported preferred language	FOLLOW_PARENT	
push-notification-localization	Localized Notification Copy	3	dd0addb2	Mixed-language audience for one notification event	FOLLOW_PARENT	
push-notification-localization	Concert Discovery Notification Content	0	a4798879	Body in English	FOLLOW_PARENT	
push-notification-localization	Concert Discovery Notification Content	1	82578dcf	Body in Japanese	FOLLOW_PARENT	
push-notification-localization	Concert Discovery Notification Content	2	312df49c	Title and deep-link unaffected by language	FOLLOW_PARENT	
push-notification-service	PushSubscription entity model	0	6c75787e	PushSubscription aggregate shape	FOLLOW_PARENT	
push-notification-service	PushSubscription entity model	1	af8c5afe	No inline primitive subscription fields in request messages	FOLLOW_PARENT	
push-notification-service	Create RPC registers the calling browser's subscription	0	1f9f0b58	Successful registration	FOLLOW_PARENT	
push-notification-service	Create RPC registers the calling browser's subscription	1	7c6371c0	Unauthenticated request	FOLLOW_PARENT	
push-notification-service	Create RPC registers the calling browser's subscription	2	abcc3892	Invalid request payload	FOLLOW_PARENT	
push-notification-service	Get RPC returns the subscription for a specific browser	0	fca4a1f9	Successful retrieval	FOLLOW_PARENT	
push-notification-service	Get RPC returns the subscription for a specific browser	1	8940976e	Subscription not found	FOLLOW_PARENT	
push-notification-service	Get RPC returns the subscription for a specific browser	2	16c49323	Caller attempts to query another user's subscription	FOLLOW_PARENT	
push-notification-service	Get RPC returns the subscription for a specific browser	3	c007ece3	Unauthenticated request	FOLLOW_PARENT	
push-notification-service	Delete RPC removes only the specified browser's subscription	0	4a7bbadb	Successful deletion	FOLLOW_PARENT	
push-notification-service	Delete RPC removes only the specified browser's subscription	1	95f6c168	Idempotent deletion	FOLLOW_PARENT	
push-notification-service	Delete RPC removes only the specified browser's subscription	2	1ce9a943	Caller attempts to delete another user's subscription	FOLLOW_PARENT	
push-notification-service	Delete RPC removes only the specified browser's subscription	3	19661656	Unauthenticated request	FOLLOW_PARENT	
push-notification-service	Per-browser scoping for repository operations	0	c9cb5501	Repository surface	FOLLOW_PARENT	
push-notification-service	Per-browser scoping for repository operations	1	422a139c	No bulk-per-user mutation	FOLLOW_PARENT	
push-notification-service	Stale subscription self-healing on the client	0	8f6e2ed7	Self-heal on settings page load	FOLLOW_PARENT	
push-notification-service	Stale subscription self-healing on the client	1	305b6194	No self-heal when browser has no subscription	FOLLOW_PARENT	
push-notification-service	Stale subscription self-healing on the client	2	cd0ec298	Auto re-subscribe when browser has no subscription but permission is granted	FOLLOW_PARENT	
push-notification-service	Stale subscription self-healing on the client	3	9d3cfdfd	Self-heal failure degrades to OFF	FOLLOW_PARENT	
push-notification-service	Delivery scope limited to newly created concerts	0	e4d1ef91	Home filter evaluated against new concerts only	FOLLOW_PARENT	
push-notification-service	Delivery scope limited to newly created concerts	1	910d34f7	Nearby filter evaluated against new concerts only	FOLLOW_PARENT	
push-notification-service	Delivery scope limited to newly created concerts	2	23ae0704	Notification count reflects the recipient's matched subset	FOLLOW_PARENT	
push-notification-service	Delivery scope limited to newly created concerts	3	f30432d8	Home-hype count excludes out-of-area new concerts	FOLLOW_PARENT	
push-notification-service	Delivery scope limited to newly created concerts	4	1ae70c90	No delivery when zero concerts are newly created	FOLLOW_PARENT	
push-notification-service	CONCERT.created event carries identifiers of newly created concerts	0	5bb91bdc	Event payload shape	FOLLOW_PARENT	
push-notification-service	CONCERT.created event carries identifiers of newly created concerts	1	fe5d2778	Artist context is resolved at consumption time	FOLLOW_PARENT	
push-notification-service	CONCERT.created event carries identifiers of newly created concerts	2	5437aadc	No legacy fields retained	FOLLOW_PARENT	
push-notification-service	Notification consumer is a thin adapter over the use case	0	0795e48a	Handler responsibilities	FOLLOW_PARENT	
push-notification-service	Notification consumer is a thin adapter over the use case	1	2a48b3dd	Handler has no direct repository dependencies	FOLLOW_PARENT	
push-notification-service	NotifyNewConcerts debug RPC for deterministic invocation	0	8cc0997f	Request shape	FOLLOW_PARENT	
push-notification-service	NotifyNewConcerts debug RPC for deterministic invocation	1	6b0713e8	Successful invocation in non-production	FOLLOW_PARENT	
push-notification-service	NotifyNewConcerts debug RPC for deterministic invocation	2	947319aa	Disabled in production	FOLLOW_PARENT	
push-notification-service	NotifyNewConcerts debug RPC for deterministic invocation	3	2e52bcd0	Unknown concert identifiers are rejected	FOLLOW_PARENT	
push-notification-service	NotifyNewConcerts debug RPC for deterministic invocation	4	8b5d0557	Unauthenticated invocation	FOLLOW_PARENT	
push-notification-service	New-concert notification deep-links to the earliest matched concert	0	2440dd37	Deep-link targets the earliest matched concert	FOLLOW_PARENT	
push-notification-service	New-concert notification deep-links to the earliest matched concert	1	7c564e80	Same-day matched concerts tie-broken by start time	FOLLOW_PARENT	
push-notification-service	New-concert notification deep-links to the earliest matched concert	2	611ae7e9	Home recipient deep-links to their in-area concert, not the globally earliest	FOLLOW_PARENT	
push-notification-service	Service Worker renews the subscription on pushsubscriptionchange	0	ee6b7212	Browser rotates the subscription	FOLLOW_PARENT	
push-notification-service	Service Worker renews the subscription on pushsubscriptionchange	1	76f59a86	Renewal cannot obtain a new subscription	FOLLOW_PARENT	
push-notification-service	Subscription registration failures are observable on the client	0	e1746411	subscribe() throws during enable	FOLLOW_PARENT	
pwa-install-banner	Banner Visible to Authenticated Non-Installed Users After Onboarding	0	d539c597	Authenticated user has not installed the PWA	FOLLOW_PARENT	
pwa-install-banner	Banner Visible to Authenticated Non-Installed Users After Onboarding	1	c6e8c1ad	Guest user is not shown the banner	FOLLOW_PARENT	
pwa-install-banner	Banner Visible to Authenticated Non-Installed Users After Onboarding	2	dd2600b3	App already installed — banner not shown	FOLLOW_PARENT	
pwa-install-banner	Banner Visible to Authenticated Non-Installed Users After Onboarding	3	ee848a65	Banner not shown during onboarding	FOLLOW_PARENT	
pwa-install-banner	Banner CTA Install Flow by Platform	0	7a6e3ff9	Native one-tap install (Chrome/Edge with deferred prompt)	FOLLOW_PARENT	
pwa-install-banner	Banner CTA Install Flow by Platform	1	1082fe61	Guide sheet (iOS Safari or no deferred prompt)	FOLLOW_PARENT	
pwa-install-banner	Banner CTA Install Flow by Platform	2	b520afc0	iOS guide sheet content	FOLLOW_PARENT	
pwa-install-banner	Banner CTA Install Flow by Platform	3	57bbcda6	Chrome guide sheet content	FOLLOW_PARENT	
pwa-install-banner	Banner CTA Install Flow by Platform	4	3049703a	Manual confirm from guide sheet	FOLLOW_PARENT	
pwa-install-banner	Banner CTA Install Flow by Platform	5	ac564e2a	CTA mode upgrades reactively when deferred prompt arrives	FOLLOW_PARENT	
pwa-install-banner	Banner Disappears Permanently After Installation	0	d092d023	App installed via native dialog	FOLLOW_PARENT	
pwa-install-banner	Banner Disappears Permanently After Installation	1	46a3f6dc	App installed confirmed manually (iOS)	FOLLOW_PARENT	
pwa-install-banner	Session-Level Dismiss	0	27f37f85	User taps the close button	FOLLOW_PARENT	
pwa-install-banner	Session-Level Dismiss	1	010ddd80	Banner reappears on next session	FOLLOW_PARENT	
pwa-install-banner	Session-Level Dismiss	2	461e2ef0	Session dismiss is NOT a permanent suppression	FOLLOW_PARENT	
pwa-install-banner	Banner Suppressed While PostSignupDialog Is Open	0	34b380e9	PostSignupDialog open — banner hidden	FOLLOW_PARENT	
pwa-install-banner	Banner Suppressed While PostSignupDialog Is Open	1	e354a930	PostSignupDialog closed — banner visible	FOLLOW_PARENT	
pwa-install-banner	Banner Visual Presentation	0	f7c18c5a	Banner is fixed at the bottom above the nav bar	FOLLOW_PARENT	
pwa-install-banner	Banner Visual Presentation	1	c5ff6d4b	Banner frosted glass and gradient border	FOLLOW_PARENT	
pwa-install-banner	Banner Visual Presentation	2	17ffb650	CTA button glow pulse animation	FOLLOW_PARENT	
pwa-install-banner	Banner Visual Presentation	3	7ac3806b	Reduced motion — no animation	FOLLOW_PARENT	
pwa-install-banner	Banner Visual Presentation	4	578c0ddf	Banner slides in on appearance	FOLLOW_PARENT	
pwa-install-banner	Banner Accessibility	0	422f1248	Banner element has an accessible label	FOLLOW_PARENT	
pwa-install-banner	Banner Accessibility	1	e416cb40	Close button has an accessible name	FOLLOW_PARENT	
pwa-install-banner	Banner Accessibility	2	f327a3de	Banner is removed from DOM when hidden	FOLLOW_PARENT	
pwa-install-banner	PwaInstallService Banner Visibility API	0	734b48b3	shouldShowInstallBanner is true for Chrome/Edge non-installed users	FOLLOW_PARENT	
pwa-install-banner	PwaInstallService Banner Visibility API	1	4addddb2	shouldShowInstallBanner is true for iOS non-installed users	FOLLOW_PARENT	
pwa-install-banner	PwaInstallService Banner Visibility API	2	e881a487	shouldShowInstallBanner becomes false on appinstalled	FOLLOW_PARENT	
pwa-install-banner	PwaInstallService Banner Visibility API	3	6603e46e	confirmInstalled marks the app as installed	FOLLOW_PARENT	
pwa-update-lifecycle	The SPA SHALL register its Service Worker via `virtual:pwa-register`	0	5f73331f	SW is registered via virtual module in production	FOLLOW_PARENT	
pwa-update-lifecycle	The SPA SHALL register its Service Worker via `virtual:pwa-register`	1	be1be296	SW registration is skipped in dev mode	FOLLOW_PARENT	
pwa-update-lifecycle	The Service Worker SHALL handle `SKIP_WAITING` messages and claim clients on activate	0	2a6d49e7	SW activates on SKIP_WAITING message	FOLLOW_PARENT	
pwa-update-lifecycle	The Service Worker SHALL handle `SKIP_WAITING` messages and claim clients on activate	1	f071d115	SW claims open clients on activate	FOLLOW_PARENT	
pwa-update-lifecycle	The SPA SHALL show a persistent update toast when a waiting SW is detected after user interaction	0	ebab4d18	Update toast shown after user interaction	FOLLOW_PARENT	
pwa-update-lifecycle	The SPA SHALL show a persistent update toast when a waiting SW is detected after user interaction	1	9373df62	Tapping the update action triggers reload	FOLLOW_PARENT	
pwa-update-lifecycle	The SPA SHALL show a persistent update toast when a waiting SW is detected after user interaction	2	7adb9948	No duplicate reloads (reloop guard)	FOLLOW_PARENT	
pwa-update-lifecycle	The SPA SHALL apply a waiting SW silently on boot before user interaction	0	e2243272	Silent apply on first load with a waiting SW	FOLLOW_PARENT	
pwa-update-lifecycle	The SPA SHALL apply a waiting SW silently on boot before user interaction	1	88903765	Toast shown when update detected after interaction has begun	FOLLOW_PARENT	
pwa-update-lifecycle	The SPA SHALL trigger SW update checks on boot and on page resume	0	ec2337ce	Update check on registration	FOLLOW_PARENT	
pwa-update-lifecycle	The SPA SHALL trigger SW update checks on boot and on page resume	1	3590cbef	Update check on resume	FOLLOW_PARENT	
pwa-update-lifecycle	The update action button SHALL be visually prominent	0	f2678c81	Action button appears as a pill with pulse animation	FOLLOW_PARENT	
pwa-update-lifecycle	The update action button SHALL be visually prominent	1	b30ccbad	Animation is suppressed under reduced motion	FOLLOW_PARENT	
rpc-auth-scoping	Explicit user_id in authenticated per-user RPC bodies	0	71d1eed9	Matching user_id passes authorization	FOLLOW_PARENT	
rpc-auth-scoping	Explicit user_id in authenticated per-user RPC bodies	1	a464b2a9	Mismatched user_id is rejected	FOLLOW_PARENT	
rpc-auth-scoping	Explicit user_id in authenticated per-user RPC bodies	2	da77ff95	Missing user_id is rejected	FOLLOW_PARENT	
rpc-auth-scoping	Explicit user_id in authenticated per-user RPC bodies	3	33fddd4e	Unauthenticated request is rejected before user_id check	FOLLOW_PARENT	
rpc-auth-scoping	Creation RPCs are exempt from the user_id convention	0	911a7d47	User creation does not require user_id	FOLLOW_PARENT	
rpc-auth-scoping	Shared JWT-match helper	0	69b42f10	Handlers reuse the shared helper	FOLLOW_PARENT	
rpc-auth-scoping	Shared JWT-match helper	1	10087eed	Helper is discoverable	FOLLOW_PARENT	
sales-phase	SalesPhase Entity	0	195e7056	SalesPhase data model	FOLLOW_PARENT	
sales-phase	SalesPhase Entity	1	6825b627	Phase applies to the whole series	FOLLOW_PARENT	
sales-phase	SalesPhase Identity	0	897e23fb	SalesPhaseId format	FOLLOW_PARENT	
sales-phase	Sales Method and Channel Classification	0	6243c928	SalesMethod values	FOLLOW_PARENT	
sales-phase	Sales Method and Channel Classification	1	d83177ae	SalesChannel values	FOLLOW_PARENT	
sales-phase	Sales Method and Channel Classification	2	c9d28974	Sequence captures round ordinal	FOLLOW_PARENT	
sales-phase	Timeline Fields Are Nullable Except the Start	0	004833f0	Start known, later milestones not yet announced	FOLLOW_PARENT	
sales-phase	Best-Effort Stable Phase Identity	0	b0aa4443	Re-extraction converges to one row	FOLLOW_PARENT	
sales-phase	Best-Effort Stable Phase Identity	1	4315db0b	Reclassification does not duplicate	FOLLOW_PARENT	
sales-phase	Best-Effort Stable Phase Identity	2	66c2316c	Distinct windows stay separate	FOLLOW_PARENT	
sales-phase	Persist Only Phases With a Known Start	0	2389f712	Phase without a known start is dropped	FOLLOW_PARENT	
sales-phase	Persist Only Phases With a Known Start	1	a902c2ec	Phase with a known start is persisted	FOLLOW_PARENT	
sales-phase	SalesPhase Database Schema	0	c236d646	Table structure	FOLLOW_PARENT	
sales-phase-discovery	Dedicated Sales-Phase Searcher	0	74c84f43	Search sales phases for a series	FOLLOW_PARENT	
sales-phase-discovery	Dedicated Sales-Phase Searcher	1	c210ddff	No covered-event resolution	FOLLOW_PARENT	
sales-phase-discovery	Dedicated Sales-Phase Searcher	2	a5cc11c9	One call per series	FOLLOW_PARENT	
sales-phase-discovery	Verbatim Extraction Discipline	0	82ff7b59	Verbatim extract then coerce	FOLLOW_PARENT	
sales-phase-discovery	Verbatim Extraction Discipline	1	8fe037b1	No actionable data found	FOLLOW_PARENT	
sales-phase-discovery	Scheduled Sales-Phase Discovery Job	0	89d57d42	Scheduled execution	FOLLOW_PARENT	
sales-phase-discovery	Scheduled Sales-Phase Discovery Job	1	9c585618	Idempotent re-run	FOLLOW_PARENT	
sales-phase-discovery	Scheduled Sales-Phase Discovery Job	2	d64fe4e1	Empty extraction does not delete	FOLLOW_PARENT	
sales-phase-discovery	Event-Driven Announcement on New Phase	0	fad99c9a	New phase announced to tracking fans	FOLLOW_PARENT	
sales-phase-discovery	Event-Driven Announcement on New Phase	1	05f755fd	Re-discovered phase is not re-announced	FOLLOW_PARENT	
sales-phase-discovery	Event-Driven Announcement on New Phase	2	472b9f6f	Announcement copy localized per recipient	FOLLOW_PARENT	
sales-phase-discovery	Play-guide sales are classified as プレイガイド even when general	0	8d906361	General on-sale sold via a named play guide	FOLLOW_PARENT	
sales-phase-discovery	Play-guide sales are classified as プレイガイド even when general	1	51f086a6	General on-sale with no named guide	FOLLOW_PARENT	
sales-phase-discovery	Lottery phases extract the application deadline and result date when published	0	f08d2cd7	Lottery with a published deadline and result date	FOLLOW_PARENT	
sales-phase-discovery	Lottery phases extract the application deadline and result date when published	1	7f1b3bd0	Lottery with no published result date	FOLLOW_PARENT	
sales-reminders	Multi-Stage Reminder Scan	0	45a3233c	Reminder stages	FOLLOW_PARENT	
sales-reminders	Multi-Stage Reminder Scan	1	4dc6fa92	Scan cadence finer than tightest window	FOLLOW_PARENT	
sales-reminders	Multi-Stage Reminder Scan	2	8c7760b2	Lottery-result reminder fires on the morning of the result day	FOLLOW_PARENT	
sales-reminders	Multi-Stage Reminder Scan	3	b1000e1f	Milestones already past when a phase is first seen are not fired	FOLLOW_PARENT	
sales-reminders	Multi-Stage Reminder Scan	4	757ab298	Null milestone produces no reminder	FOLLOW_PARENT	
sales-reminders	Multi-Stage Reminder Scan	5	b78ef934	Payment deadline is not a reminder stage	FOLLOW_PARENT	
sales-reminders	Reminder Audience	0	d78c6c75	Resolve audience from tracking journeys	FOLLOW_PARENT	
sales-reminders	Reminder Audience	1	ffe291b9	Non-tracking fans are not targeted	FOLLOW_PARENT	
sales-reminders	Once-Only Delivery	0	2bae608b	Duplicate scan does not resend	FOLLOW_PARENT	
sales-reminders	Quiet Hours	0	20d7a1ee	Non-deadline reminder defers to morning	FOLLOW_PARENT	
sales-reminders	Quiet Hours	1	f3925a77	Deadline reminder shifts but never past the deadline	FOLLOW_PARENT	
sales-reminders	Quiet Hours	2	c655c632	Timezone fallback	FOLLOW_PARENT	
sales-reminders	Notification Content	0	fd2d6f07	Payload fields per stage	FOLLOW_PARENT	
sales-reminders	Reminder Delivery Reuses Web Push	0	3d90be47	Send via existing sender	FOLLOW_PARENT	
schema-lint	SERIAL and BIGSERIAL detection	0	4b0437f3	Schema contains SERIAL column	FOLLOW_PARENT	
schema-lint	SERIAL and BIGSERIAL detection	1	9fe6ff11	Schema has no SERIAL columns	FOLLOW_PARENT	
schema-lint	Bare TIMESTAMP detection	0	0e34e696	Schema contains bare TIMESTAMP	FOLLOW_PARENT	
schema-lint	Bare TIMESTAMP detection	1	d3cf6adb	Schema uses TIMESTAMPTZ correctly	FOLLOW_PARENT	
schema-lint	Audit column detection	0	f549721b	Schema contains audit columns	FOLLOW_PARENT	
schema-lint	Audit column detection	1	f8769402	Schema has no audit columns	FOLLOW_PARENT	
schema-lint	VARCHAR detection	0	ca475ae3	Schema contains VARCHAR column	FOLLOW_PARENT	
schema-lint	VARCHAR detection	1	ba17857b	Schema uses TEXT with CHECK	FOLLOW_PARENT	
schema-lint	COMMENT ON TABLE coverage	0	5851d6c4	Table missing COMMENT ON TABLE	FOLLOW_PARENT	
schema-lint	COMMENT ON TABLE coverage	1	084558be	All tables have comments	FOLLOW_PARENT	
schema-lint	COMMENT ON COLUMN coverage	0	a477bef9	Table has missing column comments	FOLLOW_PARENT	
schema-lint	COMMENT ON COLUMN coverage	1	e647416f	All columns have comments	FOLLOW_PARENT	
schema-lint	Makefile integration	0	63024b45	make check runs schema lint	FOLLOW_PARENT	
schema-lint	Makefile integration	1	9362146b	make lint-schema runs standalone	FOLLOW_PARENT	
schema-lint	CI integration	0	58d599cf	PR modifies schema.sql	FOLLOW_PARENT	
schema-lint	CI integration	1	18509372	PR does not modify schema.sql	FOLLOW_PARENT	
schema-lint	Comment-line exclusion	0	ce4f33d3	Prohibited keyword appears only in comment	FOLLOW_PARENT	
schema-lint	Comment-line exclusion	1	42cddc32	Prohibited keyword appears in active SQL	FOLLOW_PARENT	
schema-lint	Database migration workflow includes schema lint	0	5eaf8eb5	make check target composition	FOLLOW_PARENT	
search-follow-absorption	Search result follow triggers bubble view transition and absorption animation	0	ee45cb2e	Follow from search triggers absorption	FOLLOW_PARENT	
search-follow-absorption	Search result follow triggers bubble view transition and absorption animation	1	c43419f7	Search input is cleared after follow	FOLLOW_PARENT	
search-follow-absorption	Search result follow triggers bubble view transition and absorption animation	2	3e38356d	Follow failure rolls back and stays in search mode	FOLLOW_PARENT	
secret-management	GCP Secret Manager provisioning	0	f6a33995	LASTFM_API_KEY secret creation	FOLLOW_PARENT	
secret-management	GCP Secret Manager provisioning	1	580347a3	Secret version provisioning	FOLLOW_PARENT	
secret-management	IAM access control for secrets	0	bf576671	Backend service account secret access	FOLLOW_PARENT	
secret-management	IAM access control for secrets	1	02d9cec4	Least privilege enforcement	FOLLOW_PARENT	
secret-management	External Secrets Operator deployment	0	cf298597	ESO controller availability	FOLLOW_PARENT	
secret-management	External Secrets Operator deployment	1	7dee9355	ESO CRDs installed	FOLLOW_PARENT	
secret-management	ClusterSecretStore configuration	0	9c0f8f04	ClusterSecretStore creation	FOLLOW_PARENT	
secret-management	ClusterSecretStore configuration	1	75732725	ClusterSecretStore health	FOLLOW_PARENT	
secret-management	ExternalSecret for backend secrets	0	7d2fa424	ExternalSecret syncs LASTFM_API_KEY	FOLLOW_PARENT	
secret-management	ExternalSecret for backend secrets	1	68b80b53	ExternalSecret refresh interval	FOLLOW_PARENT	
secret-management	ExternalSecret for backend secrets	2	ffd3bb9d	Adding a new secret	FOLLOW_PARENT	
secret-management	Backend Deployment secret consumption	0	c2af54cf	Pod receives secret as environment variable	FOLLOW_PARENT	
secret-management	Backend Deployment secret consumption	1	736036d8	Pod startup failure on missing secret	FOLLOW_PARENT	
secret-management	Postmark Server API Token in Pulumi ESC	0	e20dec22	Setting dev Postmark token	FOLLOW_PARENT	
secret-management	Postmark Server API Token in Pulumi ESC	1	77cd795e	Setting prod Postmark token	FOLLOW_PARENT	
secret-management	Postmark Server API Token in Pulumi ESC	2	40d81a45	Credentials are not in GCP Secret Manager	FOLLOW_PARENT	
secret-management	Secret rotation propagation	0	6226b5b6	Rotation triggers pod restart	FOLLOW_PARENT	
secret-management	Secret rotation propagation	1	279cf838	Zero-downtime rotation	FOLLOW_PARENT	
semantic-dom	Semantic HTML element usage	0	b01e02c9	Dialog elements for overlays	FOLLOW_PARENT	
semantic-dom	Semantic HTML element usage	1	c8e068fc	Footer for action groups	FOLLOW_PARENT	
semantic-dom	Semantic HTML element usage	2	3203e4ee	No unnecessary div wrappers	FOLLOW_PARENT	
semantic-dom	Minimal div nesting depth	0	a33b25c9	Nesting depth check	FOLLOW_PARENT	
semantic-dom	Dialog consolidation to bottom-sheet CE	0	d48d39bd	Existing dialog components migrated	FOLLOW_PARENT	
semantic-dom	Dialog consolidation to bottom-sheet CE	1	04ebecc0	Route-local dialogs eliminated	FOLLOW_PARENT	
semantic-dom	Prompt consolidation to toast CE	0	4567db37	Existing prompt components migrated	FOLLOW_PARENT	
settings	My Home Area Preference	0	cbafb227	Opening home area selector	FOLLOW_PARENT	
settings	My Home Area Preference	1	576ccb2e	Dialog backdrop and dismiss	FOLLOW_PARENT	
settings	My Home Area Preference	2	8caf8dc7	Dialog open/close animation	FOLLOW_PARENT	
settings	My Home Area Preference	3	9ead8051	Changing home area	FOLLOW_PARENT	
settings	My Home Area Preference	4	e7e6caeb	My Home Area displays from backend User entity	FOLLOW_PARENT	
settings	Push Notification Toggle	0	10689578	Toggle state on page load — subscribed on this browser	FOLLOW_PARENT	
settings	Push Notification Toggle	1	45b76134	Toggle state on page load — not subscribed on this browser	FOLLOW_PARENT	
settings	Push Notification Toggle	2	e058bc12	Toggle state on page load — browser has subscription but backend does not (self-heal)	FOLLOW_PARENT	
settings	Push Notification Toggle	3	f0a2bfc2	Toggling notifications ON	FOLLOW_PARENT	
settings	Push Notification Toggle	4	0d4b4589	Toggling notifications OFF (this browser only)	FOLLOW_PARENT	
settings	Push Notification Toggle	5	2706350f	Toggle state is not cached in localStorage	FOLLOW_PARENT	
settings	About Section	0	101b6b4b	Legal links	FOLLOW_PARENT	
settings	Language Preference	0	74af2dd6	Displaying language option	FOLLOW_PARENT	
settings	Language Preference	1	15fb1aa4	Displaying language option before backfill completes	FOLLOW_PARENT	
settings	Language Preference	2	b58b11e8	Changing language	FOLLOW_PARENT	
settings	Language Preference	3	89ca2128	Language change RPC failure	FOLLOW_PARENT	
settings	Language Preference	4	d48429c6	Re-selecting the current language is a no-op	FOLLOW_PARENT	
settings	Sign Out	0	c569a3cd	Sign out action	FOLLOW_PARENT	
settings	Sign Out	1	752426cd	Sign out hidden for guests	FOLLOW_PARENT	
settings	Guest-Adaptive Account Section	0	cabb14d5	Guest sees a prominent sign-in hero at the top	FOLLOW_PARENT	
settings	Guest-Adaptive Account Section	1	de27cd08	Authenticated user sees account controls and no guest hero	FOLLOW_PARENT	
settings	Guest Language Preference	0	8d584ce0	Guest changes language	FOLLOW_PARENT	
settings	Guest Language Preference	1	fed5abc1	Selector highlight follows the active locale for guests	FOLLOW_PARENT	
settings	Guest Language Preference	2	d3820a2f	Guest home area sourced from the user store	FOLLOW_PARENT	
settings	Settings Page Layout and Scroll	0	5a6c6828	First preferences row is visible on load	FOLLOW_PARENT	
settings	Settings Page Layout and Scroll	1	0ef16e76	Section list scrolls within the content area	FOLLOW_PARENT	
settings	Settings Page Layout and Scroll	2	b5102c42	Content track item can shrink	FOLLOW_PARENT	
settings	Toggle Control Layout Integrity	0	62c9d225	Toggle paired with a long multi-line description	FOLLOW_PARENT	
settings	Toggle Control Layout Integrity	1	282c15a1	Toggle vertical alignment against multi-line content	FOLLOW_PARENT	
settings	Expandable Toggle Description	0	2ccdb7fa	Collapsed description with expand affordance	FOLLOW_PARENT	
settings	Expandable Toggle Description	1	77be300d	Expanding and collapsing the description	FOLLOW_PARENT	
settings	Expandable Toggle Description	2	3cae7b95	Switch remains operable and accessibly separate	FOLLOW_PARENT	
settings	Expandable Toggle Description	3	33afde01	No expand affordance when nothing to expand	FOLLOW_PARENT	
settings	Privacy & Analytics Consent Toggle Labeling	0	88f32430	Product-analytics toggle is purpose-labeled	FOLLOW_PARENT	
settings	Privacy & Analytics Consent Toggle Labeling	1	0ba589c6	Marketing-measurement toggle is purpose-labeled (not geography)	FOLLOW_PARENT	
settings	Privacy & Analytics Consent Toggle Labeling	2	daeeb5e5	Settings opt-out persists for a purpose granted at signup	FOLLOW_PARENT	
settings	Platform-Conditional Sound Effects Hint	0	e860e0a4	iOS device shows the iOS hint	FOLLOW_PARENT	
settings	Platform-Conditional Sound Effects Hint	1	36c90542	Non-iOS device does not show the iOS hint	FOLLOW_PARENT	
settings	Language Selector Single-Select Semantics	0	ecd50899	Language options form a radiogroup	FOLLOW_PARENT	
settings	Language Selector Single-Select Semantics	1	088aeecc	Selected language is announced	FOLLOW_PARENT	
settings	Home Area Selected-State Indicator	0	0be84c05	Current home area is highlighted	FOLLOW_PARENT	
settings	Settings Async Status Live Region	0	90616dce	Resend-verification status is announced	FOLLOW_PARENT	
settings	Toggle Hint Association And Disabled Push Row	0	84efd3b0	Toggle hint associated via aria-describedby	FOLLOW_PARENT	
settings	Toggle Hint Association And Disabled Push Row	1	07596bda	VAPID-unavailable push row stays discoverable	FOLLOW_PARENT	
settings	Settings Group List Semantics	0	b62ea587	Cards expose list semantics	FOLLOW_PARENT	
settings	Email And Verification Badge Association	0	2d237464	Badge associated with email and not color-only	FOLLOW_PARENT	
settings	Consent Toggle Observable Binding	0	971f9cca	Consent toggles reflect service state without a mirror	FOLLOW_PARENT	
settings	Consent Toggle Observable Binding	1	5a0eeac2	External consent change updates the toggles	FOLLOW_PARENT	
settings	Language Selection Sheet Dismiss And Error Surfacing	0	03b33f59	Sheet closes after successful change	FOLLOW_PARENT	
settings	Language Selection Sheet Dismiss And Error Surfacing	1	538240fb	Re-selecting the current language closes without an RPC	FOLLOW_PARENT	
settings	Language Selection Sheet Dismiss And Error Surfacing	2	c6e143aa	Non-ConnectError failure is surfaced	FOLLOW_PARENT	
settings	Settings Page Header Label	0	a0ba94d7	"Header reads ""Settings"" regardless of active locale"	FOLLOW_PARENT	
settings	Settings Page Header Label	1	0d0dbaba	Header shares the navigation tab label source	FOLLOW_PARENT	
shell-layout	Overlay elements excluded from grid flow	0	7ce17bd5	Bottom nav stays at viewport bottom	FOLLOW_PARENT	
shell-layout	Overlay elements excluded from grid flow	1	bf3924f1	Bottom nav and header stay pinned after a pull-to-refresh gesture	FOLLOW_PARENT	
shell-layout	Overlay elements excluded from grid flow	2	81927f76	Stage header stays fixed above scrollable content	FOLLOW_PARENT	
shell-layout	Overlay elements excluded from grid flow	3	f4f3e4fb	Scroll container is properly constrained	FOLLOW_PARENT	
shell-layout	Overlay elements excluded from grid flow	4	bd824db1	Overlay elements remain functional	FOLLOW_PARENT	
shell-layout	Dashboard uses semantic HTML structure	0	60d5fbf7	Date groups rendered as ordered list	FOLLOW_PARENT	
shell-layout	Dashboard uses semantic HTML structure	1	62812145	Stage lanes rendered as list items	FOLLOW_PARENT	
shell-layout	Dashboard uses semantic HTML structure	2	05d80f1b	Empty lanes display placeholder via CSS	FOLLOW_PARENT	
shell-layout	live-highway component eliminated	0	5e470427	Event selection handled by dashboard	FOLLOW_PARENT	
shell-layout	live-highway component eliminated	1	7e19a3e1	Loading and empty states managed by promise.bind	FOLLOW_PARENT	
shell-layout	Document root is a non-scrolling frame	0	05ed977b	Root elements do not scroll	FOLLOW_PARENT	
shell-layout	Document root is a non-scrolling frame	1	3cfea561	Overscroll gesture does not chain to the document	FOLLOW_PARENT	
shell-layout	Document root is a non-scrolling frame	2	27107a7e	Inner scroll container contains its overscroll	FOLLOW_PARENT	
signup-prompt-banner	Guest Signup Prompt Banner	0	be115f79	Banner copy — Japanese	FOLLOW_PARENT	
signup-prompt-banner	Guest Signup Prompt Banner	1	cc72a2f4	Banner copy — English	FOLLOW_PARENT	
signup-prompt-banner	Signup Banner on My Artists	0	7f5cc272	Banner appears for guest user during onboarding	FOLLOW_PARENT	
signup-prompt-banner	Signup Banner on My Artists	1	3aafdb53	Banner appears for guest user after onboarding	FOLLOW_PARENT	
signup-prompt-banner	Signup Banner on My Artists	2	21118d64	Banner not shown for authenticated users	FOLLOW_PARENT	
signup-prompt-banner	Signup Banner on My Artists	3	cde16ed4	Banner disappears after signup	FOLLOW_PARENT	
signup-prompt-banner	Signup Banner on Dashboard	0	61154bff	Banner appears on dashboard for unauthenticated users	FOLLOW_PARENT	
signup-prompt-banner	Signup Banner on Dashboard	1	3d7342e1	Banner not shown during onboarding steps 1-4	FOLLOW_PARENT	
signup-prompt-banner	Signup Banner on Dashboard	2	493fe182	Banner not shown for authenticated users on dashboard	FOLLOW_PARENT	
signup-prompt-banner	Shared Banner Component	0	4ecdd82a	Component renders consistently	FOLLOW_PARENT	
signup-prompt-banner	Shared Banner Component	1	8e1b3d4b	No dismiss control	FOLLOW_PARENT	
signup-prompt-banner	Shared Banner Component	2	7e06ce6b	Banner has frosted glass background	FOLLOW_PARENT	
signup-prompt-banner	Shared Banner Component	3	f7eedb7d	CTA button has glow pulse animation	FOLLOW_PARENT	
signup-prompt-banner	Shared Banner Component	4	95ce3547	CTA button has no animation for reduced motion	FOLLOW_PARENT	
signup-prompt-banner	Shared Banner Component	5	1df84b75	Banner slides in on appearance	FOLLOW_PARENT	
signup-prompt-banner	Shared Banner Component	6	bdefa8bf	Banner appears instantly for reduced motion	FOLLOW_PARENT	
signup-prompt-banner	Dashboard auth guard for journey fetch	0	56a52cfc	Journey data skipped for unauthenticated users	FOLLOW_PARENT	
signup-prompt-banner	Dashboard auth guard for journey fetch	1	0d04eb6d	Journey data fetched for authenticated users	FOLLOW_PARENT	
state-management	OnboardingService as singleton state owner	0	fbe4f311	Step property is observable	FOLLOW_PARENT	
state-management	OnboardingService as singleton state owner	1	c026b203	Spotlight properties are plain	FOLLOW_PARENT	
state-management	OnboardingService as singleton state owner	2	e721f306	Callback properties preserved	FOLLOW_PARENT	
state-management	GuestService as singleton state owner	0	af265ff0	Follow an artist	FOLLOW_PARENT	
state-management	GuestService as singleton state owner	1	0eeb6438	Follow duplicate artist	FOLLOW_PARENT	
state-management	GuestService as singleton state owner	2	451f4490	Unfollow an artist	FOLLOW_PARENT	
state-management	GuestService as singleton state owner	3	5d9c6238	Set user home	FOLLOW_PARENT	
state-management	GuestService as singleton state owner	4	e52a3201	Clear all guest data	FOLLOW_PARENT	
state-management	GuestService as singleton state owner	5	c761f83a	followedCount getter	FOLLOW_PARENT	
state-management	GuestService as singleton state owner	6	da3e5180	listFollowed projection	FOLLOW_PARENT	
state-management	GuestService as singleton state owner	7	eeea010e	Home accessed as property	FOLLOW_PARENT	
state-management	GuestFollow type in entities	0	ed23a737	GuestFollow structure	FOLLOW_PARENT	
state-management	Service-level persistence via propertyChanged	0	586671fe	Onboarding step persisted on change	FOLLOW_PARENT	
state-management	Service-level persistence via propertyChanged	1	b425a818	Guest follows persisted after mutation	FOLLOW_PARENT	
state-management	Service-level persistence via propertyChanged	2	0367e70d	Guest home persisted on change	FOLLOW_PARENT	
state-management	Service hydration from localStorage	0	45fbd2b3	OnboardingService hydrates step	FOLLOW_PARENT	
state-management	Service hydration from localStorage	1	e9a4ee3a	GuestService hydrates follows and home	FOLLOW_PARENT	
state-management	Service hydration from localStorage	2	0f9ec9e1	No spurious persistence on hydration	FOLLOW_PARENT	
state-management	Service hydration from localStorage	3	9fe1d5dc	Invalid or unrecognized step in localStorage	FOLLOW_PARENT	
state-management	Simplified guest-storage POJO-only serialization	0	de13764b	Save follows	FOLLOW_PARENT	
state-management	Simplified guest-storage POJO-only serialization	1	e25860f8	Load follows with valid data	FOLLOW_PARENT	
state-management	Simplified guest-storage POJO-only serialization	2	df6b3afc	Load follows with invalid data	FOLLOW_PARENT	
state-management	Simplified guest-storage POJO-only serialization	3	f6d72d78	No legacy format support	FOLLOW_PARENT	
state-management	OnboardingStep string values	0	0c8baa29	Step values	FOLLOW_PARENT	
state-management	OnboardingStep string values	1	776ad8a5	Step ordering	FOLLOW_PARENT	
state-management	OnboardingStep string values	2	bd09ee09	Onboarding detection	FOLLOW_PARENT	
state-management	FollowServiceClient as follow state SSoT	0	29cf1923	Hydrate from guest state	FOLLOW_PARENT	
state-management	FollowServiceClient as follow state SSoT	1	f4e07ffb	Follow an artist (guest)	FOLLOW_PARENT	
state-management	FollowServiceClient as follow state SSoT	2	aada28fb	Follow an artist (authenticated)	FOLLOW_PARENT	
state-management	FollowServiceClient as follow state SSoT	3	33b3a1cf	Duplicate follow is no-op	FOLLOW_PARENT	
state-management	FollowServiceClient as follow state SSoT	4	00191d24	followedIds derivation	FOLLOW_PARENT	
state-management	ConcertServiceClient concert search and tracking	0	36262ad7	searchAndTrack initiates backend search	FOLLOW_PARENT	
state-management	ConcertServiceClient concert search and tracking	1	2118c6c7	searchAndTrack for already-tracked artist is no-op	FOLLOW_PARENT	
state-management	ConcertServiceClient concert search and tracking	2	48e48e2f	Poll detects search completion	FOLLOW_PARENT	
state-management	ConcertServiceClient concert search and tracking	3	d1aedbf6	Poll detects search failure	FOLLOW_PARENT	
state-management	ConcertServiceClient concert search and tracking	4	c67122aa	Per-artist timeout	FOLLOW_PARENT	
state-management	ConcertServiceClient concert search and tracking	5	ca1636dd	Early polling stop at target	FOLLOW_PARENT	
state-management	ConcertServiceClient concert search and tracking	6	7f59e396	All searches complete stops polling	FOLLOW_PARENT	
state-management	ConcertServiceClient concert search and tracking	7	e273af97	AbortSignal cancels polling	FOLLOW_PARENT	
state-management	ConcertServiceClient concert search and tracking	8	36e4b3e0	artistsWithConcertsCount getter	FOLLOW_PARENT	
state-management	Single DI access path	0	bbd251a9	No direct store access	FOLLOW_PARENT	
state-transition-diagram	Onboarding is a one-way latched boolean	0	74182395	New user defaults to onboarding	FOLLOW_PARENT	
state-transition-diagram	Onboarding is a one-way latched boolean	1	f98f2ef5	Meaningful dashboard arrival latches completion	FOLLOW_PARENT	
state-transition-diagram	Onboarding is a one-way latched boolean	2	5d92e8af	Zero-follow dashboard arrival does not latch	FOLLOW_PARENT	
state-transition-diagram	Onboarding is a one-way latched boolean	3	e95e6596	Sign-up is an idempotent completion backstop	FOLLOW_PARENT	
state-transition-diagram	Onboarding is a one-way latched boolean	4	99bd1304	Completion is one-way	FOLLOW_PARENT	
state-transition-diagram	Onboarding is a one-way latched boolean	5	a7ca7ad4	Legacy onboardingStep is migrated on load	FOLLOW_PARENT	
state-transition-diagram	Coach mark is an independent, non-blocking hint	0	1fae778c	Coach mark activates when thresholds cross	FOLLOW_PARENT	
state-transition-diagram	Coach mark is an independent, non-blocking hint	1	04d7f940	Coach mark deactivates on tap or route detach	FOLLOW_PARENT	
state-transition-diagram	Coach mark is an independent, non-blocking hint	2	ca3aa608	Coach mark does not block interaction	FOLLOW_PARENT	
state-transition-diagram	Guest data accumulates before signup and clears after merge	0	075ef9b4	guest/follow is idempotent	FOLLOW_PARENT	
state-transition-diagram	Guest data accumulates before signup and clears after merge	1	a330e3aa	guest/follow appends a new artist	FOLLOW_PARENT	
state-transition-diagram	Guest data accumulates before signup and clears after merge	2	bdf13180	guest/unfollow removes an entry	FOLLOW_PARENT	
state-transition-diagram	Guest data accumulates before signup and clears after merge	3	a82625ae	guest/setUserHome sets the home code	FOLLOW_PARENT	
state-transition-diagram	Guest data accumulates before signup and clears after merge	4	6cef253e	guest/clearAll resets on merge or welcome	FOLLOW_PARENT	
storybook-component-testing	Presentational components have isolated stories	0	a45ecdc6	Presentational component renders in isolation	FOLLOW_PARENT	
storybook-component-testing	Presentational components have isolated stories	1	66dfb585	Distinct states are enumerated as stories	FOLLOW_PARENT	
storybook-component-testing	Presentational components have isolated stories	2	ade0c8e7	Route components are excluded	FOLLOW_PARENT	
storybook-component-testing	Component stories run as tests in CI	0	b6c2375d	Story render smoke test	FOLLOW_PARENT	
storybook-component-testing	Component stories run as tests in CI	1	a3553347	Interaction assertions are verified	FOLLOW_PARENT	
storybook-component-testing	Component stories run as tests in CI	2	ea379920	CI gate blocks on component-test failure	FOLLOW_PARENT	
storybook-component-testing	Component stories run as tests in CI	3	a3069b0b	Component tests are skipped when no relevant files change	FOLLOW_PARENT	
storybook-component-testing	Accessibility checks run on component stories	0	3bc401f0	Accessible component passes checks	FOLLOW_PARENT	
storybook-component-testing	Accessibility checks run on component stories	1	6c06643a	Accessibility violation fails the run	FOLLOW_PARENT	
storybook-component-testing	Component-level visual regression detects unintended changes	0	7b07b7d8	Unchanged component matches baseline	FOLLOW_PARENT	
storybook-component-testing	Component-level visual regression detects unintended changes	1	d9dba352	Visual drift fails the run	FOLLOW_PARENT	
storybook-component-testing	Component-level visual regression detects unintended changes	2	5d51a994	First run establishes baselines	FOLLOW_PARENT	
storybook-component-testing	A single visual-regression pipeline is maintained	0	1e994227	No duplicate visual pipelines after migration	FOLLOW_PARENT	
storybook-component-testing	Unit and component test suites are isolated but jointly gated	0	e593afb8	Suites run independently	FOLLOW_PARENT	
storybook-component-testing	Unit and component test suites are isolated but jointly gated	1	96e5a9f5	Both suites gate CI	FOLLOW_PARENT	
storybook-component-testing	Unit and component test suites are isolated but jointly gated	2	fad0e0e8	Unit coverage thresholds are preserved	FOLLOW_PARENT	
tap-press-feedback	Global button press feedback baseline	0	af4e167b	Plain button responds on press	FOLLOW_PARENT	
tap-press-feedback	Global button press feedback baseline	1	dfd053ae	Disabled button gives no feedback	FOLLOW_PARENT	
tap-press-feedback	Global button press feedback baseline	2	163939b3	Component-defined press feedback wins	FOLLOW_PARENT	
tap-press-feedback	Non-button primary tappables give press feedback	0	5a91c639	Bottom navigation tab responds on press	FOLLOW_PARENT	
tap-press-feedback	Non-button primary tappables give press feedback	1	3c15dbf8	Dashboard discover CTA responds on press	FOLLOW_PARENT	
tap-press-feedback	Non-button primary tappables give press feedback	2	486b40bb	Plain text links are exempt	FOLLOW_PARENT	
tap-press-feedback	List rows give press feedback	0	31165d08	Settings row responds on press	FOLLOW_PARENT	
tap-press-feedback	Reduced motion fallback for press feedback	0	88ef2956	Button press under reduced motion	FOLLOW_PARENT	
tap-press-feedback	Reduced motion fallback for press feedback	1	effe3ebb	Nav tab press under reduced motion	FOLLOW_PARENT	
tap-press-feedback	Touch activation reliability on iOS Safari	0	4600feae	Button satisfies the iOS activation rule	FOLLOW_PARENT	
tap-press-feedback	Touch activation reliability on iOS Safari	1	6665f658	Anchor tappables satisfy the iOS activation rule	FOLLOW_PARENT	
ticket-journey	Ticket Journey Entity	0	8e5b05a5	TicketJourney data model	FOLLOW_PARENT	
ticket-journey	Ticket Journey Entity	1	7d542999	TicketJourneyStatus enum values	FOLLOW_PARENT	
ticket-journey	Set Ticket Journey Status	0	7e4cd1cf	Set status on a new journey	FOLLOW_PARENT	
ticket-journey	Set Ticket Journey Status	1	720f8de9	Update status on an existing journey	FOLLOW_PARENT	
ticket-journey	Set Ticket Journey Status	2	c9b50c45	Any status transition is allowed	FOLLOW_PARENT	
ticket-journey	Set Ticket Journey Status	3	a389f4f1	Invalid status value rejected	FOLLOW_PARENT	
ticket-journey	Set Ticket Journey Status	4	8df555e5	Invalid event_id rejected	FOLLOW_PARENT	
ticket-journey	Set Ticket Journey Status	5	8cdf0598	Status set via ticket email confirmation	FOLLOW_PARENT	
ticket-journey	Set Ticket Journey Status	6	dcb2ffca	First-party issuance sets PAID	FOLLOW_PARENT	
ticket-journey	Delete Ticket Journey	0	cefa5a66	Delete an existing journey	FOLLOW_PARENT	
ticket-journey	Delete Ticket Journey	1	21167df2	Delete a non-existent journey	FOLLOW_PARENT	
ticket-journey	List Ticket Journeys by User	0	3d2159c9	User has journeys	FOLLOW_PARENT	
ticket-journey	List Ticket Journeys by User	1	7dde6ebd	User has no journeys	FOLLOW_PARENT	
ticket-journey	Ticket Journey Database Schema	0	872e7fc5	Table structure	FOLLOW_PARENT	
ticket-journey	Ticket Journey Database Schema	1	35095840	Upsert operation	FOLLOW_PARENT	
ticket-journey	Ticket Status UI visibility	0	e70bb869	Authenticated user sees Ticket Status section	FOLLOW_PARENT	
ticket-journey	Ticket Status UI visibility	1	963a9d20	Unauthenticated user does not see Ticket Status section	FOLLOW_PARENT	
ticket-journey	Ticket Status UI two-phase layout	0	5d4cf459	Process phase shows the pre-result sequence	FOLLOW_PARENT	
ticket-journey	Ticket Status UI two-phase layout	1	625b2a2e	Outcome phase stacks success above failure	FOLLOW_PARENT	
ticket-journey	Ticket Status cumulative progress display	0	612ad420	Passed states are marked completed	FOLLOW_PARENT	
ticket-journey	Ticket Status cumulative progress display	1	7e35e377	Future states are outlined	FOLLOW_PARENT	
ticket-journey	Ticket Status cumulative progress display	2	3193299a	Exactly one solid-filled node	FOLLOW_PARENT	
ticket-journey	Ticket Status selection contrast	0	59391f22	Selected LOST is clearly distinguishable	FOLLOW_PARENT	
ticket-journey	Ticket Status semantic color and non-color cues	0	2813536a	UNPAID is emphasized as action-required	FOLLOW_PARENT	
ticket-journey	Ticket Status semantic color and non-color cues	1	3330d21e	Meaning survives without color	FOLLOW_PARENT	
ticket-journey	Ticket Status outcome gating	0	58926bbc	Outcome dimmed before applied	FOLLOW_PARENT	
ticket-journey	Ticket Status outcome gating	1	1834ae14	Mutually exclusive routes	FOLLOW_PARENT	
ticket-journey	Ticket Status outcome gating	2	43e7f193	Any status remains settable	FOLLOW_PARENT	
ticket-journey	Ticket Status radiogroup accessibility	0	3fbbf819	Radiogroup semantics	FOLLOW_PARENT	
ticket-journey	Ticket Journey UI is independent of ticket sales	0	cda7cddc	Journey UI visible when ticket sales nav is hidden	FOLLOW_PARENT	
ticket-journey	Ticket Journey UI is independent of ticket sales	1	3851cb73	Journey UI does not depend on ticket purchase flow	FOLLOW_PARENT	
ticket-purchase-and-issuance	Issue from ④'s captured winning payment	0	af94826b	Order created from the captured winning payment	FOLLOW_PARENT	
ticket-purchase-and-issuance	Issue from ④'s captured winning payment	1	e0643ea3	⑤ performs no separate charge and does not own the capture webhook	FOLLOW_PARENT	
ticket-purchase-and-issuance	Issue from ④'s captured winning payment	2	a7a53ba2	No Won-captured, no Order	FOLLOW_PARENT	
ticket-purchase-and-issuance	Order record	0	59f3f046	Order is created already paid, referencing the captured payment	FOLLOW_PARENT	
ticket-purchase-and-issuance	Order record	1	912b300e	One Order spans the companion group	FOLLOW_PARENT	
ticket-purchase-and-issuance	Issue account-bound covered tickets on the captured win	0	c5474732	Tickets issued on the captured win	FOLLOW_PARENT	
ticket-purchase-and-issuance	Issue account-bound covered tickets on the captured win	1	0e6e25c5	Issued ticket carries all three covered-ticket conditions	FOLLOW_PARENT	
ticket-purchase-and-issuance	Issue account-bound covered tickets on the captured win	2	ae80ddb6	Verified identity binds the covered ticket where required	FOLLOW_PARENT	
ticket-purchase-and-issuance	Issue account-bound covered tickets on the captured win	3	31038a79	No issuance without the captured-win signal	FOLLOW_PARENT	
ticket-purchase-and-issuance	Idempotent issuance	0	ec5eb64d	Replayed captured-win signal issues exactly once	FOLLOW_PARENT	
ticket-purchase-and-issuance	Capture succeeded but issuance failed	0	908511e2	Post-capture issuance failure is reconciled	FOLLOW_PARENT	
ticket-purchase-and-issuance	Settlement and payout are delegated to ticket-settlement-and-payout	0	a86bce6b	⑤ does not perform the payout	FOLLOW_PARENT	
ticket-purchase-and-issuance	収納代行 scheme — discharge on payment + 代理受領権限	0	811c8974	Buyer obligation discharged at platform payment	FOLLOW_PARENT	
ticket-purchase-and-issuance	Refund taxonomy — cancellation vs postponement	0	89d184e8	Postponement offers a holder-initiated refund window	FOLLOW_PARENT	
ticket-purchase-and-issuance	Refund taxonomy — cancellation vs postponement	1	571557bf	Cancellation refunds the current holder	FOLLOW_PARENT	
ticket-purchase-and-issuance	Refund taxonomy — cancellation vs postponement	2	967d24df	Cancellation supersedes a live resale listing	FOLLOW_PARENT	
ticket-purchase-and-issuance	Refund taxonomy — cancellation vs postponement	3	7f712763	Postponement keeps tickets valid	FOLLOW_PARENT	
ticket-purchase-and-issuance	No stored card data (PCI SAQ A)	0	abd0ea98	Card data never reaches our systems	FOLLOW_PARENT	
toast-ce	Toast Custom Element	0	891d36c2	Basic open/close via bindable	FOLLOW_PARENT	
toast-ce	Toast Custom Element	1	c2a8c297	Fixed top positioning	FOLLOW_PARENT	
toast-ce	Toast Custom Element	2	9c373185	Slotted content	FOLLOW_PARENT	
toast-ce	Toast Custom Element	3	4c009198	Non-modal overlay	FOLLOW_PARENT	
toast-ce	Toast Custom Element	4	05f5c6b3	Entry/exit animation	FOLLOW_PARENT	
toast-ce	Toast Custom Element	5	024041d4	Toast closed event	FOLLOW_PARENT	
typography-focused-dashboard	Three-Lane Live Highway Layout	0	4fb7fbcf	Dashboard data loading uses promise.bind	FOLLOW_PARENT	
typography-focused-dashboard	Three-Lane Live Highway Layout	1	83ebb3ff	Dashboard displays empty state	FOLLOW_PARENT	
typography-focused-dashboard	Three-Lane Live Highway Layout	2	f8a9d25d	Dashboard silently displays cached data on refresh failure	FOLLOW_PARENT	
typography-focused-dashboard	Three-Lane Live Highway Layout	3	4ba5f4d5	Equal-width three-lane grid	FOLLOW_PARENT	
typography-focused-dashboard	Three-Lane Live Highway Layout	4	1aadd781	Festival-style color-coded STAGE headers	FOLLOW_PARENT	
typography-focused-dashboard	Three-Lane Live Highway Layout	5	1a1b6241	Lane 1 - HOME STAGE	FOLLOW_PARENT	
typography-focused-dashboard	Three-Lane Live Highway Layout	6	6d6c0310	Lane 2 - NEAR STAGE	FOLLOW_PARENT	
typography-focused-dashboard	Three-Lane Live Highway Layout	7	f3331e09	Lane 3 - AWAY STAGE	FOLLOW_PARENT	
typography-focused-dashboard	Three-Lane Live Highway Layout	8	a1068bf0	Dynamic artist name font sizing	FOLLOW_PARENT	
typography-focused-dashboard	Three-Lane Live Highway Layout	9	f4c51f1b	Stage-colored lane accents	FOLLOW_PARENT	
typography-focused-dashboard	Three-Lane Live Highway Layout	10	208d7455	Date separator gradient treatment	FOLLOW_PARENT	
unified-check-interface	Makefile with standard targets in every repo	0	18ee4bc4	Backend make lint	FOLLOW_PARENT	
unified-check-interface	Makefile with standard targets in every repo	1	49832fb7	Backend make fix	FOLLOW_PARENT	
unified-check-interface	Makefile with standard targets in every repo	2	d2442241	Backend make test	FOLLOW_PARENT	
unified-check-interface	Makefile with standard targets in every repo	3	6f929e95	Backend make test-integration	FOLLOW_PARENT	
unified-check-interface	Makefile with standard targets in every repo	4	8c46eeca	Backend make check	FOLLOW_PARENT	
unified-check-interface	Makefile with standard targets in every repo	5	1996d2e5	Frontend make lint	FOLLOW_PARENT	
unified-check-interface	Makefile with standard targets in every repo	6	c4bb4c23	Frontend make fix	FOLLOW_PARENT	
unified-check-interface	Makefile with standard targets in every repo	7	b30e614f	Frontend make test	FOLLOW_PARENT	
unified-check-interface	Makefile with standard targets in every repo	8	f449adf0	Frontend make check	FOLLOW_PARENT	
unified-check-interface	Makefile with standard targets in every repo	9	74cb6983	Specification make lint	FOLLOW_PARENT	
unified-check-interface	Makefile with standard targets in every repo	10	98567206	Specification make fix	FOLLOW_PARENT	
unified-check-interface	Makefile with standard targets in every repo	11	e5bc07c8	Specification make check	FOLLOW_PARENT	
unified-check-interface	Makefile with standard targets in every repo	12	74024bec	Cloud-provisioning make lint	FOLLOW_PARENT	
unified-check-interface	Makefile with standard targets in every repo	13	e5e640fc	Cloud-provisioning make lint-ts	FOLLOW_PARENT	
unified-check-interface	Makefile with standard targets in every repo	14	ea0fd2f2	Cloud-provisioning make fix	FOLLOW_PARENT	
unified-check-interface	Makefile with standard targets in every repo	15	27c15fd9	Cloud-provisioning make check	FOLLOW_PARENT	
unified-check-interface	CI workflows use Makefile targets	0	5779e93d	Backend CI lint job	FOLLOW_PARENT	
unified-check-interface	CI workflows use Makefile targets	1	903fe01f	Backend CI test job	FOLLOW_PARENT	
unified-check-interface	CI workflows use Makefile targets	2	e819fd02	Frontend CI lint job	FOLLOW_PARENT	
unified-check-interface	CI workflows use Makefile targets	3	a26cc3fd	Frontend CI test job	FOLLOW_PARENT	
unified-check-interface	CI workflows use Makefile targets	4	b3f10e84	Specification CI checks	FOLLOW_PARENT	
unified-check-interface	CI workflows use Makefile targets	5	6ea05230	Cloud-provisioning CI lint-ts job	FOLLOW_PARENT	
unified-check-interface	CI workflows use Makefile targets	6	4be5279b	Cloud-provisioning CI lint-k8s job	FOLLOW_PARENT	
usecase-test-coverage	TicketEmailUsecase Create Tests	0	dc9aacda	Create with valid lottery info email	FOLLOW_PARENT	
usecase-test-coverage	TicketEmailUsecase Create Tests	1	fa934c57	Create with valid lottery result email	FOLLOW_PARENT	
usecase-test-coverage	TicketEmailUsecase Create Tests	2	ace38a83	Create with invalid emailType	FOLLOW_PARENT	
usecase-test-coverage	TicketEmailUsecase Create Tests	3	65404a11	Create with empty rawBody	FOLLOW_PARENT	
usecase-test-coverage	TicketEmailUsecase Create Tests	4	ec5b7894	Create when parser returns error	FOLLOW_PARENT	
usecase-test-coverage	TicketEmailUsecase Create Tests	5	0a1324b3	Create when repository returns error	FOLLOW_PARENT	
usecase-test-coverage	TicketEmailUsecase Update Tests	0	955605ea	Update with valid data	FOLLOW_PARENT	
usecase-test-coverage	TicketEmailUsecase Update Tests	1	18b51ecc	Update with non-existent ID	FOLLOW_PARENT	
usecase-test-coverage	TicketEmailUsecase Update Tests	2	2c1927b7	Update with wrong userID (ownership check)	FOLLOW_PARENT	
usecase-test-coverage	TicketEmailUsecase Update Tests	3	22c7fb94	Update triggers journey status upsert	FOLLOW_PARENT	
usecase-test-coverage	TicketEmailUsecase Helper Tests	0	60bdc60b	buildNewTicketEmail constructs entity from parsed data	FOLLOW_PARENT	
usecase-test-coverage	TicketEmailUsecase Helper Tests	1	a5004d76	determineJourneyStatus with valid mapping	FOLLOW_PARENT	
usecase-test-coverage	TicketEmailUsecase Helper Tests	2	c766d26e	determineJourneyStatus with no mapping (default)	FOLLOW_PARENT	
usecase-test-coverage	ArtistImageSyncUsecase SyncArtistImage Tests	0	9d5bfb51	Sync with valid MBID	FOLLOW_PARENT	
usecase-test-coverage	ArtistImageSyncUsecase SyncArtistImage Tests	1	27d8da8a	Sync with empty MBID	FOLLOW_PARENT	
usecase-test-coverage	ArtistImageSyncUsecase SyncArtistImage Tests	2	f4f8d4fe	Sync when image resolver returns NotFound	FOLLOW_PARENT	
usecase-test-coverage	ArtistImageSyncUsecase SyncArtistImage Tests	3	37a4b9df	Sync when logo fetch fails	FOLLOW_PARENT	
usecase-test-coverage	ArtistImageSyncUsecase SyncArtistImage Tests	4	20eeaf1b	Sync when artist repository returns error	FOLLOW_PARENT	
usecase-test-coverage	Adapter mapper test coverage	0	a6295d25	Concert mapper tested	FOLLOW_PARENT	
usecase-test-coverage	Adapter mapper test coverage	1	4bb1c928	Follow mapper tested	FOLLOW_PARENT	
usecase-test-coverage	Adapter mapper test coverage	2	a9ad4068	Ticket mapper tested	FOLLOW_PARENT	
usecase-test-coverage	Adapter mapper test coverage	3	aea72087	TicketEmail mapper tested	FOLLOW_PARENT	
usecase-test-coverage	Adapter mapper test coverage	4	7689bed1	TicketJourney mapper tested	FOLLOW_PARENT	
usecase-test-coverage	Messaging layer test coverage	0	3b52bec5	CloudEvents message construction tested	FOLLOW_PARENT	
usecase-test-coverage	Messaging layer test coverage	1	8b071b56	Publisher fallback to GoChannel tested	FOLLOW_PARENT	
usecase-test-coverage	Messaging layer test coverage	2	85cf3723	Subscriber durable name generation tested	FOLLOW_PARENT	
usecase-test-coverage	User event consumer test coverage	0	d199adc1	User created event handled	FOLLOW_PARENT	
usecase-test-coverage	User event consumer test coverage	1	da14cb7d	Malformed event payload rejected	FOLLOW_PARENT	
usecase-test-coverage	Package utility test coverage	0	bf084d66	Haversine distance calculation tested	FOLLOW_PARENT	
usecase-test-coverage	Package utility test coverage	1	b6d7fbc0	API error mapping tested	FOLLOW_PARENT	
user-account-sync	User Account Provisioning on Signup	0	294b2881	Successful signup provisioning from tutorial	FOLLOW_PARENT	
user-account-sync	User Account Provisioning on Signup	1	aa59df29	Successful provisioning from Login link	FOLLOW_PARENT	
user-account-sync	User Account Provisioning on Signup	2	53612a78	Duplicate Create call returns the existing user idempotently	FOLLOW_PARENT	
user-account-sync	User Account Provisioning on Signup	3	d978da39	Cached userID is reused on subsequent boots	FOLLOW_PARENT	
user-account-sync	User Account Provisioning on Signup	4	a0cc499d	Cached userID is cleared on sign-out	FOLLOW_PARENT	
user-auth	Sign Up / Sign In	0	8beee373	Initiate Login from Landing Page	FOLLOW_PARENT	
user-auth	Sign Up / Sign In	1	b13b780e	Initiate Registration from Tutorial Step 6	FOLLOW_PARENT	
user-auth	Sign Up / Sign In	2	43a0505d	Handle Login Callback	FOLLOW_PARENT	
user-auth	Sign Up / Sign In	3	1713e382	Handle Registration Callback from Tutorial	FOLLOW_PARENT	
user-auth	Sign Up / Sign In	4	b32bcd85	Registration Callback API Failure	FOLLOW_PARENT	
user-auth	Sign Up / Sign In	5	4ac0e4c9	Registration Callback Duplicate User	FOLLOW_PARENT	
user-auth	Session Restoration on App Cold Start	0	487a480a	Reopen after access token expiry with valid refresh token	FOLLOW_PARENT	
user-auth	Session Restoration on App Cold Start	1	5d9a5517	Reopen after refresh token has expired	FOLLOW_PARENT	
user-auth	Session Restoration on App Cold Start	2	5d2346f2	Reopen within access token validity	FOLLOW_PARENT	
user-auth	Server-Side Session Monitoring Disabled	0	0591027c	Session monitoring is off regardless of environment	FOLLOW_PARENT	
user-home	User Home Area Data Model	0	cbc6cb48	Home message in Proto definition	FOLLOW_PARENT	
user-home	User Home Area Data Model	1	31059a07	Home field on User message	FOLLOW_PARENT	
user-home	User Home Area Data Model	2	49d42e7b	Home field in database	FOLLOW_PARENT	
user-home	User Home Area Data Model	3	9b450098	Home field in Go entity	FOLLOW_PARENT	
user-home	User Home Area Data Model	4	17d4fc33	Centroid populated at write time	FOLLOW_PARENT	
user-home	User Home Area Data Model	5	b7ea9c4e	Code system contract for level_2	FOLLOW_PARENT	
user-home	Create User with Home	0	03d74235	Create user with home provided	FOLLOW_PARENT	
user-home	Create User with Home	1	b62bbee0	Create user without home	FOLLOW_PARENT	
user-home	Update Home RPC	0	ebfabce9	Set home area	FOLLOW_PARENT	
user-home	Update Home RPC	1	757e3449	Invalid code values	FOLLOW_PARENT	
user-home	Update Home RPC	2	f665ebd3	Unauthenticated request	FOLLOW_PARENT	
user-home	Update Home RPC	3	ac376697	user_id does not match authenticated user	FOLLOW_PARENT	
user-home	Update Home RPC	4	f9ea4abf	Missing user_id	FOLLOW_PARENT	
user-home	Home included in User retrieval	0	006d5d4c	Get returns home	FOLLOW_PARENT	
user-home	Home included in User retrieval	1	819dc696	Get returns nil home	FOLLOW_PARENT	
user-home	Home included in User retrieval	2	f2f59a6c	Get rejects mismatched user_id	FOLLOW_PARENT	
user-home	Frontend home area persistence via RPC	0	08071aeb	Onboarding home area selection persisted at account creation	FOLLOW_PARENT	
user-home	Frontend home area persistence via RPC	1	0282f1e0	Settings home area change triggers UpdateHome RPC	FOLLOW_PARENT	
user-home	Frontend home area persistence via RPC	2	58ff45b0	Dashboard reads home from the user store	FOLLOW_PARENT	
user-home	Frontend home area persistence via RPC	3	935c816c	Settings reads home from the user store	FOLLOW_PARENT	
user-home	Frontend home area persistence via RPC	4	30a9343d	Guest home sourced from store-backed localStorage	FOLLOW_PARENT	
user-home	Frontend home area persistence via RPC	5	5c779cfa	Dashboard reloads data after authenticated home change	FOLLOW_PARENT	
user-home	Unified Home Area Selector Component	0	79b15401	Step 1 displays quick-select cities and regions	FOLLOW_PARENT	
user-home	Unified Home Area Selector Component	1	c433aed7	Quick-select city confirms immediately	FOLLOW_PARENT	
user-home	Unified Home Area Selector Component	2	e9bdf0cc	Region tap transitions to Step 2	FOLLOW_PARENT	
user-home	Unified Home Area Selector Component	3	1f4f7cfe	Prefecture selection in Step 2 confirms	FOLLOW_PARENT	
user-home	Unified Home Area Selector Component	4	6f9cd753	Caller owns persistence — authenticated home save	FOLLOW_PARENT	
user-home	Unified Home Area Selector Component	5	bcefe042	Caller owns persistence — guest home save	FOLLOW_PARENT	
user-home	Unified Home Area Selector Component	6	65fe74d9	Caller owns persistence — session-only override	FOLLOW_PARENT	
user-home	Unified Home Area Selector Component	7	1cdf0878	Current selection highlight via bindable prop	FOLLOW_PARENT	
user-home	Home area i18n namespace	0	09c30687	i18n key structure	FOLLOW_PARENT	
user-home	Home area i18n namespace	1	2cebbd17	Description copy explains what HOME STAGE displays and asks for residence	FOLLOW_PARENT	
user-language-preference	User Preferred Language Field on User Entity	0	8f816fb4	Preferred language present	FOLLOW_PARENT	
user-language-preference	User Preferred Language Field on User Entity	1	a6a57249	Preferred language unset (legacy or new row before backfill)	FOLLOW_PARENT	
user-language-preference	Create RPC Captures Preferred Language at Signup	0	8207e9cc	Successful Create persists the supplied language	FOLLOW_PARENT	
user-language-preference	Create RPC Captures Preferred Language at Signup	1	a0223987	Create accepts absent preferred_language for old clients	FOLLOW_PARENT	
user-language-preference	Create RPC Captures Preferred Language at Signup	2	dce6693a	Create rejects malformed preferred_language	FOLLOW_PARENT	
user-language-preference	Create RPC Captures Preferred Language at Signup	3	6fa0b678	Idempotent Create does NOT overwrite existing language	FOLLOW_PARENT	
user-language-preference	Create RPC Captures Preferred Language at Signup	4	ccb0a626	Create retry surfaces non-NotFound errors truthfully	FOLLOW_PARENT	
user-language-preference	Create RPC Captures Preferred Language at Signup	5	469080b3	Create retry treats NotFound as the email-collision case	FOLLOW_PARENT	
user-language-preference	UpdatePreferredLanguage RPC	0	36db0518	Successful language update	FOLLOW_PARENT	
user-language-preference	UpdatePreferredLanguage RPC	1	f43b54a9	Cross-user update is rejected	FOLLOW_PARENT	
user-language-preference	UpdatePreferredLanguage RPC	2	101d5d9d	Malformed language code is rejected	FOLLOW_PARENT	
user-language-preference	UpdatePreferredLanguage RPC	3	b13127bf	Unknown user is rejected	FOLLOW_PARENT	
user-language-preference	UpdatePreferredLanguage RPC	4	69c1034a	Unauthenticated request is rejected	FOLLOW_PARENT	
user-language-preference	"DB Column Semantics — NULL Means ""Not Yet Set by Client"""	0	1a65365d	New row from Create carries the client-supplied language	FOLLOW_PARENT	
user-language-preference	"DB Column Semantics — NULL Means ""Not Yet Set by Client"""	1	83283a65	New row from Create without language is NULL	FOLLOW_PARENT	
user-language-preference	"DB Column Semantics — NULL Means ""Not Yet Set by Client"""	2	6bada209	Legacy rows are NULL until backfilled	FOLLOW_PARENT	
user-language-preference	"DB Column Semantics — NULL Means ""Not Yet Set by Client"""	3	d00886e1	Column comment documents the semantics	FOLLOW_PARENT	
user-language-preference	Repository NULL-Safe Reads on Nullable users Columns	0	06ede076	Scan succeeds when a nullable column is NULL	FOLLOW_PARENT	
user-language-preference	Repository NULL-Safe Reads on Nullable users Columns	1	e5ea110e	Scan preserves the value when the nullable column has a value	FOLLOW_PARENT	
user-language-preference	Repository NULL-Safe Reads on Nullable users Columns	2	41570c1f	Write boundary helper round-trips empty string as SQL NULL	FOLLOW_PARENT	
user-language-preference	Repository NULL-Safe Reads on Nullable users Columns	3	e2a9cff3	Coverage extends to every currently-nullable users column	FOLLOW_PARENT	
user-language-preference	Guest Language as Observable Store State	0	0333e1d4	Guest language exposed as observable	FOLLOW_PARENT	
user-language-preference	Guest Language as Observable Store State	1	0e92c2dc	Unified resolution across auth states	FOLLOW_PARENT	
user-language-preference	UserStore Handles NULL Server Preferred Language	0	4ae180d5	NULL preferred_language surfaced and backfilled	FOLLOW_PARENT	
user-profile-hydration	User profile hydration at app startup	0	94892597	Authenticated page load or reload	FOLLOW_PARENT	
user-profile-hydration	User profile hydration at app startup	1	6f5cfaa2	Unauthenticated or guest startup	FOLLOW_PARENT	
user-profile-hydration	User profile hydration after auth callback	0	e4fbb5e1	Sign-in via auth callback	FOLLOW_PARENT	
user-profile-hydration	User profile hydration after auth callback	1	b4060f08	Sign-up via auth callback	FOLLOW_PARENT	
user-profile-hydration	Idempotent profile loading	0	e68f8295	Profile already loaded	FOLLOW_PARENT	
user-profile-hydration	Idempotent profile loading	1	a7c73af3	Profile not yet loaded	FOLLOW_PARENT	
user-profile-hydration	Graceful degradation on hydration failure	0	d6bbb527	Backend unreachable during startup hydration	FOLLOW_PARENT	
user-profile-hydration	Write-through on user mutation	0	e02a320b	Home area updated	FOLLOW_PARENT	
user-profile-hydration	Write-through on user mutation	1	dd53bb00	Preferred language updated	FOLLOW_PARENT	
user-profile-hydration	Apply Preferred Language to i18n After Hydration	0	03191ad5	Preferred language present in hydrated profile	FOLLOW_PARENT	
user-profile-hydration	Apply Preferred Language to i18n After Hydration	1	4b1819ad	Brief locale flicker on slow networks is acceptable	FOLLOW_PARENT	
user-profile-hydration	Backfill Preferred Language When Missing	0	6acf4c36	Hydrated profile has no preferred language	FOLLOW_PARENT	
user-profile-hydration	Backfill Preferred Language When Missing	1	207660c4	Backfill RPC failure is non-fatal	FOLLOW_PARENT	
user-profile-hydration	Remove Legacy localStorage Language Key After Authenticated Session Begins	0	46b8cd1a	Cleanup runs after authenticated session begins	FOLLOW_PARENT	
user-profile-hydration	Remove Legacy localStorage Language Key After Authenticated Session Begins	1	89b9b757	Cleanup is idempotent	FOLLOW_PARENT	
user-profile-hydration	Profile cleared on sign-out	0	40ed045b	User signs out	FOLLOW_PARENT	
venue-name-cache	Venue lookup by listed name before Places API call	0	79ccef9d	Venue found by listed name — API call skipped	FOLLOW_PARENT	
venue-name-cache	Venue lookup by listed name before Places API call	1	d5309cbc	Venue not found by listed name — resolution continues	FOLLOW_PARENT	
venue-name-cache	Venue lookup by listed name before Places API call	2	97d107f6	Listed name match is case-sensitive and exact	FOLLOW_PARENT	
venue-name-cache	Unique index on venue listed name and admin area	0	405d26ba	Duplicate listed name and admin area rejected	FOLLOW_PARENT	
venue-name-cache	Unique index on venue listed name and admin area	1	59c570f1	Same listed name with different admin area allowed	FOLLOW_PARENT	
venue-name-localization	Venue Name Display Respects User's Preferred Language	0	103b104e	Japanese user sees listed_venue_name when available	FOLLOW_PARENT	
venue-name-localization	Venue Name Display Respects User's Preferred Language	1	7c122dd3	Japanese user falls back to venue.name when listed_venue_name is absent	FOLLOW_PARENT	
venue-name-localization	Venue Name Display Respects User's Preferred Language	2	2dfd8ea3	English user sees venue.name when available	FOLLOW_PARENT	
venue-name-localization	Venue Name Display Respects User's Preferred Language	3	5505e571	English user falls back to listed_venue_name when venue.name is absent	FOLLOW_PARENT	
venue-name-localization	Venue Name Display Respects User's Preferred Language	4	55dc2ecc	Language parameter is injected into the mapper	FOLLOW_PARENT	
venue-normalization	Venue Resolution During Concert Creation	0	bf1d6ed4	Venue found by listed name in DB — API skipped	FOLLOW_PARENT	
venue-normalization	Venue Resolution During Concert Creation	1	1493bdbe	Venue found by listed name in batch-local cache — API skipped	FOLLOW_PARENT	
venue-normalization	Venue Resolution During Concert Creation	2	9344f9ef	Venue not in DB — Places API called	FOLLOW_PARENT	
venue-normalization	Venue Resolution During Concert Creation	3	8dd4ef30	Successful venue resolution via Places API	FOLLOW_PARENT	
venue-normalization	Venue Resolution During Concert Creation	4	2832e168	Venue already exists by place_id	FOLLOW_PARENT	
venue-normalization	Skip Unresolvable Venues	0	017ac26b	Places API returns NotFound	FOLLOW_PARENT	
venue-normalization	Skip Unresolvable Venues	1	765a689f	Places API returns a non-retryable error	FOLLOW_PARENT	
venue-normalization	PlaceSearcher Is Required	0	ce8bd757	Nil placeSearcher at startup	FOLLOW_PARENT	
venue-normalization	Idempotent venue get-or-create with place_id-authoritative identity	0	539bfda5	No existing venue — a new row is created	FOLLOW_PARENT	
venue-normalization	Idempotent venue get-or-create with place_id-authoritative identity	1	a4be5b62	Existing venue found by place_id	FOLLOW_PARENT	
venue-normalization	Idempotent venue get-or-create with place_id-authoritative identity	2	782a6977	place_id miss falls back to listed name and admin_area	FOLLOW_PARENT	
venue-normalization	Idempotent venue get-or-create with place_id-authoritative identity	3	841f3e2b	Concurrent create resolves to a single row	FOLLOW_PARENT	
venue-normalization	Idempotent venue get-or-create with place_id-authoritative identity	4	2c5e6370	Fallback lookup and insert use the same admin_area	FOLLOW_PARENT	
venue-normalization	Idempotent venue get-or-create with place_id-authoritative identity	5	662b76b1	NULL place_id backfilled, non-NULL never overwritten	FOLLOW_PARENT	
venue-normalization	Google Places API Request Includes Language Code	0	1f94ff1c	Japanese venue resolves with Japanese language code	FOLLOW_PARENT	
venue-normalization	Google Places API Request Includes Language Code	1	a9318600	Korean venue resolves with Korean language code	FOLLOW_PARENT	
venue-normalization	Google Places API Request Includes Language Code	2	f2a909eb	Unknown country defaults to English language code	FOLLOW_PARENT	
venue-normalization	Google Places API Request Includes Language Code	3	5ea7c5aa	Absent admin_area defaults to English language code	FOLLOW_PARENT	
venue-normalization	listed_venue_name Is Normalized Before Storage	0	4728c815	Prefecture prefix stripped before storage	FOLLOW_PARENT	
venue-normalization	listed_venue_name Is Normalized Before Storage	1	253b93d4	Whitespace-only listed_venue_name is rejected	FOLLOW_PARENT	
venue-normalization	listed_venue_name Is Normalized Before Storage	2	3ef3d29c	Already-normalized name is stored unchanged	FOLLOW_PARENT	
watermill-structured-logging	Watermill logs use structured JSON output	0	5e422e15	Watermill log appears as jsonPayload in GCP	FOLLOW_PARENT	
watermill-structured-logging	Watermill logs use structured JSON output	1	986c68ba	Watermill INFO log is not classified as ERROR	FOLLOW_PARENT	
watermill-structured-logging	Watermill and application logs share the same slog handler	0	44728e3d	Consistent log format between application and Watermill	FOLLOW_PARENT	
web-push-delivery-alerting	Alert on sustained push delivery failure	0	3598bb68	Delivery failure ratio breaches threshold	FOLLOW_PARENT	
web-push-delivery-alerting	Alert on sustained push delivery failure	1	fb930309	Healthy delivery does not alert	FOLLOW_PARENT	
web-push-delivery-alerting	Alert on active-subscription starvation	0	559c9b0a	Notifications generated with no deliverable subscriptions	FOLLOW_PARENT	
welcome-dashboard-preview	Live Dashboard Preview on Welcome Page	0	48115233	Preview loads with live data via ListWithProximity RPC	FOLLOW_PARENT	
welcome-dashboard-preview	Live Dashboard Preview on Welcome Page	1	75695c83	Fallback when artist has no concerts	FOLLOW_PARENT	
welcome-dashboard-preview	Live Dashboard Preview on Welcome Page	2	7ee72612	Preview is read-only	FOLLOW_PARENT	
welcome-dashboard-preview	Live Dashboard Preview on Welcome Page	3	d16a3858	Two-screen scroll-snap layout with hero-only Screen 1 and preview-with-CTA Screen 2	FOLLOW_PARENT	
welcome-dashboard-preview	Live Dashboard Preview on Welcome Page	4	9e4db1a5	Guest-friendly copy shown alongside preview	FOLLOW_PARENT	
welcome-dashboard-preview	Live Dashboard Preview on Welcome Page	5	21ffcaa1	Artist list is environment-configurable	FOLLOW_PARENT	
workload-naming-convention	Workload names follow the audience-tier scheme	0	34f045ba	Deriving a workload name from its audience and tier	FOLLOW_PARENT	
workload-naming-convention	Workload names follow the audience-tier scheme	1	da7073db	The JetStream worker uses the event-consumer tier	FOLLOW_PARENT	
workload-naming-convention	Workload names follow the audience-tier scheme	2	c37744c9	No legacy ad-hoc suffixes remain	FOLLOW_PARENT	
workload-naming-convention	Derived resources share the workload stem with uniform suffixes	0	e77c3360	Deriving bound resource names for a workload	FOLLOW_PARENT	
workload-naming-convention	Derived resources share the workload stem with uniform suffixes	1	be3085b7	The admin console ExternalSecret conforms	FOLLOW_PARENT	
workload-naming-convention	GCP identities and image repositories key off the same principal	0	5af7898d	Deriving GCP identity names for a workload	FOLLOW_PARENT	
workload-naming-convention	A canonical name mapping is the authoritative reference	0	bfa4e61e	The mapping enumerates every platform workload	FOLLOW_PARENT	
workload-naming-convention	Renames use an additive create-new then cutover then delete-old migration	0	71dfa2dc	Renaming a route-bound backend workload	FOLLOW_PARENT	
workload-naming-convention	Renames use an additive create-new then cutover then delete-old migration	1	9c7238dd	Future workloads are named from the convention at creation	FOLLOW_PARENT	
zitadel-action-webhook	Pre-Access-Token Webhook Endpoint	0	1a51da9e	Valid webhook request receives claim injection response	FOLLOW_PARENT	
zitadel-action-webhook	Pre-Access-Token Webhook Endpoint	1	cc321984	Machine user request is passed through without email	FOLLOW_PARENT	
zitadel-action-webhook	Webhook Authentication via Zitadel-Issued JWT Signature	0	20bd22d6	Request with valid JWT signature is accepted	FOLLOW_PARENT	
zitadel-action-webhook	Webhook Authentication via Zitadel-Issued JWT Signature	1	08f17ac7	Request with invalid signature is rejected	FOLLOW_PARENT	
zitadel-action-webhook	Webhook Authentication via Zitadel-Issued JWT Signature	2	17718e20	Request without a JWT body is rejected	FOLLOW_PARENT	
zitadel-action-webhook	Webhook Reachable Only Within Cluster	0	1ef4cf7b	In-cluster call from Zitadel succeeds	FOLLOW_PARENT	
zitadel-action-webhook	Webhook Reachable Only Within Cluster	1	2fa5e334	External call from the internet is blocked	FOLLOW_PARENT	
zitadel-action-webhook	Webhook Reachable Only Within Cluster	2	d45bee54	Public Connect-RPC listener does not serve webhooks	FOLLOW_PARENT	
zitadel-observability	Alert on Zitadel API request latency p99	0	464cf443	Healthy Zitadel emits no alert	FOLLOW_PARENT	
zitadel-observability	Alert on Zitadel API request latency p99	1	38f15aaf	Sustained hang triggers an alert	FOLLOW_PARENT	
zitadel-observability	Alert on Zitadel API request latency p99	2	36e74f5e	Alert auto-resolves after pod restart	FOLLOW_PARENT	
zitadel-observability	Alert on Zitadel API request latency p99	3	8496735b	Cold-start latency does not false-fire	FOLLOW_PARENT	
zitadel-observability	Alert on backend JWT validation error rate	0	a57fa188	Steady-state JWT validation errors do not trigger	FOLLOW_PARENT	
zitadel-observability	Alert on backend JWT validation error rate	1	567f88dc	Burst of JWT failures triggers within 5 minutes	FOLLOW_PARENT	
zitadel-observability	Alert on backend JWT validation error rate	2	8204de66	Auto-close after Zitadel recovery	FOLLOW_PARENT	
zitadel-observability	Cloud SQL connection-pool dashboard panel for Zitadel database	0	9ace801e	Healthy connection pool	FOLLOW_PARENT	
zitadel-observability	Cloud SQL connection-pool dashboard panel for Zitadel database	1	c981d2b0	Connection-pool saturation visible	FOLLOW_PARENT	
zitadel-observability	Weekly Zitadel API restart CronJob in dev	0	0a240a89	Weekly restart fires successfully	FOLLOW_PARENT	
zitadel-observability	Weekly Zitadel API restart CronJob in dev	1	5a12ef73	CronJob is dev-only	FOLLOW_PARENT	
zitadel-observability	Weekly Zitadel API restart CronJob in dev	2	46e0b812	Annotation enables programmatic cleanup	FOLLOW_PARENT	
zitadel-observability	Operator runbook for the Zitadel hang incident shape	0	fbfd9bdd	First responder follows the runbook successfully	FOLLOW_PARENT	
zitadel-observability	Operator runbook for the Zitadel hang incident shape	1	e926d8ea	Forensic data is captured before restart	FOLLOW_PARENT	
zitadel-observability	Operator runbook for the Zitadel hang incident shape	2	b4bc5f42	Runbook stays in sync with the spec	FOLLOW_PARENT	
zitadel-self-hosted-deployment	Self-Hosted Zitadel Runtime in Each Environment Cluster	0	e65d5463	Issuer reachable at the dev domain	FOLLOW_PARENT	
zitadel-self-hosted-deployment	Self-Hosted Zitadel Runtime in Each Environment Cluster	1	afd9c643	Issuer reachable at the prod domain	FOLLOW_PARENT	
zitadel-self-hosted-deployment	Self-Hosted Zitadel Runtime in Each Environment Cluster	2	d1065ed6	Zitadel version meets PG18 requirement	FOLLOW_PARENT	
zitadel-self-hosted-deployment	Self-Hosted Zitadel Runtime in Each Environment Cluster	3	16113fba	Prod Zitadel uses prod Cloud SQL + prod GSM secrets	FOLLOW_PARENT	
zitadel-self-hosted-deployment	Two-Container Deployment with Path-Based Routing	0	82c7c431	API request reaches the API container	FOLLOW_PARENT	
zitadel-self-hosted-deployment	Two-Container Deployment with Path-Based Routing	1	a5b189c4	Login UI request reaches the Login UI container	FOLLOW_PARENT	
zitadel-self-hosted-deployment	Two-Container Deployment with Path-Based Routing	2	056ace8f	HealthCheckPolicy targets chart-natural Service names	FOLLOW_PARENT	
zitadel-self-hosted-deployment	Two-Container Deployment with Path-Based Routing	3	8baf56ce	Both Deployments are chart-rendered with the expected names	FOLLOW_PARENT	
zitadel-self-hosted-deployment	TLS Terminated at Gateway, Cluster Traffic Unencrypted	0	161466f9	Discovery document advertises HTTPS	FOLLOW_PARENT	
zitadel-self-hosted-deployment	TLS Terminated at Gateway, Cluster Traffic Unencrypted	1	08a25838	In-cluster pods reach Zitadel over HTTP	FOLLOW_PARENT	
zitadel-self-hosted-deployment	Cloud SQL Connection via Auth Proxy Sidecar with IAM Authentication	0	9d1a0f0f	Zitadel connects to Cloud SQL without a password	FOLLOW_PARENT	
zitadel-self-hosted-deployment	Cloud SQL Connection via Auth Proxy Sidecar with IAM Authentication	1	86b38b16	Zitadel skips superuser-only initialization queries	FOLLOW_PARENT	
zitadel-self-hosted-deployment	Cloud SQL Database and IAM User Pre-Provisioned by Pulumi	0	a48bb3a9	Database resources exist after Pulumi apply	FOLLOW_PARENT	
zitadel-self-hosted-deployment	Cloud SQL Database and IAM User Pre-Provisioned by Pulumi	1	cfaa3503	Workload Identity binding exists	FOLLOW_PARENT	
zitadel-self-hosted-deployment	Connection Pool Sized Within Dev Connection Budget	0	1859e892	Dev Helm values carry the reduced pool	FOLLOW_PARENT	
zitadel-self-hosted-deployment	Bootstrap Admin Machine Key Stored in Secret Manager	0	3c46d6e5	First boot writes the admin key	FOLLOW_PARENT	
zitadel-self-hosted-deployment	Bootstrap Admin Machine Key Stored in Secret Manager	1	48b82bed	Subsequent boots skip bootstrap	FOLLOW_PARENT	
zitadel-self-hosted-deployment	Bootstrap Admin Machine Key Stored in Secret Manager	2	62e4e8eb	Unified Zitadel class reads admin JWT in all envs	FOLLOW_PARENT	
zitadel-self-hosted-deployment	Backend MachineKey Lifecycle Tied to Zitadel-Side Identity	0	f093d0ae	keyId in GSM matches Zitadel DB	FOLLOW_PARENT	
zitadel-self-hosted-deployment	Backend MachineKey Lifecycle Tied to Zitadel-Side Identity	1	91813aec	Force-replace on detected drift	FOLLOW_PARENT	
zitadel-self-hosted-deployment	Backend MachineKey Lifecycle Tied to Zitadel-Side Identity	2	b5bf9071	Both dev and prod produce a Backend MachineKey	FOLLOW_PARENT	
zitadel-self-hosted-deployment	Backend MachineKey Lifecycle Tied to Zitadel-Side Identity	3	203cec10	The legacy backend-app key name is retired after migration	FOLLOW_PARENT	
zitadel-self-hosted-deployment	Masterkey Generated Once and Stored Immutably	0	36edcc80	Masterkey exists after first Pulumi apply	FOLLOW_PARENT	
zitadel-self-hosted-deployment	Masterkey Generated Once and Stored Immutably	1	cc1c9de2	Masterkey is not regenerated on subsequent applies	FOLLOW_PARENT	
zitadel-self-hosted-deployment	Resilient Scheduling on Shared Spot Node Pool	0	f7937faa	Prod runs two replicas	FOLLOW_PARENT	
zitadel-self-hosted-deployment	Resilient Scheduling on Shared Spot Node Pool	1	4cbbbe28	Single-replica dev Deployment drains cleanly during node upgrade	FOLLOW_PARENT	
zitadel-self-hosted-deployment	Resilient Scheduling on Shared Spot Node Pool	2	f5ff393c	Unready pod is excluded from Gateway backend	FOLLOW_PARENT	
zitadel-self-hosted-deployment	Resilient Scheduling on Shared Spot Node Pool	3	b673aafb	Wedged-but-ready pod is recovered by the watchdog, not readiness	FOLLOW_PARENT	
zitadel-self-hosted-deployment	GSM Naming Convention for Zitadel MachineKey Credentials	0	475aced6	Existing MachineKey credentials follow the convention	FOLLOW_PARENT	
zitadel-self-hosted-deployment	GSM Naming Convention for Zitadel MachineKey Credentials	1	aeeb766b	New MachineUser provisioning adopts the convention	FOLLOW_PARENT	
zitadel-self-hosted-deployment	Per-Environment Overlay Topology	0	0a516b53	Prod overlay renders the renamed resources	FOLLOW_PARENT	
zitadel-self-hosted-deployment	Per-Environment Overlay Topology	1	a185c2ca	Dev overlay renders its hostname patch	FOLLOW_PARENT	
zitadel-self-hosted-deployment	Per-Environment Overlay Topology	2	2ba392bc	Prod overlay omits the dev-only CronJob	FOLLOW_PARENT	
zitadel-self-hosted-deployment	Per-Environment Overlay Topology	3	b016529e	Prod overlay overrides env-specific values from base	FOLLOW_PARENT	
zitadel-self-hosted-deployment	Per-Environment Overlay Topology	4	e3ef9680	Dev-only DB grant Job stays out of prod	FOLLOW_PARENT	
zitadel-self-hosted-deployment	Per-Environment Overlay Topology	5	45fecec0	Base HTTPRoute has no hostnames field	FOLLOW_PARENT	
zitadel-self-hosted-deployment	Per-Environment Overlay Topology	6	20d26d30	Prod ArgoCD Application targets the prod overlay	FOLLOW_PARENT	
zitadel-self-hosted-deployment	Single Unified Zitadel Class Across All Environments	0	1f153f93	Single Zitadel class instantiation in src/index.ts	FOLLOW_PARENT	
zitadel-self-hosted-deployment	Single Unified Zitadel Class Across All Environments	1	9164709e	Env-driven differences via map / ternary, not branching wrapper	FOLLOW_PARENT	
zitadel-self-hosted-deployment	Single Unified Zitadel Class Across All Environments	2	74d07044	Zero dev URN churn after unification	FOLLOW_PARENT	
zitadel-self-hosted-deployment	Per-Environment Configuration Values Sourced From Env-Keyed Map	0	7dc61f85	Admin org id sourced from env-keyed map	FOLLOW_PARENT	
zitadel-self-hosted-deployment	Per-Environment Configuration Values Sourced From Env-Keyed Map	1	bde4988e	MonitoringComponent cluster targeting via env-keyed map	FOLLOW_PARENT	
zitadel-self-hosted-deployment	Per-Environment Configuration Values Sourced From Env-Keyed Map	2	f5141016	places.googleapis.com enabled in all environments	FOLLOW_PARENT	
zitadel-self-hosted-deployment	Backend MachineUser Lives in Product Org Across All Environments	0	8640ebb3	backend-app MachineUser lives in product org (any env)	FOLLOW_PARENT	
zitadel-self-hosted-deployment	Backend MachineUser Lives in Product Org Across All Environments	1	700c05d0	Admin org imported via inline import: resource option, env-keyed id	FOLLOW_PARENT	
zitadel-self-hosted-deployment	Backend MachineUser Lives in Product Org Across All Environments	2	01016db9	Provider sourced from GSM admin JWT in all envs	FOLLOW_PARENT	
zitadel-self-hosted-deployment	Cost Guardrails and Observability Applied to All Environments	0	35552fa8	ZitadelMonitoringComponent runs in all envs when Slack channel ESC seeded	FOLLOW_PARENT	
zitadel-self-hosted-deployment	Cost Guardrails and Observability Applied to All Environments	1	cd6adcda	Billing budget materializes when ESC seeded, any env	FOLLOW_PARENT	
zitadel-self-hosted-deployment	Cost Guardrails and Observability Applied to All Environments	2	0288a31e	MonitoringComponent targets the env's actual cluster	FOLLOW_PARENT	
zitadel-self-hosted-deployment	Zitadel Deployment Rendered by Official Helm Chart	0	fd1c8e52	API Deployment originates from the chart	FOLLOW_PARENT	
zitadel-self-hosted-deployment	Zitadel Deployment Rendered by Official Helm Chart	1	9ec96bb0	Login UI Deployment originates from the chart	FOLLOW_PARENT	
zitadel-self-hosted-deployment	Zitadel Deployment Rendered by Official Helm Chart	2	7d585065	Chart version is pinned	FOLLOW_PARENT	
zitadel-self-hosted-deployment	Zitadel Deployment Rendered by Official Helm Chart	3	200b544d	HTTPRoute and HealthCheckPolicy reference chart-natural Service names	FOLLOW_PARENT	
zitadel-self-hosted-deployment	Login V2 UI Routes Outbound Calls Via Cluster-Internal Service Using CUSTOM_REQUEST_HEADERS	0	2b20a789	Login UI Pod reaches the API via cluster-internal Service DNS	FOLLOW_PARENT	
zitadel-self-hosted-deployment	Login V2 UI Routes Outbound Calls Via Cluster-Internal Service Using CUSTOM_REQUEST_HEADERS	1	f4329fcc	API resolves the instance from the public-host header for internal calls	FOLLOW_PARENT	
zitadel-self-hosted-deployment	Login V2 UI Routes Outbound Calls Via Cluster-Internal Service Using CUSTOM_REQUEST_HEADERS	2	8e93a575	Browser traffic still resolves via the authority fallback	FOLLOW_PARENT	
zitadel-self-hosted-deployment	Login V2 UI Routes Outbound Calls Via Cluster-Internal Service Using CUSTOM_REQUEST_HEADERS	3	d137ab24	InstanceHostHeaders is set in the Helm base values	FOLLOW_PARENT	
zitadel-self-hosted-deployment	Login V2 UI Routes Outbound Calls Via Cluster-Internal Service Using CUSTOM_REQUEST_HEADERS	4	7209a78b	CUSTOM_REQUEST_HEADERS is auto-generated by the chart, not overridden	FOLLOW_PARENT	
zitadel-self-hosted-deployment	Login V2 UI Routes Outbound Calls Via Cluster-Internal Service Using CUSTOM_REQUEST_HEADERS	5	5e456724	Interactive sign-in renders without a Gateway 504	FOLLOW_PARENT	
zitadel-self-hosted-deployment	Zitadel Version Upgrades Applied by Pinned-Tag Edit with Boot-Time Migration and Post-Upgrade Verification	0	4e4d778a	Image tag and version label move together to the pinned version	FOLLOW_PARENT	
zitadel-self-hosted-deployment	Zitadel Version Upgrades Applied by Pinned-Tag Edit with Boot-Time Migration and Post-Upgrade Verification	1	65dd1c59	Boot-time schema migration completes before the API is ready	FOLLOW_PARENT	
zitadel-self-hosted-deployment	Zitadel Version Upgrades Applied by Pinned-Tag Edit with Boot-Time Migration and Post-Upgrade Verification	2	c6b749a2	Post-upgrade OIDC and Login V2 verified in prod	FOLLOW_PARENT	
zitadel-self-hosted-deployment	Zitadel Version Upgrades Applied by Pinned-Tag Edit with Boot-Time Migration and Post-Upgrade Verification	3	09d7fc2b	Notification-deadlock posture unchanged by the upgrade	FOLLOW_PARENT	
zitadel-self-hosted-deployment	Outbound HTTP Client Permits In-Cluster Webhook Targets While Retaining SSRF Protection	0	89c8c30a	In-cluster Actions v2 Target call succeeds	FOLLOW_PARENT	
zitadel-self-hosted-deployment	Outbound HTTP Client Permits In-Cluster Webhook Targets While Retaining SSRF Protection	1	8954906e	Token issuance completes with the pre-access-token Target enabled	FOLLOW_PARENT	
zitadel-self-hosted-deployment	Outbound HTTP Client Permits In-Cluster Webhook Targets While Retaining SSRF Protection	2	afdcb028	Cloud metadata endpoint remains denied	FOLLOW_PARENT	
zitadel-self-hosted-deployment	Outbound HTTP Client Permits In-Cluster Webhook Targets While Retaining SSRF Protection	3	acca5d86	Non-webhook private ranges remain denied	FOLLOW_PARENT	
